-0.077104,
0.028408,
0.034264,
-0.077460,
0.063387,
-0.061269,
-0.016891,
0.074577,
-0.069380,
-0.032719,
-0.065199,
0.082329,
0.018055,
0.018184,
0.013800,
-0.031782,
-0.074855,
0.039120,
0.032370,
-0.060447,
0.079695,
-0.044538,
0.041323,
0.084525,
0.087103,
-0.073876,
-0.007549,
0.042596,
-0.009875,
-0.016607,
-0.072336,
-0.034875,
-0.009944,
-0.081764,
-0.043777,
-0.031393,
0.024039,
0.061000,
-0.024131,
0.061465,
0.060738,
0.075637,
0.079221,
-0.039331,
-0.045187,
-0.026286,
0.014087,
-0.080908,
0.085890,
0.006093,
-0.055924,
-0.044319,
0.013047,
-0.023933,
-0.032530,
0.007338,
-0.086277,
0.043989,
-0.020237,
0.087286,
0.004898,
0.007450,
-0.065796,
0.073022,
-0.051850,
0.018821,
0.001640,
-0.029162,
0.064635,
0.024082,
-0.035834,
-0.073047,
-0.066392,
0.008585,
0.012259,
-0.005705,
-0.041196,
-0.009896,
-0.031007,
0.017027,
-0.054984,
-0.078081,
0.063702,
0.043679,
0.006377,
-0.030086,
-0.007977,
-0.024395,
-0.076393,
0.081935,
0.035730,
-0.007886,
-0.043679,
0.064799,
-0.019003,
0.084565,
-0.036633,
-0.068861,
-0.045305,
-0.055175,
-0.063960,
-0.065656,
-0.062756,
0.038415,
-0.003369,
-0.037829,
0.050187,
-0.021028,
-0.029185,
0.024203,
0.022860,
-0.063179,
-0.019726,
-0.062947,
0.018976,
-0.039596,
-0.070242,
0.076102,
0.028704,
0.035181,
0.010143,
0.062625,
-0.047866,
-0.034677,
0.004953,
0.055997,
0.050095,
0.060259,
0.022752,
-0.013160,
0.077007,
0.012862,
-0.057914,
-0.036011,
-0.036970,
0.046340,
0.001989,
0.040268,
0.064883,
-0.029590,
0.028527,
-0.021893,
0.003681,
0.066545,
-0.054796,
-0.045526,
-0.051355,
-0.065283,
-0.086937,
-0.018804,
-0.017929,
0.059026,
-0.040542,
-0.067193,
0.041835,
-0.077261,
-0.020785,
-0.086663,
0.057454,
0.029197,
-0.036523,
0.038283,
0.066709,
0.001551,
-0.072958,
0.001691,
-0.052216,
0.027643,
0.042736,
-0.021589,
-0.007900,
-0.045149,
-0.081997,
-0.000445,
0.060042,
0.060032,
0.046107,
-0.062229,
-0.076732,
-0.016855,
-0.015952,
-0.000767,
-0.053223,
0.049107,
-0.082312,
-0.024683,
0.073970,
-0.054055,
-0.024204,
-0.011713,
0.069326,
0.015517,
0.086301,
-0.055696,
0.009195,
-0.004652,
0.049130,
-0.004599,
0.061323,
-0.035781,
-0.024982,
0.043027,
0.002249,
0.035632,
0.027539,
-0.014739,
-0.044808,
0.035483,
0.079360,
0.037747,
-0.078166,
-0.022533,
-0.023811,
-0.046305,
0.023418,
-0.070098,
0.073082,
0.002746,
-0.033422,
-0.019294,
0.005224,
-0.063138,
-0.066619,
-0.046533,
-0.051075,
-0.031494,
0.025855,
-0.066375,
-0.022646,
0.000841,
0.037747,
0.036555,
0.000376,
-0.057638,
-0.076140,
0.020101,
-0.067702,
-0.078621,
0.085014,
0.019861,
-0.062053,
0.027501,
0.043725,
0.067944,
0.087441,
0.058959,
-0.039166,
-0.079744,
0.023439,
0.009436,
-0.064782,
-0.011898,
-0.017691,
-0.021266,
-0.044807,
0.052900,
0.016820,
0.050671,
0.060711,
0.058668,
-0.012491,
0.013959,
-0.014117,
-0.066420,
0.052702,
0.026431,
0.083085,
0.039560,
-0.003798,
0.058724,
-0.002569,
-0.083271,
-0.018844,
0.081004,
0.076486,
-0.049107,
0.012533,
-0.020963,
0.040840,
0.037895,
0.009654,
0.056302,
0.003350,
-0.011926,
0.081966,
0.053711,
-0.061158,
0.027413,
0.051560,
-0.085914,
-0.080429,
0.070554,
0.073218,
0.000304,
-0.003632,
0.054353,
-0.085622,
-0.018989,
0.039598,
-0.056499,
0.028494,
-0.013375,
-0.069575,
0.078430,
0.054924,
-0.036317,
-0.046774,
0.076388,
0.053441,
0.009819,
-0.083436,
-0.083424,
-0.065830,
-0.072588,
0.002816,
-0.058942,
0.032559,
-0.007896,
0.002046,
-0.057067,
-0.045392,
-0.065886,
0.057915,
-0.074535,
0.048391,
0.045582,
-0.074989,
0.044721,
-0.016441,
0.062296,
-0.078124,
-0.012041,
0.009239,
0.074759,
-0.021989,
0.007992,
-0.039912,
-0.068007,
0.034175,
0.006338,
0.031205,
0.015162,
0.078234,
-0.035350,
-0.036168,
0.035607,
0.009936,
-0.028689,
0.054617,
0.006498,
-0.056475,
-0.012078,
0.084071,
0.018121,
0.064132,
-0.054530,
-0.029014,
-0.034320,
-0.017520,
-0.003362,
0.061772,
0.010141,
0.071971,
-0.079486,
0.027794,
0.049582,
-0.062669,
-0.043771,
0.036672,
-0.058943,
0.078940,
-0.010009,
-0.064242,
0.070542,
0.069005,
-0.063287,
-0.032685,
0.032728,
0.002309,
0.001984,
0.046194,
-0.004950,
0.060504,
0.064796,
0.008840,
-0.042950,
-0.002168,
0.070992,
0.032389,
-0.005546,
0.021236,
-0.041190,
-0.011061,
-0.047038,
-0.004768,
-0.076249,
-0.047955,
0.008670,
-0.024768,
-0.078566,
0.014237,
-0.086991,
0.039240,
-0.078690,
0.076424,
-0.071232,
-0.032292,
0.013754,
0.043285,
-0.008511,
-0.038838,
-0.011381,
-0.068114,
0.045054,
0.075280,
0.070323,
0.006438,
-0.055310,
0.029101,
-0.065338,
0.010316,
-0.039006,
-0.047271,
-0.026620,
0.081522,
0.074722,
-0.056579,
0.012787,
0.002971,
0.061853,
-0.040679,
-0.062272,
-0.011997,
-0.003333,
0.006436,
0.013578,
0.086138,
-0.083008,
-0.001441,
-0.027977,
0.069665,
0.042291,
0.011450,
-0.082223,
-0.032617,
0.031476,
0.084664,
-0.020343,
-0.046025,
-0.028601,
0.044273,
0.050015,
0.041922,
-0.088181,
0.048690,
-0.077015,
-0.012756,
0.080022,
-0.081705,
0.031468,
-0.000532,
0.011842,
0.055064,
0.066050,
-0.023574,
0.040940,
-0.002941,
0.050713,
-0.083870,
-0.046335,
-0.078885,
-0.009161,
-0.051288,
-0.052231,
0.011855,
0.066937,
-0.057622,
0.007711,
0.005516,
-0.087067,
-0.005729,
0.069282,
-0.073928,
-0.013627,
-0.073361,
-0.045460,
0.036544,
-0.040885,
0.040961,
-0.034905,
0.037175,
0.012088,
0.022284,
0.057035,
-0.075640,
-0.086653,
-0.002440,
-0.030305,
-0.067693,
0.022286,
0.078452,
0.049420,
-0.064148,
0.061674,
-0.064730,
0.065684,
-0.008619,
-0.074533,
-0.040419,
-0.065370,
-0.070376,
0.045093,
-0.042327,
0.076232,
0.015323,
-0.040942,
0.073223,
0.066836,
-0.003606,
0.051709,
0.077508,
0.058978,
0.086135,
0.049099,
0.040943,
-0.030446,
-0.051815,
0.032911,
0.075704,
-0.031192,
0.022756,
-0.019801,
-0.027796,
0.017669,
-0.010750,
-0.016108,
-0.064448,
-0.086427,
-0.034439,
-0.049709,
-0.061747,
-0.011152,
0.024030,
-0.014912,
0.057825,
0.048828,
-0.061725,
0.013417,
-0.034482,
-0.056836,
0.018503,
0.075031,
0.030823,
-0.013831,
0.000626,
0.017866,
-0.013524,
0.064761,
0.007406,
0.046432,
0.020952,
-0.028138,
-0.033080,
0.017834,
0.058441,
0.049313,
-0.018141,
-0.081203,
-0.006187,
0.063490,
0.069180,
0.002716,
-0.007669,
0.047963,
-0.024825,
-0.013005,
-0.016234,
0.040321,
-0.023214,
0.046328,
0.014926,
0.053992,
-0.064278,
-0.074469,
0.020081,
-0.044371,
0.020264,
0.043838,
-0.026993,
0.079544,
0.074341,
-0.033575,
0.037168,
0.039980,
-0.059856,
0.050838,
0.053549,
0.042393,
0.009115,
0.065465,
0.056223,
0.061074,
0.035482,
0.083697,
0.002257,
-0.058121,
-0.052777,
-0.057246,
-0.027330,
0.083491,
-0.022367,
-0.041166,
0.085936,
-0.046995,
0.034191,
-0.070221,
0.018809,
0.002330,
-0.053573,
0.023179,
0.018704,
-0.065140,
-0.067024,
0.026625,
0.056962,
0.060643,
-0.082037,
0.028986,
0.056677,
0.050511,
0.033749,
0.001499,
-0.056700,
-0.037837,
0.043781,
0.066522,
-0.016685,
0.025001,
0.031270,
-0.040850,
0.035832,
-0.071887,
0.038131,
0.001515,
0.086535,
-0.014244,
-0.027052,
-0.058309,
0.074952,
-0.082949,
-0.026766,
-0.003618,
-0.029673,
-0.052038,
0.076797,
0.084574,
0.068190,
0.088439,
-0.082438,
0.009686,
0.044299,
0.002379,
0.061882,
-0.015722,
-0.069165,
-0.010411,
-0.036573,
0.017527,
-0.056705,
-0.006249,
-0.037037,
-0.082022,
-0.018813,
0.003086,
0.065420,
-0.051253,
0.075234,
0.057845,
-0.019823,
0.048122,
-0.047178,
0.071363,
0.004254,
-0.044400,
0.016483,
-0.036857,
-0.031239,
0.072496,
0.035541,
0.066861,
-0.008253,
0.034001,
-0.070344,
0.075598,
0.054578,
0.036540,
0.026389,
0.038855,
-0.004695,
0.024740,
0.031806,
-0.046150,
0.054510,
0.069378,
0.021812,
-0.063307,
0.045403,
0.032330,
-0.055633,
0.047461,
0.085576,
-0.049262,
0.061029,
0.076319,
-0.016992,
-0.055381,
0.066011,
0.013714,
-0.025794,
0.051770,
0.020006,
0.066442,
0.018227,
-0.046918,
-0.035219,
0.022474,
-0.040613,
0.072089,
0.028453,
0.069458,
0.066384,
-0.050596,
0.019312,
-0.060526,
-0.034787,
-0.081302,
-0.039528,
0.056686,
-0.044481,
-0.068806,
-0.002595,
-0.017643,
-0.001228,
0.023978,
-0.062589,
-0.070998,
0.054842,
-0.032686,
0.029975,
0.036094,
-0.088061,
0.052851,
0.024698,
0.007440,
-0.072593,
-0.020102,
0.062644,
-0.055086,
0.046510,
-0.025134,
-0.011384,
0.044150,
0.016833,
-0.068613,
0.058808,
0.086099,
-0.009314,
0.042580,
0.013091,
-0.040242,
-0.048567,
0.086606,
-0.031982,
0.042351,
0.018865,
0.041300,
-0.023632,
0.006179,
-0.007677,
0.058421,
0.048306,
-0.069476,
0.043081,
0.046090,
-0.018210,
0.016433,
0.034942,
0.088206,
0.022928,
0.049666,
-0.045872,
0.002756,
0.046584,
0.021135,
-0.010576,
-0.020206,
0.005778,
0.023430,
-0.077976,
0.075899,
0.032214,
-0.040349,
0.010849,
0.044956,
-0.061117,
0.086762,
-0.052278,
-0.017977,
-0.078147,
-0.072142,
0.016256,
0.043620,
0.044289,
0.021335,
-0.005257,
0.037340,
-0.077091,
0.084693,
0.072130,
-0.019551,
0.010440,
0.009450,
0.056778,
0.068295,
-0.073004,
0.016701,
-0.036717,
0.083738,
-0.068149,
0.071083,
-0.021219,
0.083221,
-0.071336,
-0.059563,
-0.048611,
0.089342,
-0.017962,
-0.057263,
-0.063195,
0.027251,
0.048935,
-0.037836,
0.064898,
0.034682,
0.005198,
0.003867,
-0.002517,
0.060826,
-0.033113,
-0.027551,
-0.039312,
-0.074163,
0.056599,
0.009743,
0.029193,
0.026534,
0.056039,
-0.083670,
0.039115,
-0.066220,
-0.040491,
-0.053815,
-0.064533,
-0.082099,
0.001793,
-0.052247,
0.075485,
-0.071094,
-0.014166,
-0.019977,
0.034206,
-0.083017,
-0.050312,
0.010965,
0.028765,
-0.047684,
0.044876,
-0.073570,
-0.029837,
-0.009914,
-0.000432,
-0.032122,
-0.039740,
0.015401,
0.029228,
0.024843,
-0.050597,
0.042139,
0.070075,
-0.057775,
0.017660,
0.080171,
-0.034473,
0.017014,
-0.029686,
-0.047904,
-0.056066,
0.035747,
-0.065146,
0.080920,
-0.024931,
-0.025232,
0.057146,
-0.069363,
-0.006843,
0.010084,
-0.013365,
-0.028055,
-0.077915,
0.010901,
-0.072985,
0.032655,
0.055835,
-0.018772,
0.047885,
-0.046679,
0.001803,
-0.016737,
0.082902,
0.079274,
-0.060003,
-0.024397,
0.067979,
0.053624,
0.011494,
-0.084712,
0.024989,
-0.075153,
0.090446,
-0.027232,
0.004380,
0.003888,
0.014795,
-0.049745,
-0.005716,
-0.049159,
-0.075315,
0.067486,
-0.034619,
0.062226,
-0.059613,
-0.004349,
0.037460,
0.074146,
0.083630,
0.043761,
-0.048625,
0.023232,
-0.038089,
0.065619,
-0.051537,
-0.078069,
-0.071080,
0.058408,
-0.018407,
0.000996,
-0.008966,
0.022828,
-0.005766,
0.032182,
-0.041410,
-0.021433,
-0.061565,
-0.077052,
0.000118,
0.046405,
0.015718,
-0.081078,
-0.054758,
-0.078472,
-0.020870,
0.068778,
-0.069958,
-0.034127,
0.016521,
-0.023306,
0.015388,
0.013192,
0.050498,
-0.034759,
-0.002625,
0.037217,
0.069165,
-0.067286,
0.073914,
0.078991,
-0.064787,
-0.049954,
0.046540,
-0.012846,
-0.025345,
0.059660,
-0.063042,
-0.013174,
-0.014461,
0.060337,
-0.071273,
-0.005635,
-0.085363,
-0.080880,
-0.055097,
-0.028713,
-0.019333,
-0.055091,
-0.055662,
0.085219,
0.033679,
0.038727,
-0.023924,
-0.059532,
-0.014307,
-0.028882,
0.000030,
0.032493,
-0.046573,
-0.051537,
-0.026316,
-0.046417,
-0.028302,
0.051934,
-0.011415,
-0.048057,
0.067980,
-0.083769,
0.013363,
-0.024673,
-0.053789,
0.072553,
-0.041445,
-0.055999,
-0.019354,
-0.068511,
-0.071252,
0.058738,
0.000670,
-0.008152,
-0.059887,
-0.033168,
0.069819,
-0.030641,
-0.037687,
0.028121,
-0.029025,
0.080994,
0.018708,
-0.016180,
-0.055957,
0.077568,
0.035722,
-0.083205,
0.012211,
-0.050991,
-0.025640,
-0.064965,
-0.038639,
-0.031713,
0.003631,
-0.044028,
0.017981,
-0.029885,
0.025183,
0.025800,
-0.039324,
0.018267,
0.000389,
-0.030547,
0.079704,
0.032172,
-0.033179,
-0.041638,
0.015335,
0.047040,
-0.073669,
-0.032000,
-0.009942,
0.035587,
0.076049,
0.019886,
0.016372,
-0.034278,
-0.043738,
0.073846,
0.055162,
0.020274,
0.001010,
-0.006054,
-0.006241,
0.012904,
-0.059711,
0.087222,
-0.065809,
0.027268,
-0.022633,
0.019300,
-0.030231,
0.024895,
0.067393,
-0.035991,
-0.037910,
-0.087191,
0.010887,
0.021770,
0.046132,
-0.080553,
0.057458,
0.063456,
-0.045717,
-0.030639,
-0.026174,
0.017041,
0.054116,
-0.088416,
-0.002887,
-0.000325,
-0.041351,
-0.003186,
-0.084847,
-0.069269,
0.033789,
0.071670,
-0.009968,
0.077765,
-0.053589,
-0.052881,
-0.010180,
0.026929,
0.071418,
0.028435,
-0.028154,
0.018181,
0.020474,
-0.028261,
-0.090016,
0.060064,
-0.034297,
-0.062212,
-0.085091,
-0.034882,
0.066579,
0.049840,
0.063181,
-0.065394,
0.018171,
0.062880,
0.068719,
0.022753,
-0.051475,
-0.036383,
-0.054976,
-0.062170,
0.082702,
0.073446,
-0.068407,
0.002163,
0.046287,
-0.039578,
0.075345,
0.001839,
0.056362,
-0.041247,
0.037103,
0.038520,
0.076700,
-0.018333,
0.055840,
0.059493,
0.037215,
0.036858,
0.036832,
0.065414,
0.038939,
0.056101,
-0.077196,
-0.006056,
0.069196,
-0.084955,
-0.045374,
0.076866,
0.044200,
-0.068658,
0.009089,
-0.008292,
0.051876,
0.082113,
-0.075606,
-0.064530,
-0.059385,
-0.027800,
-0.083366,
0.032762,
-0.000367,
-0.036261,
0.007184,
0.067016,
-0.069001,
0.047723,
0.054719,
0.052895,
-0.054426,
-0.003285,
-0.081633,
0.055500,
-0.027705,
0.037064,
0.005262,
0.071633,
0.025556,
0.068223,
-0.020380,
0.054630,
0.060364,
0.031014,
0.018554,
0.032805,
0.069974,
-0.070427,
0.078775,
0.068709,
-0.069400,
0.048006,
-0.051057,
-0.023999,
0.001933,
-0.001917,
0.079378,
0.019211,
-0.068651,
-0.050497,
0.026993,
0.008631,
-0.075680,
0.038219,
-0.044365,
0.013269,
0.030874,
0.084981,
0.051318,
0.023748,
0.032484,
-0.026180,
-0.064051,
0.033648,
-0.072821,
-0.057149,
-0.035347,
-0.012475,
-0.015822,
-0.046721,
0.072342,
0.007971,
-0.045002,
0.026280,
0.086552,
-0.058223,
-0.032621,
0.021783,
-0.044556,
-0.061177,
0.070163,
0.011086,
0.017707,
0.015020,
-0.012011,
-0.029527,
0.009305,
-0.005326,
0.060388,
0.000582,
-0.067646,
-0.057076,
-0.000188,
-0.064813,
-0.014355,
-0.040000,
0.068744,
-0.008956,
0.068207,
0.023202,
-0.066416,
-0.060079,
0.002566,
-0.067558,
-0.072803,
-0.036123,
0.064937,
-0.010472,
-0.013740,
0.063530,
-0.075967,
0.036083,
-0.028619,
0.030391,
0.048227,
0.076190,
-0.042720,
0.016960,
-0.057332,
-0.026984,
0.056028,
0.074648,
0.030957,
-0.018522,
0.008913,
0.040636,
-0.055469,
-0.075560,
-0.014179,
0.022783,
-0.045443,
0.013360,
-0.036479,
-0.037910,
0.029335,
-0.084952,
-0.050451,
-0.060262,
-0.026638,
-0.027276,
-0.007600,
0.076758,
-0.079469,
0.004931,
0.059457,
-0.095579,
0.065541,
-0.036421,
-0.010435,
-0.084648,
-0.070273,
-0.036548,
0.051029,
-0.026792,
0.085759,
0.056072,
-0.017060,
-0.004052,
-0.032780,
-0.050242,
0.014851,
-0.031919,
0.076551,
0.082778,
0.067172,
0.063728,
0.024034,
0.025886,
-0.062007,
-0.045312,
-0.066308,
-0.021413,
-0.078444,
-0.061464,
0.029416,
0.036295,
0.023974,
-0.061178,
-0.080431,
-0.033527,
-0.010855,
-0.042374,
0.043139,
0.084284,
0.068207,
0.032000,
-0.056901,
-0.045868,
0.056398,
-0.076340,
-0.071024,
0.063302,
-0.001690,
0.053830,
0.071242,
0.083201,
0.082254,
0.013004,
0.016265,
-0.082373,
-0.029004,
0.012186,
0.019083,
-0.089677,
0.000912,
-0.035400,
-0.014202,
0.058964,
-0.088344,
-0.083531,
0.079892,
-0.071240,
0.053659,
-0.018783,
0.022327,
0.021120,
0.046383,
-0.084047,
-0.003324,
0.078145,
0.049921,
-0.054845,
-0.081931,
-0.044667,
-0.030622,
0.082069,
0.058346,
-0.035148,
-0.003349,
0.022258,
0.038621,
0.001194,
-0.014868,
0.013883,
-0.072102,
-0.080101,
-0.076990,
0.002799,
-0.018029,
-0.082052,
-0.073516,
0.081655,
-0.027789,
0.053206,
0.043760,
-0.058954,
0.002425,
-0.054890,
0.012068,
0.052169,
0.016730,
-0.077485,
-0.076991,
-0.070134,
-0.066380,
0.013244,
0.006199,
-0.034105,
0.049731,
0.027372,
0.079386,
-0.066255,
-0.048545,
-0.018268,
0.082706,
0.059530,
0.030277,
-0.081199,
0.082224,
-0.032267,
0.053427,
-0.005452,
-0.079491,
0.072573,
-0.004296,
-0.059105,
0.023794,
-0.035253,
-0.045141,
-0.001390,
-0.071828,
0.086750,
0.041012,
-0.088340,
0.000812,
-0.035302,
0.013662,
-0.029099,
0.043286,
-0.050999,
-0.046235,
0.048787,
-0.007459,
0.010459,
-0.070316,
-0.036846,
0.082355,
0.084139,
0.077597,
-0.075178,
0.071608,
-0.048117,
-0.033991,
0.053156,
-0.018030,
0.016318,
-0.035391,
-0.012804,
-0.079121,
-0.068672,
0.019751,
-0.069218,
0.068791,
0.072649,
-0.027077,
0.030003,
-0.060516,
0.021283,
0.009599,
-0.082509,
-0.083959,
0.059092,
0.077554,
-0.018799,
0.074228,
-0.049659,
0.060171,
0.029075,
0.032309,
0.039508,
0.076903,
0.048702,
0.045865,
0.076959,
0.071379,
-0.054631,
-0.015316,
0.065367,
0.009449,
0.038157,
0.013287,
0.043742,
0.078647,
-0.046712,
0.021284,
-0.006178,
0.057176,
-0.039895,
0.067880,
-0.060206,
-0.084596,
0.023723,
0.031142,
0.025752,
-0.004601,
-0.038125,
-0.002364,
-0.067044,
0.002492,
-0.063999,
-0.001582,
-0.041547,
0.030570,
-0.058278,
0.003997,
0.011548,
-0.074041,
0.061219,
0.047214,
-0.048297,
0.053036,
-0.046148,
0.084885,
-0.007638,
-0.005095,
0.002476,
0.041972,
-0.048926,
0.078220,
0.048103,
-0.027814,
-0.049426,
-0.051383,
0.020694,
-0.005303,
0.039883,
0.075030,
0.004014,
0.038873,
0.059976,
0.064927,
0.028452,
-0.012665,
-0.011233,
0.012539,
0.012877,
0.011724,
0.014255,
0.013469,
-0.015734,
-0.049942,
-0.023486,
0.037961,
0.018992,
-0.086539,
0.026757,
0.043741,
0.079718,
0.044260,
-0.084869,
-0.037242,
-0.075652,
0.070837,
-0.071190,
-0.002327,
0.017130,
-0.051615,
0.048127,
0.024277,
-0.013986,
-0.026491,
-0.053947,
0.038829,
-0.019563,
-0.073603,
-0.033291,
0.003395,
-0.054533,
-0.040827,
0.085526,
0.057211,
-0.004441,
-0.016273,
-0.059068,
-0.067261,
0.048063,
0.039151,
-0.006499,
-0.077941,
0.043722,
0.021060,
0.064570,
-0.042429,
0.050403,
-0.009511,
0.036707,
0.031724,
-0.072710,
-0.033095,
0.047026,
-0.063904,
-0.057515,
-0.055686,
-0.025626,
0.047282,
0.082618,
-0.008460,
0.068079,
0.037440,
-0.075269,
-0.043031,
-0.027673,
-0.043368,
-0.081931,
-0.031655,
0.040734,
-0.038226,
0.017782,
0.062966,
0.061456,
0.049493,
-0.039231,
-0.061646,
-0.043021,
-0.057933,
0.083728,
-0.051090,
0.031133,
-0.047207,
-0.023663,
-0.081807,
-0.026243,
-0.053479,
0.035469,
0.010918,
-0.087063,
0.035988,
-0.027574,
-0.017362,
-0.071337,
0.077377,
-0.086972,
0.039673,
-0.052720,
0.016701,
0.007910,
-0.017856,
0.033578,
-0.017057,
-0.013756,
-0.021122,
-0.068712,
-0.043735,
0.013464,
-0.053010,
-0.082373,
0.078377,
-0.034479,
0.081639,
0.074205,
-0.050136,
0.072211,
-0.021739,
0.063235,
0.017010,
-0.055208,
-0.039381,
0.026704,
0.037618,
-0.008694,
-0.065415,
-0.010766,
0.083666,
0.005679,
-0.063889,
-0.042780,
0.014967,
-0.083618,
0.022781,
0.049798,
-0.016776,
0.078366,
-0.000730,
-0.041490,
-0.028533,
-0.086952,
0.025186,
-0.017116,
-0.028318,
0.073041,
-0.086602,
0.074764,
-0.072170,
0.025364,
-0.046751,
-0.020861,
-0.076255,
0.030557,
0.049956,
-0.006625,
0.002862,
-0.070180,
0.017428,
-0.065990,
-0.015697,
0.021884,
0.044481,
0.062610,
-0.060572,
0.017657,
-0.082717,
0.042268,
-0.065404,
-0.003998,
0.014831,
0.042740,
-0.085993,
-0.017000,
0.048314,
-0.045993,
0.036519,
-0.020021,
-0.079874,
-0.027440,
0.080325,
0.021471,
-0.068836,
-0.051630,
-0.000157,
0.016274,
0.059863,
-0.021575,
0.025471,
-0.064824,
-0.065399,
-0.031871,
-0.065955,
0.007287,
0.033867,
-0.025596,
-0.030308,
-0.011126,
-0.009454,
0.018881,
0.045164,
-0.009548,
0.061732,
-0.065201,
-0.021967,
0.037398,
0.018013,
0.069173,
-0.050244,
-0.000672,
0.041172,
-0.025065,
0.056625,
0.035947,
0.084332,
-0.056668,
0.054198,
0.044170,
0.027953,
0.033722,
0.002220,
-0.064346,
0.062628,
0.003427,
-0.043203,
-0.033099,
0.050499,
0.064363,
-0.014378,
0.072013,
0.027382,
-0.070927,
0.066516,
0.078563,
0.087479,
0.042683,
0.033768,
0.052092,
-0.055727,
-0.002038,
0.010133,
-0.048612,
-0.057404,
-0.039958,
-0.072254,
-0.046741,
-0.010594,
-0.045220,
0.075611,
-0.031060,
-0.030151,
-0.034028,
-0.047839,
-0.074702,
-0.005474,
-0.002644,
0.047507,
-0.055496,
-0.075399,
0.000788,
0.077311,
0.023066,
-0.060574,
0.005131,
-0.045076,
-0.052584,
0.001969,
-0.085933,
-0.039954,
0.030323,
-0.052214,
0.021511,
-0.023550,
-0.001329,
0.064010,
-0.073275,
-0.085302,
-0.063857,
0.054452,
0.046505,
-0.027510,
-0.009923,
-0.077051,
0.012716,
-0.036303,
0.051917,
0.001274,
0.085115,
0.022035,
-0.050411,
-0.025722,
0.067559,
-0.049603,
0.086898,
0.020232,
-0.055434,
-0.020399,
0.001464,
-0.000630,
0.035161,
0.024237,
-0.066966,
-0.050405,
-0.026122,
0.024126,
0.051196,
-0.051458,
0.025434,
0.068202,
0.086303,
-0.078345,
-0.072411,
-0.048678,
0.064977,
-0.023534,
0.003498,
-0.076910,
0.006392,
-0.067998,
0.031523,
-0.053305,
-0.007387,
-0.079973,
0.004442,
0.018048,
0.038247,
0.056119,
0.048177,
0.010929,
-0.027219,
0.078618,
0.044623,
-0.068112,
-0.077018,
0.052124,
-0.008696,
-0.043694,
-0.010769,
-0.002593,
-0.007776,
0.002323,
-0.072908,
-0.048140,
-0.024200,
0.079505,
0.059734,
-0.055827,
0.033578,
0.024461,
0.020344,
0.084605,
0.079011,
0.043640,
-0.068089,
0.075637,
0.006750,
-0.054278,
-0.024447,
0.076463,
-0.060373,
0.060455,
0.008864,
-0.027763,
-0.039527,
-0.053652,
0.005853,
0.008453,
-0.017618,
0.013008,
-0.044673,
-0.086551,
0.021982,
-0.032586,
0.044195,
-0.075671,
0.067978,
-0.069096,
-0.043177,
-0.066198,
-0.027652,
-0.071022,
-0.040675,
-0.049465,
0.032628,
-0.077120,
-0.008859,
-0.033115,
0.046849,
0.020670,
0.083517,
-0.066068,
-0.065728,
-0.013966,
0.037132,
0.028701,
-0.048987,
-0.016712,
0.072764,
0.016181,
-0.040676,
0.024062,
0.034168,
0.008277,
0.030975,
-0.057485,
0.040158,
0.082376,
-0.074311,
-0.024253,
-0.024215,
-0.047275,
-0.016499,
0.001437,
0.069071,
0.015913,
-0.051070,
0.001456,
-0.001284,
-0.010264,
0.066913,
0.076013,
0.052143,
-0.055497,
-0.064381,
-0.027047,
0.052335,
0.047080,
0.016097,
-0.058458,
0.057785,
-0.011859,
0.045960,
0.047949,
-0.041886,
0.026193,
-0.079618,
-0.082340,
0.035364,
0.029449,
0.001287,
0.060886,
0.021169,
0.007536,
0.086885,
0.040241,
0.034641,
-0.003301,
-0.081005,
-0.024044,
-0.035499,
-0.033857,
0.000507,
-0.080463,
-0.000665,
-0.086484,
0.036212,
-0.085771,
-0.039523,
0.078795,
-0.065300,
-0.084814,
0.051974,
-0.082484,
0.074298,
-0.061460,
-0.045304,
0.054961,
0.033108,
-0.048537,
0.030813,
-0.015994,
0.047774,
0.042335,
0.085662,
-0.019922,
0.042402,
0.054689,
-0.056258,
0.065081,
-0.043981,
-0.011171,
0.039615,
0.029018,
0.071312,
0.038389,
0.062779,
0.056984,
-0.049430,
-0.082856,
-0.082659,
-0.043871,
0.071896,
0.051615,
-0.016113,
-0.043145,
0.005915,
-0.040247,
-0.028449,
-0.036067,
0.015661,
0.045417,
0.044349,
0.076177,
-0.048230,
-0.010024,
-0.023296,
0.019840,
-0.050856,
-0.001220,
0.017660,
0.040150,
-0.045056,
0.078102,
0.022013,
-0.010989,
-0.073637,
-0.000311,
-0.040921,
-0.013823,
-0.021049,
-0.054271,
0.044606,
0.010097,
-0.038199,
-0.078778,
-0.029039,
0.041896,
-0.078458,
0.071164,
-0.002445,
-0.071472,
0.026371,
-0.076578,
0.001147,
-0.016552,
-0.054382,
-0.061191,
0.054398,
0.045393,
0.060335,
-0.005844,
-0.079077,
-0.046008,
0.026008,
0.036978,
-0.068756,
0.087477,
-0.071558,
0.055168,
0.086733,
0.045902,
-0.042805,
0.049852,
-0.079235,
0.008481,
-0.011397,
0.005101,
0.082564,
-0.023435,
0.022913,
-0.024694,
-0.063373,
-0.078362,
0.085096,
-0.061091,
-0.051253,
-0.068608,
-0.010404,
0.009931,
0.008076,
-0.002427,
0.002959,
-0.022379,
0.064561,
0.053924,
0.052890,
-0.023575,
0.083918,
-0.066361,
-0.066939,
-0.040734,
-0.045907,
-0.035063,
-0.080709,
-0.075145,
-0.082894,
0.027803,
0.035332,
-0.045774,
-0.051986,
-0.093103,
-0.040016,
-0.078527,
-0.079202,
0.034724,
0.081399,
0.057537,
-0.033194,
-0.006292,
0.003245,
0.073366,
-0.011606,
0.066887,
-0.050576,
0.086618,
-0.062094,
-0.022577,
0.069552,
0.050894,
0.054840,
0.037287,
-0.030409,
0.045239,
0.015154,
0.073685,
0.011009,
-0.002774,
-0.065445,
0.023201,
0.022416,
-0.073170,
-0.041595,
0.055785,
0.010019,
-0.043023,
0.017638,
0.018155,
-0.076777,
-0.000125,
0.063377,
-0.074040,
-0.048974,
0.034676,
-0.046603,
0.043767,
-0.017675,
0.073619,
0.014949,
0.083287,
-0.024762,
0.084969,
0.004902,
0.013583,
-0.016523,
0.022780,
-0.005475,
-0.062217,
0.010255,
-0.001145,
0.057083,
-0.078430,
-0.075673,
-0.001835,
-0.071032,
-0.074083,
-0.069995,
-0.005863,
-0.067910,
0.052274,
0.071658,
0.070334,
-0.076956,
-0.081716,
-0.025841,
0.083269,
0.063781,
0.025640,
-0.012823,
0.057249,
-0.039914,
0.002728,
-0.059458,
-0.082791,
-0.030754,
0.086697,
-0.020989,
-0.002471,
0.075410,
-0.033077,
-0.050642,
0.080733,
-0.048816,
-0.072861,
0.042937,
0.013319,
-0.054933,
-0.089159,
-0.028435,
0.013649,
0.015244,
0.058225,
0.065362,
0.009114,
-0.083613,
0.012019,
0.061578,
-0.003331,
-0.075892,
-0.012890,
-0.014922,
-0.029278,
-0.078184,
0.028069,
0.069176,
0.022055,
-0.059957,
-0.023166,
0.051327,
-0.080399,
0.044541,
-0.011129,
-0.081493,
0.050165,
-0.004630,
0.023732,
0.056762,
-0.021801,
0.069537,
0.025613,
0.047988,
-0.036228,
0.044352,
0.013043,
-0.023622,
0.061925,
-0.010914,
-0.046972,
0.076972,
-0.052008,
-0.018657,
0.039437,
0.078400,
-0.007644,
0.040382,
0.081958,
-0.052182,
-0.009463,
-0.094138,
0.002920,
0.047470,
0.059682,
-0.079231,
-0.073601,
0.003279,
0.063079,
0.049764,
-0.068170,
-0.005973,
-0.008479,
0.081952,
-0.000134,
0.087222,
-0.051995,
0.018883,
0.081044,
0.049611,
0.029349,
0.009849,
-0.060253,
-0.010487,
0.045430,
0.073507,
0.040519,
-0.079399,
0.054447,
0.015971,
0.084412,
-0.075468,
0.023715,
0.041927,
-0.077327,
-0.047548,
0.021129,
-0.036629,
-0.035391,
-0.030303,
0.065856,
-0.041925,
0.044103,
-0.083923,
0.071044,
0.017111,
0.047509,
-0.034153,
0.039639,
-0.045053,
-0.022849,
-0.034765,
-0.058775,
0.055417,
-0.039186,
0.068638,
-0.044750,
0.043183,
-0.027211,
0.007344,
-0.071700,
-0.070218,
-0.044847,
-0.004823,
0.040891,
-0.033739,
0.025151,
-0.036551,
0.022014,
-0.016016,
-0.070106,
-0.074807,
0.038387,
-0.062010,
0.051961,
0.089934,
0.021816,
0.021814,
-0.011842,
0.052219,
0.039349,
0.059984,
-0.013946,
-0.048649,
-0.010827,
-0.086206,
-0.069049,
-0.059637,
0.013246,
0.050929,
0.042408,
0.064595,
0.023287,
0.047325,
-0.038934,
0.084857,
-0.080013,
0.090010,
-0.012813,
-0.045321,
0.054332,
-0.060721,
-0.087371,
0.015627,
-0.040913,
0.008213,
0.000648,
-0.071558,
0.071805,
-0.018849,
-0.085788,
0.061752,
0.014963,
-0.079420,
-0.010601,
0.052347,
0.043669,
-0.070570,
-0.068316,
-0.016972,
0.045989,
0.053752,
-0.027829,
-0.062179,
0.078324,
0.047757,
0.021073,
0.084105,
-0.071151,
-0.092630,
0.023864,
0.031185,
0.079326,
0.019844,
0.033030,
-0.057036,
-0.019799,
-0.005411,
0.045650,
0.057583,
0.015349,
-0.062028,
-0.008651,
-0.031861,
-0.025347,
-0.090538,
-0.079047,
0.083017,
0.017643,
-0.028407,
-0.056118,
-0.015738,
-0.026627,
-0.044970,
0.066305,
-0.044352,
0.075220,
0.042410,
-0.053919,
-0.015023,
-0.008943,
0.012296,
-0.076357,
0.039650,
-0.055488,
-0.069584,
-0.007603,
0.061702,
-0.094912,
-0.044824,
0.039219,
-0.035822,
0.069701,
-0.069582,
0.023696,
0.003293,
0.066334,
0.050760,
-0.089220,
-0.051049,
-0.002619,
0.073328,
0.070320,
0.085601,
-0.001386,
0.078280,
0.052533,
-0.029266,
0.093288,
-0.040457,
-0.079002,
-0.063955,
-0.013506,
-0.022305,
-0.039161,
0.074638,
-0.048409,
0.016963,
-0.022294,
0.037072,
0.042535,
-0.035214,
-0.028056,
0.004078,
-0.007663,
-0.021178,
-0.011375,
-0.061191,
0.077676,
-0.023231,
-0.017839,
0.028689,
0.018946,
-0.053190,
-0.024470,
-0.013542,
-0.063109,
0.031083,
0.020532,
-0.038456,
0.053063,
-0.011082,
0.050718,
-0.033143,
-0.028463,
0.068791,
-0.034148,
-0.014745,
0.040924,
-0.084256,
0.012332,
0.061469,
0.056284,
-0.073127,
0.037520,
0.016200,
-0.032626,
-0.088196,
-0.017869,
0.058335,
0.032900,
-0.079668,
0.076738,
0.013773,
-0.067635,
-0.006756,
0.025604,
0.022760,
0.078126,
0.002717,
0.027256,
-0.003598,
-0.019889,
-0.011288,
-0.039379,
0.038055,
0.066204,
-0.062371,
0.081123,
0.093324,
-0.079338,
-0.050415,
0.037966,
-0.083639,
-0.041584,
0.008746,
0.080520,
-0.020332,
-0.084106,
0.051041,
0.029948,
-0.003446,
0.027739,
0.043513,
-0.020784,
0.031775,
0.054673,
-0.033211,
-0.005213,
-0.013322,
0.083865,
-0.024723,
-0.040066,
-0.056735,
-0.063118,
0.002450,
0.021628,
0.102290,
0.023610,
-0.044939,
-0.045342,
-0.022496,
-0.094009,
0.055036,
-0.115246,
0.029882,
-0.013385,
-0.042645,
0.035927,
-0.005114,
0.001779,
-0.045963,
-0.020169,
-0.011740,
-0.019043,
-0.079867,
0.075697,
0.001678,
0.084633,
0.037433,
0.072940,
0.017298,
0.046812,
0.038078,
0.076265,
0.053837,
-0.043109,
0.048230,
-0.034566,
-0.040298,
-0.084543,
-0.064573,
-0.074845,
0.039450,
0.009228,
0.009549,
0.027280,
-0.067213,
-0.080438,
-0.000536,
-0.008676,
0.019310,
-0.028740,
-0.010201,
0.041335,
-0.032399,
-0.082235,
0.009939,
-0.031039,
-0.039463,
-0.071036,
-0.018591,
0.069127,
0.051519,
-0.064559,
0.031539,
-0.032800,
0.049986,
-0.012781,
0.051090,
0.014028,
0.083485,
-0.034786,
0.113455,
0.055022,
-0.070300,
-0.030652,
0.032522,
-0.002507,
0.041619,
0.055041,
-0.069470,
0.054971,
-0.066303,
-0.010497,
-0.004230,
0.017482,
0.075160,
-0.056765,
-0.052415,
0.067106,
-0.021902,
-0.025888,
-0.010209,
-0.001264,
0.055911,
-0.046724,
-0.000234,
0.076345,
0.054999,
0.037162,
0.023094,
-0.031502,
0.066365,
0.053225,
0.026207,
-0.091396,
0.023755,
-0.046413,
0.058979,
0.050827,
-0.048390,
-0.061928,
-0.086363,
0.009447,
0.091457,
-0.009377,
0.092997,
-0.026286,
-0.032798,
0.018950,
0.030208,
0.057737,
0.069754,
0.075938,
-0.082157,
-0.089966,
0.044291,
0.018224,
0.012930,
0.033062,
-0.047919,
0.083150,
0.067136,
-0.058920,
-0.047356,
-0.029381,
0.092758,
-0.053980,
-0.029317,
-0.033787,
0.041667,
0.052175,
-0.049194,
-0.068620,
-0.008246,
-0.036052,
0.065220,
0.092480,
0.032946,
-0.062454,
-0.074319,
0.068906,
-0.057025,
0.025640,
-0.032588,
-0.056611,
-0.053666,
0.037424,
-0.054058,
0.028191,
0.065373,
-0.068519,
0.023263,
-0.014996,
-0.025485,
-0.003074,
-0.012045,
-0.058613,
0.015638,
0.060070,
-0.025018,
-0.018122,
-0.058658,
-0.081618,
-0.040803,
-0.080070,
0.043825,
0.075404,
0.041581,
0.051002,
-0.068677,
0.053929,
-0.048884,
0.045691,
0.071559,
-0.000960,
-0.063155,
-0.030480,
0.004293,
-0.069420,
0.037410,
-0.047033,
0.066717,
0.025015,
0.063237,
-0.023844,
-0.053180,
-0.070927,
0.059088,
-0.034582,
0.028638,
-0.002857,
-0.007211,
0.030185,
-0.011631,
-0.044617,
0.080088,
0.014337,
0.046053,
0.068618,
-0.005219,
0.014204,
0.049034,
0.006234,
0.073188,
-0.010380,
-0.074724,
0.072109,
0.074007,
-0.008895,
0.034046,
0.031064,
-0.004136,
-0.065047,
0.014664,
0.013230,
-0.020911,
0.007832,
0.046053,
0.024524,
0.090533,
-0.069199,
-0.023557,
-0.027926,
0.042372,
0.028466,
0.024376,
0.026360,
0.043341,
-0.058740,
-0.064850,
0.079531,
-0.071395,
0.075543,
0.055641,
-0.012102,
0.093229,
-0.039084,
-0.071730,
0.083123,
0.021098,
0.084457,
0.007685,
0.015077,
0.057717,
-0.041675,
-0.055591,
-0.084954,
-0.057621,
0.050749,
0.040804,
-0.085176,
0.031466,
-0.000129,
0.079619,
0.017147,
0.047810,
0.032262,
0.004582,
-0.058446,
0.036192,
0.045957,
0.046575,
-0.001343,
0.020763,
0.058740,
0.042526,
0.050136,
-0.008023,
0.040811,
-0.045419,
-0.000147,
0.008242,
-0.051461,
-0.034520,
-0.013996,
-0.042729,
-0.018058,
0.045693,
-0.012853,
-0.010973,
0.020843,
-0.074910,
0.076937,
0.055337,
0.032921,
0.060312,
0.056385,
-0.033446,
0.011236,
0.025275,
0.032392,
0.061309,
0.018953,
-0.059086,
0.047293,
-0.066793,
0.073748,
-0.023900,
0.010071,
-0.022196,
0.032556,
-0.018950,
0.000518,
0.014271,
0.045099,
0.050583,
0.024338,
-0.060641,
-0.038406,
-0.061973,
-0.084523,
-0.036440,
-0.001625,
0.046565,
-0.053265,
0.003743,
0.068478,
0.084757,
0.004686,
0.033158,
0.057349,
-0.004479,
-0.086740,
0.050377,
0.045388,
0.077962,
-0.081790,
-0.016961,
-0.012849,
0.078814,
-0.064259,
0.013200,
0.029345,
-0.062371,
-0.006668,
0.037598,
0.049928,
-0.057714,
0.007772,
0.034921,
0.045907,
0.069152,
-0.080795,
-0.027390,
0.072075,
-0.013030,
0.040532,
0.010276,
-0.082680,
-0.054984,
0.003734,
0.063391,
-0.071658,
-0.050165,
-0.058811,
-0.011698,
0.053020,
0.008823,
-0.013702,
-0.077795,
-0.078740,
-0.079750,
0.020283,
0.016837,
0.048444,
0.077084,
0.023873,
0.075186,
0.037805,
-0.003173,
-0.078456,
-0.076371,
-0.024218,
0.047044,
-0.076371,
-0.077282,
0.016472,
-0.041373,
-0.057269,
-0.029937,
-0.060428,
-0.033908,
0.048457,
-0.053711,
-0.025929,
0.048182,
-0.091684,
0.029374,
0.027198,
0.028226,
0.060831,
-0.042578,
-0.029289,
-0.028222,
-0.034337,
0.051672,
0.008738,
0.060619,
-0.069646,
-0.010270,
0.054532,
0.068603,
0.031445,
0.066769,
0.070950,
-0.056629,
-0.004583,
0.044750,
-0.073457,
0.062449,
-0.035481,
0.011069,
0.048915,
0.041174,
0.029945,
0.000386,
-0.046454,
0.073218,
0.067294,
0.046936,
-0.007072,
-0.054440,
-0.066136,
0.019098,
-0.026982,
-0.058458,
-0.093985,
-0.052234,
-0.069300,
0.020363,
-0.006214,
0.068425,
0.010901,
0.076875,
-0.070613,
-0.036085,
-0.028699,
-0.047282,
-0.001222,
-0.033261,
-0.017835,
0.023697,
-0.052577,
0.007688,
0.074377,
0.072836,
0.023496,
-0.019703,
-0.025106,
0.002591,
0.064295,
-0.031208,
0.034036,
-0.054053,
-0.016423,
0.006398,
-0.050626,
0.034162,
0.014999,
0.012568,
0.051513,
-0.068649,
-0.009825,
-0.067109,
0.002603,
-0.003562,
-0.026224,
0.045789,
-0.039881,
0.027877,
0.009496,
0.056808,
0.068180,
0.016499,
0.028490,
0.020949,
0.060563,
-0.008834,
-0.018904,
-0.066963,
0.069459,
0.032190,
0.034130,
0.018252,
0.049557,
0.000381,
-0.021661,
-0.034065,
0.004979,
0.055822,
-0.092208,
0.091771,
-0.067639,
0.029944,
0.004101,
0.079635,
0.093234,
-0.061745,
-0.064325,
0.017548,
-0.006074,
-0.008932,
-0.044523,
-0.037533,
-0.065025,
0.065163,
-0.042392,
0.007901,
-0.008880,
-0.037237,
-0.008986,
-0.046158,
0.063352,
-0.072679,
-0.077139,
-0.085342,
0.022101,
0.055851,
0.062355,
0.065075,
0.056641,
-0.013181,
-0.084621,
0.086921,
-0.003036,
0.004124,
0.058247,
-0.002090,
-0.022299,
0.055849,
0.008199,
0.015149,
0.067224,
-0.057769,
-0.084875,
-0.042236,
-0.075422,
0.028295,
-0.063735,
-0.049249,
0.065643,
0.056635,
-0.037562,
0.075812,
0.074391,
-0.020079,
-0.041090,
-0.089354,
0.005809,
0.043225,
-0.077915,
-0.032615,
-0.043102,
-0.025358,
-0.047079,
-0.052561,
0.002664,
0.028950,
0.010769,
-0.058547,
0.024504,
-0.046239,
-0.005188,
-0.015812,
0.053756,
0.032308,
0.062114,
0.056757,
-0.018302,
0.057693,
-0.014973,
0.028684,
-0.028479,
0.054967,
-0.031995,
-0.037683,
-0.070538,
0.079203,
-0.024818,
0.008889,
0.026822,
0.074742,
-0.036429,
0.064597,
-0.042551,
0.070478,
-0.067155,
-0.078677,
-0.041401,
-0.024849,
-0.034532,
0.078557,
0.090721,
-0.082082,
0.013814,
0.035971,
-0.000784,
0.036336,
0.004323,
0.017643,
-0.007896,
-0.072059,
-0.024125,
0.022709,
-0.063025,
0.019165,
0.013422,
-0.026664,
-0.093050,
-0.011427,
0.020602,
-0.052099,
-0.065652,
0.040032,
0.029931,
-0.017678,
-0.032499,
-0.075255,
0.019034,
-0.004342,
0.037829,
0.025515,
-0.085290,
-0.028960,
-0.047098,
-0.002484,
0.049160,
0.028495,
0.021138,
0.058141,
0.001138,
0.010162,
-0.085041,
0.009268,
-0.027783,
0.020836,
0.036832,
0.042633,
0.004816,
0.059093,
0.032618,
0.047322,
0.031011,
-0.066650,
-0.037966,
-0.020251,
-0.045683,
0.028432,
-0.051764,
-0.016993,
-0.024263,
-0.058374,
-0.001280,
0.065724,
-0.019238,
0.047457,
-0.066631,
-0.058442,
-0.009824,
0.086793,
0.051585,
0.006067,
0.051654,
-0.036883,
0.051876,
0.016442,
0.057673,
0.069225,
-0.020581,
-0.057942,
0.034338,
0.061296,
0.045379,
-0.044913,
-0.000843,
0.052603,
0.055981,
-0.067764,
0.063453,
0.024098,
0.003417,
0.085112,
0.011905,
-0.080529,
-0.043488,
0.011955,
-0.009817,
-0.061142,
0.036313,
0.018744,
-0.030310,
-0.026332,
-0.034287,
0.053334,
0.033824,
0.073118,
-0.062606,
-0.069895,
-0.062835,
-0.048018,
-0.051655,
0.055412,
0.046538,
-0.037531,
0.068803,
0.002515,
-0.084561,
0.019148,
-0.053237,
0.020976,
0.080281,
0.081987,
0.010183,
-0.048773,
0.028292,
-0.003521,
-0.079978,
0.064953,
0.059755,
0.072385,
-0.053681,
0.081668,
0.018963,
-0.062696,
-0.024701,
-0.078781,
-0.049183,
-0.059119,
0.022701,
-0.002876,
0.071063,
-0.088619,
-0.073411,
0.078629,
0.084755,
-0.013857,
0.018672,
0.069557,
-0.027620,
0.032310,
-0.059045,
0.033393,
-0.047443,
-0.030292,
-0.011024,
0.027931,
0.014465,
0.053082,
-0.043811,
-0.059681,
-0.079383,
-0.076111,
0.073840,
-0.028177,
0.023310,
-0.025594,
-0.029434,
-0.079508,
0.074993,
0.081266,
0.070340,
0.059668,
-0.010729,
0.010515,
0.027978,
-0.012798,
-0.086576,
-0.073620,
-0.009248,
0.010189,
0.006143,
0.069005,
-0.071658,
0.003005,
-0.017772,
0.063586,
0.056943,
0.050631,
-0.051020,
-0.002266,
0.063747,
-0.027409,
0.071506,
0.028053,
-0.031491,
-0.014222,
-0.006611,
0.000666,
-0.061270,
0.062789,
-0.032738,
0.029470,
-0.073723,
0.083915,
0.001598,
0.036029,
0.065384,
0.049048,
-0.023616,
0.083784,
-0.043856,
0.042840,
-0.066289,
0.011073,
-0.002436,
-0.061356,
0.028928,
0.064431,
0.067326,
0.067092,
-0.018785,
0.044401,
-0.042871,
0.041855,
0.027247,
-0.087144,
-0.047830,
0.062491,
0.027360,
0.047209,
-0.021103,
0.064130,
-0.013935,
0.060276,
-0.035446,
-0.085713,
0.006021,
-0.071162,
0.071959,
0.081824,
-0.007822,
0.032478,
0.048501,
-0.051168,
-0.048837,
0.049254,
0.087331,
-0.075946,
-0.051305,
0.056022,
0.071711,
0.009294,
0.042995,
0.028037,
-0.069109,
0.027192,
0.007456,
0.021195,
0.046666,
-0.081699,
0.051700,
0.016277,
-0.035477,
-0.061499,
-0.035504,
0.054690,
-0.023907,
0.011852,
0.057652,
0.046022,
-0.081137,
-0.021541,
0.082505,
0.083629,
0.013414,
-0.053619,
-0.081686,
-0.047063,
0.057068,
0.045139,
0.055446,
-0.061707,
-0.074767,
-0.059883,
0.001324,
0.019291,
0.019788,
0.050937,
-0.063693,
0.063450,
-0.006726,
-0.065843,
0.010695,
0.006031,
0.032107,
0.047422,
-0.041315,
0.055937,
0.084104,
0.065803,
-0.032977,
0.018239,
-0.054843,
-0.035023,
0.066649,
-0.060900,
0.014255,
-0.005906,
0.012573,
0.067147,
-0.021901,
-0.028006,
0.081830,
-0.086511,
0.081910,
-0.053123,
-0.019059,
0.017785,
-0.074491,
-0.059064,
0.005854,
-0.010488,
0.029414,
-0.071399,
-0.031275,
-0.006351,
0.009923,
-0.021767,
-0.016215,
0.008067,
0.040255,
-0.000539,
-0.039318,
0.078858,
0.032804,
-0.019669,
0.004213,
0.055606,
0.055846,
-0.084515,
0.013803,
0.080138,
0.055386,
0.055839,
-0.025688,
-0.049644,
0.009287,
-0.052057,
-0.076806,
0.065527,
-0.031337,
-0.010077,
-0.035514,
0.032572,
0.011435,
0.023887,
0.041491,
0.003892,
0.000728,
0.001169,
-0.060441,
0.040477,
-0.010847,
-0.019015,
-0.086141,
0.082458,
0.079835,
-0.023056,
-0.025865,
-0.007722,
0.069465,
0.010982,
0.081807,
-0.041622,
0.000458,
0.002368,
-0.069274,
-0.000706,
-0.059773,
-0.070594,
0.082404,
-0.056460,
0.000298,
0.073193,
0.017516,
0.077186,
-0.037542,
-0.021093,
-0.054433,
0.002160,
-0.068176,
0.086926,
0.059191,
-0.085154,
0.011979,
0.004474,
0.057723,
0.066574,
-0.063920,
0.002418,
0.006930,
-0.017873,
0.069089,
-0.087299,
-0.015421,
0.010409,
-0.030135,
0.044692,
0.010641,
-0.060584,
-0.054459,
0.068430,
0.038349,
-0.083242,
-0.038105,
0.000762,
-0.073117,
0.031587,
-0.005833,
0.068469,
0.075571,
0.060696,
-0.065775,
-0.003511,
-0.021712,
-0.019572,
0.021494,
-0.003088,
-0.086423,
-0.034737,
0.051447,
-0.085841,
0.042399,
-0.048757,
0.018942,
0.052086,
0.058490,
-0.076872,
-0.015368,
-0.036423,
0.032159,
-0.074026,
-0.071084,
-0.007493,
0.039853,
-0.080606,
0.078375,
-0.050926,
0.065102,
-0.041478,
0.051581,
-0.067030,
0.003886,
-0.056212,
0.038824,
-0.001366,
0.076013,
0.023912,
0.068207,
-0.024558,
-0.010001,
0.000706,
-0.043718,
0.005830,
-0.014098,
0.000006,
0.016748,
-0.013755,
0.012883,
-0.007985,
-0.026830,
-0.006246,
-0.036046,
-0.058593,
-0.038663,
0.073169,
-0.026985,
0.028615,
0.007514,
0.086709,
-0.054902,
0.079496,
-0.069780,
0.084244,
-0.026744,
0.051565,
0.026185,
0.048577,
-0.059370,
-0.056800,
0.060565,
0.048722,
-0.056017,
0.066317,
0.056533,
0.023909,
-0.078080,
0.023014,
-0.085586,
0.049700,
0.048864,
0.070573,
-0.055256,
-0.058403,
-0.036886,
-0.087193,
0.029354,
0.014513,
-0.059540,
0.021023,
-0.035917,
0.037532,
0.005005,
0.058666,
0.031766,
0.075986,
0.079354,
0.054938,
-0.013281,
-0.080682,
-0.082476,
0.006690,
0.082700,
-0.007594,
-0.054728,
0.046623,
-0.047612,
-0.068416,
-0.072165,
-0.039925,
-0.048627,
0.079187,
-0.046679,
-0.043046,
-0.025106,
0.017002,
-0.048027,
0.000182,
0.024119,
-0.001948,
0.087143,
0.024026,
-0.010410,
-0.060215,
-0.014058,
-0.064845,
0.004746,
0.003801,
0.034711,
0.068764,
-0.035689,
0.004305,
-0.022402,
0.077935,
-0.008565,
0.013628,
0.066318,
0.018073,
-0.063183,
-0.080746,
-0.051278,
0.019065,
0.042837,
-0.018023,
0.046228,
0.005406,
-0.034646,
0.055096,
0.007167,
0.009669,
-0.018105,
0.049156,
-0.037385,
-0.029355,
-0.057868,
-0.062751,
-0.041719,
0.077880,
0.027628,
0.065005,
0.037828,
0.014705,
-0.069673,
0.058113,
0.046904,
0.026998,
-0.048945,
0.032770,
-0.046106,
-0.081132,
-0.021165,
0.018258,
-0.038421,
-0.001591,
0.081673,
-0.005237,
0.061905,
-0.066497,
0.049095,
0.030788,
0.076644,
-0.081329,
0.042855,
-0.050866,
-0.014565,
-0.052946,
-0.013097,
-0.006607,
0.067692,
-0.056853,
-0.067370,
-0.041336,
0.068585,
0.072222,
-0.041004,
0.038356,
-0.080987,
0.042531,
-0.049751,
0.019372,
-0.036400,
0.030865,
0.031056,
-0.054586,
-0.086468,
0.028941,
-0.026686,
-0.000450,
-0.067364,
-0.031379,
-0.074566,
0.066136,
-0.015258,
-0.022487,
0.064382,
0.070687,
0.005029,
0.042276,
0.047435,
-0.034704,
-0.057565,
0.081897,
0.035511,
-0.009493,
0.073062,
-0.035687,
-0.061038,
0.082761,
-0.001236,
0.036630,
0.035597,
-0.002207,
-0.007584,
-0.002265,
-0.010837,
-0.068910,
0.032257,
0.076246,
0.072022,
0.049625,
-0.066103,
-0.075870,
-0.019160,
-0.049801,
-0.006821,
0.007450,
-0.080852,
0.041422,
-0.083953,
0.060020,
0.054399,
0.042479,
-0.087014,
0.027794,
-0.048583,
0.066061,
0.025814,
-0.071386,
0.015232,
-0.053989,
-0.082648,
0.029472,
0.085426,
0.075306,
-0.025870,
0.052152,
0.021312,
0.041202,
-0.020370,
0.069859,
-0.055975,
-0.006583,
-0.048955,
0.022530,
0.034773,
0.025984,
-0.082094,
-0.065335,
0.061060,
-0.028651,
-0.008853,
-0.070660,
0.006540,
-0.088802,
0.049602,
0.079678,
-0.031684,
-0.083124,
-0.036164,
-0.046247,
-0.083284,
-0.032198,
0.058526,
0.070564,
0.080800,
0.077081,
0.069479,
0.040858,
0.087781,
-0.048024,
-0.016971,
0.009796,
0.007825,
-0.068370,
0.008096,
-0.000119,
-0.053567,
-0.045451,
-0.070500,
-0.070149,
-0.080054,
0.000081,
0.017902,
-0.070862,
-0.072262,
-0.015471,
0.019100,
0.017142,
-0.085796,
-0.045965,
-0.039786,
-0.037729,
-0.068152,
0.049278,
-0.062540,
0.035092,
0.019170,
0.045127,
0.017531,
0.045709,
-0.074965,
-0.019243,
-0.062738,
0.055699,
0.064837,
0.023476,
-0.079617,
0.014433,
-0.072075,
0.074597,
-0.030828,
-0.066200,
-0.024302,
-0.008918,
-0.055685,
0.027673,
0.056226,
0.027032,
0.022170,
-0.043148,
-0.040556,
-0.086092,
0.016460,
-0.042981,
-0.024138,
0.067103,
0.001254,
-0.072838,
0.082851,
0.002364,
0.019548,
-0.009888,
-0.038546,
-0.022242,
-0.049787,
0.057546,
0.027411,
-0.047314,
0.052430,
0.008305,
-0.003578,
0.000649,
-0.034163,
-0.027495,
-0.056691,
0.052896,
0.040042,
0.087607,
-0.014029,
0.018320,
-0.061344,
0.026004,
0.056582,
-0.074336,
-0.072504,
-0.039439,
-0.021364,
-0.049261,
0.016015,
-0.078024,
0.008553,
0.054607,
-0.029346,
0.067209,
0.018383,
0.025339,
0.036849,
0.075788,
0.070979,
-0.022264,
-0.064066,
-0.065894,
0.046706,
-0.000411,
0.039430,
0.019453,
-0.035644,
-0.074930,
-0.053902,
-0.079767,
-0.057303,
0.063702,
-0.022636,
-0.002267,
-0.058375,
-0.039831,
0.074571,
0.037954,
-0.064108,
0.066114,
0.069520,
-0.048954,
0.081695,
-0.064234,
-0.045941,
-0.043910,
0.077252,
-0.014371,
-0.006701,
-0.083116,
-0.023712,
0.038118,
0.071782,
-0.044967,
0.069786,
0.005198,
0.025391,
0.036700,
-0.046662,
-0.079123,
0.014379,
0.031138,
-0.018745,
-0.058917,
0.078606,
-0.017043,
0.062053,
-0.090328,
0.071670,
0.045863,
0.078119,
0.038631,
0.065578,
-0.037444,
-0.074617,
-0.012046,
-0.076214,
-0.018307,
-0.003452,
0.075220,
-0.027655,
0.060006,
0.030173,
-0.058646,
-0.014143,
0.060006,
-0.046728,
0.038047,
0.024429,
-0.030952,
-0.055402,
0.037348,
-0.055719,
0.046986,
0.066839,
-0.031961,
-0.045877,
-0.054277,
-0.040616,
-0.083721,
-0.069042,
0.093499,
-0.040429,
0.006959,
-0.041092,
0.087426,
-0.042765,
-0.042998,
-0.038114,
0.009749,
-0.029731,
-0.087467,
-0.085050,
0.036204,
-0.024573,
-0.075437,
0.028104,
-0.016155,
0.036471,
0.055145,
0.081968,
0.090043,
0.063088,
-0.037069,
0.015260,
0.075411,
0.018549,
-0.025682,
-0.044114,
-0.021509,
-0.068882,
-0.005683,
-0.078264,
0.070652,
0.101302,
0.012618,
0.066168,
0.060350,
0.077286,
0.008363,
-0.033276,
0.031187,
0.049909,
0.070989,
-0.026598,
-0.058386,
-0.049167,
0.000642,
-0.030719,
-0.050888,
0.010363,
-0.097206,
-0.067267,
-0.077898,
-0.011341,
-0.078155,
-0.046274,
-0.031570,
0.034752,
0.076549,
0.016674,
-0.022119,
0.028342,
0.046663,
0.067034,
-0.052787,
0.067275,
-0.024826,
-0.058937,
-0.012416,
0.017107,
-0.012163,
-0.057165,
0.028680,
0.050686,
0.057161,
0.062942,
-0.078781,
-0.033177,
-0.060466,
-0.061239,
-0.060024,
-0.013211,
-0.013368,
0.028768,
-0.005599,
-0.074534,
0.091475,
0.064141,
-0.031060,
-0.067243,
-0.030833,
0.016603,
0.065558,
0.060370,
0.030121,
0.027524,
-0.024026,
-0.028785,
0.006540,
0.039424,
-0.033919,
0.007774,
0.018614,
-0.068445,
-0.044322,
-0.048631,
0.003113,
0.079125,
-0.024639,
-0.065763,
-0.072502,
-0.115124,
0.037033,
-0.057690,
-0.010324,
-0.081107,
0.069614,
0.059613,
-0.040409,
-0.076306,
-0.058953,
0.043890,
0.075931,
-0.000444,
-0.067538,
0.071572,
0.004733,
0.061687,
0.026895,
-0.062281,
0.027971,
0.070394,
-0.023496,
-0.004887,
-0.060775,
0.062919,
-0.039224,
0.093134,
0.060173,
0.035351,
0.038542,
0.031234,
0.006520,
-0.003512,
-0.072698,
-0.019014,
-0.088349,
0.053728,
-0.049513,
0.068615,
0.012386,
0.035148,
0.101961,
-0.003716,
0.024495,
-0.034049,
0.037492,
-0.038656,
0.053373,
0.054314,
-0.086186,
-0.045448,
-0.013164,
-0.035222,
0.052943,
-0.017193,
-0.031477,
0.005594,
0.049487,
0.051577,
0.107344,
-0.081465,
-0.021141,
0.020105,
0.018038,
-0.022387,
0.036531,
-0.035480,
0.010701,
-0.056133,
-0.033305,
0.016596,
-0.034057,
-0.033409,
0.043929,
-0.073991,
0.060705,
-0.079778,
-0.021721,
-0.059613,
0.012625,
-0.059762,
-0.036647,
-0.036428,
0.033485,
-0.041864,
-0.055668,
0.091186,
-0.035343,
-0.086956,
0.076203,
0.036773,
0.001885,
-0.068834,
-0.067462,
0.065232,
-0.036704,
0.030621,
0.042393,
0.042365,
-0.001859,
0.067725,
-0.054230,
-0.020283,
0.104272,
0.077630,
-0.029362,
-0.091697,
0.025321,
-0.041759,
0.041586,
-0.066541,
-0.087825,
-0.004164,
-0.061601,
-0.049140,
0.023583,
-0.051807,
-0.059158,
0.106661,
-0.025455,
-0.013281,
-0.052898,
-0.082459,
0.042494,
0.000847,
-0.006778,
0.069767,
0.062855,
-0.106690,
0.015663,
-0.075635,
-0.058291,
-0.051338,
-0.049198,
-0.052031,
-0.059432,
-0.003025,
-0.085479,
0.082166,
0.022011,
-0.066443,
-0.009414,
0.029668,
-0.000168,
0.036309,
-0.011467,
0.047567,
-0.074045,
0.040300,
0.021904,
0.093959,
0.051092,
0.007008,
-0.042236,
0.069123,
-0.065819,
-0.040001,
0.006515,
0.076036,
0.027198,
-0.047399,
-0.016976,
-0.085649,
-0.008923,
0.055036,
-0.034421,
-0.066209,
0.035501,
-0.060100,
0.012559,
0.068139,
-0.056456,
-0.036956,
-0.054466,
-0.033795,
0.003231,
0.017027,
-0.085504,
0.069909,
-0.034825,
0.006657,
-0.071414,
-0.030937,
-0.014570,
-0.079578,
0.095593,
-0.013692,
0.032254,
0.018535,
-0.031333,
-0.046534,
-0.056289,
-0.031979,
0.096188,
-0.023520,
-0.047011,
0.028871,
-0.076683,
0.103011,
0.039390,
-0.071452,
0.052492,
-0.055676,
0.046896,
0.040409,
0.074229,
-0.081127,
0.035853,
-0.040694,
0.007772,
0.039931,
0.095470,
0.023511,
0.025808,
-0.042229,
0.043520,
-0.033206,
0.092183,
-0.073320,
-0.069147,
0.004678,
-0.046244,
-0.077181,
0.040578,
-0.054931,
-0.058584,
-0.090193,
-0.112992,
0.045845,
-0.015823,
-0.070126,
0.073067,
0.094143,
-0.020701,
0.024908,
-0.097677,
-0.063046,
-0.046578,
0.044092,
0.007927,
0.002245,
0.049679,
-0.051286,
-0.141301,
-0.054849,
-0.016509,
-0.054321,
-0.007372,
0.068746,
0.083019,
0.005767,
0.038854,
0.074472,
-0.080968,
0.040743,
-0.032858,
-0.023625,
0.079614,
0.049256,
0.054029,
-0.091700,
0.081246,
0.006113,
-0.082175,
0.021617,
-0.000377,
0.058295,
-0.095923,
-0.031439,
0.035682,
-0.052310,
0.030508,
0.009184,
-0.047475,
0.029588,
-0.049918,
-0.001318,
0.001279,
0.079658,
0.018961,
0.040618,
-0.006594,
0.011342,
-0.032213,
0.020826,
-0.039981,
0.001440,
-0.036707,
-0.047034,
-0.087174,
-0.013090,
-0.113032,
-0.050147,
-0.040077,
0.032354,
0.067550,
-0.034906,
0.102121,
0.007870,
0.053988,
-0.044431,
0.008173,
0.074420,
-0.053678,
-0.086720,
-0.054492,
-0.005830,
-0.104968,
-0.096200,
-0.072991,
0.025908,
-0.024442,
-0.005271,
-0.006095,
0.010014,
0.045990,
-0.054827,
0.071694,
-0.007310,
0.048483,
0.002456,
0.058275,
-0.105052,
0.051510,
-0.000606,
0.027894,
0.010690,
0.018025,
-0.048156,
-0.072611,
-0.051157,
0.059263,
-0.062056,
-0.048602,
0.023035,
-0.005042,
0.085966,
-0.110615,
-0.066668,
-0.035168,
0.058301,
-0.005109,
0.030237,
-0.013396,
-0.003565,
-0.011514,
0.085752,
-0.065965,
-0.034697,
0.081659,
-0.094493,
0.002338,
-0.073351,
-0.006208,
-0.031949,
-0.014877,
0.002813,
0.032842,
-0.000937,
0.032139,
-0.015030,
-0.002221,
-0.045764,
0.029962,
0.010064,
0.035781,
0.055246,
0.054387,
0.009909,
0.026612,
-0.069377,
-0.044033,
-0.066498,
-0.019415,
0.090215,
0.038190,
0.015633,
0.103333,
-0.061907,
0.069645,
-0.047680,
-0.077835,
0.046431,
-0.059454,
-0.123723,
-0.003405,
-0.015944,
0.079016,
0.013093,
0.006209,
-0.038815,
-0.062996,
0.059393,
0.043993,
0.018206,
-0.023360,
0.013734,
0.074761,
-0.002457,
0.006023,
0.122799,
0.029991,
-0.029155,
-0.001936,
0.039364,
0.054648,
-0.031387,
0.054792,
-0.038715,
-0.042050,
-0.006443,
0.009992,
-0.049332,
-0.033192,
-0.063561,
-0.040328,
-0.032618,
0.011288,
-0.038563,
-0.072386,
0.063556,
0.073391,
0.046302,
0.090157,
-0.068384,
0.106512,
0.102156,
0.062061,
-0.024880,
0.068234,
-0.085873,
-0.018620,
0.038677,
0.005415,
0.069206,
-0.033021,
0.049885,
-0.031263,
-0.030517,
0.050364,
-0.059667,
0.034772,
-0.033162,
0.014987,
0.041190,
-0.021456,
-0.070282,
-0.030095,
-0.008778,
0.140786,
-0.083403,
-0.052964,
-0.067546,
-0.031980,
-0.041404,
-0.084217,
-0.090277,
0.061293,
-0.038772,
0.085499,
0.044338,
0.000869,
0.047696,
0.038154,
-0.006360,
-0.049175,
0.018230,
0.083154,
0.006841,
0.049330,
-0.057050,
0.092293,
0.006458,
0.025366,
-0.017308,
-0.048241,
0.059268,
0.031062,
0.022909,
0.096437,
-0.025052,
-0.030443,
-0.043060,
-0.087167,
0.063978,
-0.053584,
-0.044933,
0.020871,
0.064213,
0.027942,
0.093370,
-0.058915,
0.025685,
-0.022835,
-0.047397,
-0.086379,
0.071923,
-0.019078,
-0.105211,
-0.060977,
0.002488,
-0.005801,
-0.067216,
0.011373,
0.010639,
-0.024695,
-0.037963,
-0.087440,
-0.083227,
-0.064849,
0.089097,
-0.037889,
-0.045606,
-0.036353,
0.040637,
0.004313,
-0.001210,
0.016049,
0.031012,
-0.054983,
-0.020035,
0.073466,
0.078374,
-0.063706,
0.068733,
-0.061938,
-0.054894,
0.052503,
0.117420,
-0.117401,
0.036642,
0.066861,
-0.019856,
-0.019840,
0.062379,
0.001357,
0.066569,
0.024977,
0.075392,
0.031168,
-0.022202,
-0.046509,
-0.064338,
0.042304,
0.011554,
-0.037631,
0.027455,
-0.092831,
-0.048999,
0.009561,
0.073869,
0.076821,
-0.064546,
0.091557,
0.082448,
-0.066499,
-0.063389,
0.053421,
-0.042264,
-0.012716,
-0.033764,
0.069147,
-0.012788,
0.067335,
-0.041434,
0.071172,
0.073238,
-0.008254,
-0.009604,
0.093477,
-0.037979,
0.051625,
-0.068881,
-0.000454,
-0.050741,
-0.067639,
0.010129,
0.093523,
-0.055878,
-0.015495,
0.011846,
-0.033250,
0.002539,
-0.029111,
-0.074482,
-0.079990,
0.044337,
-0.085638,
0.045379,
0.066197,
-0.034433,
-0.012787,
-0.051376,
0.065124,
-0.000307,
-0.062803,
0.016289,
0.048687,
-0.005473,
0.076465,
-0.033153,
0.064349,
0.066205,
0.042425,
0.007080,
-0.051966,
0.001694,
-0.027720,
0.056276,
-0.009953,
0.063441,
-0.100661,
-0.073696,
0.076675,
-0.022708,
-0.027843,
-0.048689,
0.038118,
-0.045925,
0.011655,
0.060307,
-0.066238,
0.081502,
-0.013567,
-0.030137,
0.024119,
-0.046444,
0.056509,
-0.021293,
0.079436,
-0.092869,
0.057779,
-0.008142,
0.045338,
-0.004865,
-0.031662,
0.044685,
0.010704,
-0.033111,
-0.074042,
-0.026056,
0.075212,
-0.015233,
0.108155,
0.066177,
-0.028592,
-0.020751,
-0.049296,
-0.057574,
0.020337,
-0.014257,
-0.069562,
0.016092,
0.023425,
0.082398,
-0.010329,
0.059848,
0.074274,
0.062122,
0.000331,
-0.058794,
0.070238,
0.045319,
0.017381,
0.063602,
0.086806,
-0.085229,
0.030082,
0.048021,
-0.085431,
0.041505,
-0.059733,
0.068629,
0.056717,
-0.034026,
0.045377,
0.000525,
-0.064415,
0.012498,
0.071820,
-0.056033,
-0.014511,
0.008366,
-0.029145,
0.059067,
-0.009912,
-0.067834,
-0.077111,
0.061197,
-0.016412,
0.006611,
0.000689,
0.028335,
0.084531,
0.067089,
-0.053654,
-0.012439,
-0.056256,
-0.020931,
-0.009058,
-0.044315,
-0.011754,
0.043798,
0.073012,
-0.090058,
0.052237,
0.018797,
0.027628,
-0.055257,
0.059024,
-0.018652,
0.018946,
-0.040784,
-0.080975,
0.022341,
0.014074,
-0.095609,
0.002301,
-0.065869,
-0.012249,
0.032760,
-0.010225,
-0.050238,
0.038727,
-0.002211,
0.062979,
-0.048002,
0.041760,
-0.052787,
0.057264,
-0.031765,
-0.055911,
-0.020953,
-0.005228,
0.025590,
0.023034,
0.031664,
-0.061978,
-0.015890,
0.048442,
0.040877,
0.065882,
0.048096,
-0.037437,
0.018872,
0.087027,
-0.043508,
-0.057732,
-0.040535,
-0.057171,
0.047584,
0.065415,
-0.038919,
0.036368,
-0.001971,
0.055402,
0.069947,
0.020922,
0.066320,
-0.064621,
0.030064,
0.060637,
-0.040798,
-0.099819,
-0.073995,
0.023800,
0.000393,
-0.008315,
0.017121,
-0.060157,
-0.068561,
0.048680,
0.089852,
0.067405,
0.054591,
0.011711,
-0.032727,
-0.078717,
0.017017,
0.079298,
-0.039935,
0.073520,
0.083425,
-0.067497,
-0.004320,
-0.004749,
0.059126,
0.065619,
-0.035116,
-0.077859,
0.006447,
-0.044516,
0.083577,
0.051960,
0.044860,
0.005581,
0.053641,
0.095566,
-0.055672,
0.026625,
-0.033510,
-0.006597,
-0.036732,
-0.037715,
0.031885,
0.023587,
-0.037923,
-0.018782,
-0.029829,
0.080569,
-0.041997,
0.053579,
0.048429,
-0.087033,
0.063590,
0.071682,
0.017964,
-0.017225,
0.053887,
-0.092203,
-0.016084,
0.013578,
0.054719,
-0.085657,
-0.003234,
0.000929,
-0.024068,
0.035753,
0.056679,
-0.065879,
0.069641,
-0.073265,
0.024801,
0.034820,
-0.041905,
-0.008450,
0.011700,
0.072486,
-0.016573,
-0.007510,
0.030080,
-0.029047,
-0.012048,
0.024648,
0.033105,
-0.034189,
-0.012634,
-0.039772,
-0.029584,
-0.065322,
-0.062633,
0.032882,
0.010087,
0.061145,
-0.034770,
0.029412,
0.029000,
0.050293,
0.071043,
0.052046,
-0.081647,
-0.028572,
0.026288,
0.048312,
-0.022775,
-0.036718,
-0.077670,
-0.001454,
0.078926,
-0.074142,
0.062268,
0.002103,
-0.021333,
0.008176,
-0.058771,
0.009003,
-0.086984,
0.079716,
0.051725,
0.003427,
0.081442,
-0.003751,
-0.088048,
0.026481,
0.004197,
-0.054580,
-0.026816,
-0.044922,
0.036018,
0.040096,
-0.023406,
0.020818,
0.005556,
0.001480,
0.020551,
-0.060995,
0.060978,
-0.049964,
0.022926,
-0.063338,
-0.042982,
-0.010812,
-0.017843,
-0.034658,
-0.012574,
-0.076555,
-0.033633,
0.056506,
-0.007549,
0.041336,
-0.042408,
0.063906,
-0.050592,
0.053413,
0.000030,
0.018153,
-0.061841,
-0.006887,
0.053935,
-0.014708,
-0.040233,
-0.059004,
0.082321,
-0.025713,
-0.051313,
-0.014354,
-0.051250,
0.058964,
0.080213,
-0.041583,
-0.007884,
-0.087187,
-0.061720,
0.051517,
-0.002493,
-0.021466,
0.018395,
-0.011022,
0.061449,
0.010351,
0.077238,
0.078223,
0.041617,
-0.021001,
-0.018798,
0.017831,
0.056744,
0.007446,
-0.040459,
0.057829,
-0.056818,
0.060951,
-0.030026,
-0.013262,
-0.037740,
0.010240,
-0.068375,
-0.086064,
0.017803,
0.053761,
0.017354,
0.012067,
0.049626,
0.018987,
-0.023712,
0.021408,
0.055770,
0.021524,
-0.024134,
-0.069165,
-0.015783,
0.008748,
0.055413,
-0.016424,
-0.014211,
0.084654,
-0.044261,
-0.004680,
0.069331,
0.028441,
0.003059,
-0.046387,
0.070507,
-0.005702,
-0.026798,
0.062083,
0.033907,
-0.059498,
-0.045191,
-0.070512,
-0.061792,
-0.036897,
0.023442,
-0.046472,
-0.013846,
0.046042,
0.047888,
0.000718,
-0.078171,
0.042908,
-0.050187,
0.062312,
-0.014977,
-0.074838,
0.047938,
-0.021247,
0.066141,
-0.080719,
0.056809,
-0.015230,
-0.085693,
0.077483,
0.076910,
0.079885,
-0.029048,
-0.042059,
0.051041,
0.010935,
-0.045308,
0.065644,
0.065240,
-0.084008,
0.054776,
-0.015593,
-0.002730,
0.045329,
0.011511,
0.020705,
-0.040081,
0.084158,
-0.034037,
0.011522,
0.084749,
0.072557,
0.027675,
-0.055865,
0.034193,
-0.024051,
-0.004249,
-0.063782,
-0.005278,
-0.066863,
-0.071164,
-0.023190,
0.040238,
0.068149,
-0.011552,
-0.037089,
0.075331,
0.043295,
0.023814,
0.071926,
-0.061834,
-0.082685,
-0.063532,
0.022487,
0.001367,
0.056195,
0.027899,
-0.084754,
-0.046299,
0.006390,
0.049388,
-0.075444,
-0.053555,
-0.045886,
0.046130,
0.040529,
0.057779,
0.018862,
0.058165,
0.030080,
-0.008853,
0.060477,
-0.005224,
-0.053397,
-0.065621,
-0.046668,
-0.034440,
-0.014231,
-0.010114,
-0.004655,
0.062197,
0.005220,
-0.076039,
0.019962,
-0.002474,
-0.054051,
-0.048942,
0.076916,
-0.010785,
-0.031424,
-0.017747,
0.052693,
-0.035458,
0.083389,
0.027818,
-0.031859,
0.065328,
0.037498,
0.079386,
0.061668,
-0.067334,
0.042887,
0.018983,
0.011922,
-0.053516,
0.022842,
-0.075817,
-0.075040,
0.063556,
0.069433,
-0.011126,
0.003425,
0.060140,
0.062915,
0.031390,
0.084176,
0.028094,
-0.069045,
0.004735,
-0.021365,
-0.062064,
-0.063004,
0.042578,
-0.030457,
-0.075599,
0.004769,
-0.040467,
0.033685,
-0.015966,
-0.071368,
-0.036436,
0.070124,
0.084728,
-0.061226,
-0.045681,
-0.074259,
-0.024916,
-0.023420,
0.017541,
0.066932,
0.055400,
0.040330,
-0.047500,
0.026147,
-0.064930,
0.020713,
0.049028,
0.022528,
0.004208,
0.015609,
-0.032328,
-0.040322,
-0.086398,
-0.055007,
0.061375,
-0.068469,
0.040181,
0.047275,
0.045314,
0.050204,
-0.003793,
0.024347,
0.032719,
0.054414,
-0.034781,
0.031819,
-0.005103,
-0.068252,
-0.038335,
0.012830,
0.086638,
0.068186,
-0.018990,
0.014238,
0.086722,
-0.011896,
-0.021177,
-0.020408,
-0.015752,
0.042662,
0.074774,
0.042210,
-0.066869,
-0.015216,
0.046002,
0.017394,
-0.055009,
0.064390,
-0.084666,
0.038937,
-0.040591,
-0.005454,
-0.007088,
-0.011257,
0.027832,
0.062983,
0.056826,
0.025118,
-0.016467,
-0.017717,
-0.086011,
-0.068898,
0.032199,
0.021170,
-0.079497,
-0.021145,
-0.086252,
-0.022193,
0.086340,
-0.064091,
0.019752,
-0.056734,
-0.060914,
-0.030940,
0.040048,
-0.069711,
-0.079905,
-0.054384,
-0.018524,
0.000030,
0.024660,
0.055043,
-0.022611,
-0.015574,
0.055033,
-0.006663,
-0.033231,
-0.008960,
-0.034614,
-0.070035,
0.033635,
-0.031891,
-0.069285,
-0.005491,
-0.056510,
0.083367,
0.058512,
0.024538,
-0.067273,
0.081817,
0.053625,
0.077918,
-0.022919,
-0.068881,
0.029112,
0.018251,
-0.032631,
0.049050,
-0.078961,
-0.039448,
-0.067011,
0.004459,
0.038721,
0.058098,
0.015529,
0.039132,
-0.000972,
0.051271,
0.080809,
-0.072410,
0.055362,
-0.000726,
-0.003288,
-0.086827,
0.033419,
-0.047856,
-0.038724,
0.006128,
-0.061027,
-0.038423,
0.038248,
0.060357,
-0.056872,
0.027773,
0.052815,
0.069218,
-0.063325,
0.020575,
-0.033977,
0.050387,
0.055838,
-0.014225,
-0.082516,
0.023538,
-0.057897,
-0.086269,
0.082893,
0.034956,
0.040041,
-0.027347,
-0.027256,
-0.051928,
-0.035661,
-0.020338,
0.071757,
-0.001017,
0.044084,
0.009692,
0.016222,
-0.018685,
0.006038,
0.044366,
0.041109,
-0.059447,
-0.033247,
-0.042389,
0.027031,
0.061971,
-0.076803,
-0.045304,
0.021454,
-0.071999,
-0.016023,
0.028880,
0.054808,
0.070189,
-0.071820,
0.024305,
-0.062443,
-0.045190,
-0.067368,
0.044364,
-0.027488,
0.017106,
-0.006443,
0.082837,
0.035162,
0.037991,
-0.041029,
0.021787,
-0.051321,
-0.061056,
0.018210,
-0.066037,
-0.010130,
-0.058054,
0.024650,
0.087954,
-0.009812,
0.066984,
-0.076802,
0.026969,
0.064848,
-0.057986,
0.083158,
-0.058791,
0.032119,
0.010586,
0.022550,
0.015372,
0.075185,
-0.027375,
0.060652,
-0.055406,
-0.012095,
0.050042,
-0.076320,
0.025773,
-0.061366,
0.079106,
-0.078851,
-0.077592,
0.006495,
-0.071540,
-0.029986,
0.055522,
-0.058778,
0.056716,
0.029949,
-0.032483,
0.082707,
-0.035295,
0.007297,
0.054926,
-0.077555,
0.082163,
-0.056091,
-0.021780,
0.078399,
0.022550,
-0.048799,
-0.067810,
0.048688,
-0.062122,
-0.080675,
-0.004784,
-0.054380,
-0.050898,
-0.036900,
0.017211,
-0.048076,
0.011958,
0.058808,
-0.014865,
0.064621,
0.053055,
-0.056170,
0.015872,
0.003859,
0.019902,
-0.062627,
0.015435,
-0.051721,
0.041018,
-0.080938,
-0.049103,
0.082343,
0.018718,
0.063637,
0.066142,
0.072296,
-0.038435,
0.027443,
0.020098,
0.014138,
0.084126,
-0.022725,
0.043889,
0.010679,
-0.034864,
-0.074142,
0.006026,
-0.028464,
0.057095,
0.083389,
0.054075,
-0.059970,
-0.039496,
-0.045337,
0.047277,
-0.058424,
-0.057037,
0.051235,
0.026611,
-0.080688,
0.021348,
-0.074548,
0.053546,
0.038820,
-0.065197,
0.007850,
0.047532,
0.055559,
-0.056120,
0.042634,
0.030277,
0.078421,
0.067011,
0.031423,
0.027984,
0.041507,
-0.016597,
-0.046325,
0.014382,
0.084942,
-0.054085,
-0.064281,
0.038917,
-0.026308,
0.024933,
-0.063246,
0.044497,
0.021733,
0.021285,
-0.008507,
0.052141,
0.085352,
-0.054483,
-0.029275,
-0.055911,
-0.089898,
-0.027101,
0.009020,
0.044220,
0.051288,
0.016045,
-0.000026,
0.013934,
-0.028626,
-0.050216,
0.086647,
-0.023346,
0.058304,
-0.081526,
-0.039595,
-0.017018,
-0.069456,
0.098094,
0.040146,
-0.049659,
-0.046880,
-0.031022,
-0.032558,
0.018819,
0.018356,
0.029036,
0.047617,
-0.075687,
0.030300,
-0.015630,
0.038895,
-0.052922,
0.043640,
-0.000878,
-0.006191,
0.020364,
-0.062454,
0.051070,
0.076643,
0.019743,
-0.010613,
-0.074094,
-0.008708,
-0.054152,
-0.019324,
-0.002284,
0.002233,
0.016378,
0.041159,
-0.058887,
-0.071199,
0.029816,
-0.043737,
-0.027060,
0.076498,
0.018130,
0.081362,
0.071037,
-0.014725,
-0.009312,
-0.077039,
-0.063998,
-0.042830,
0.065178,
-0.046358,
-0.035262,
0.026424,
0.075913,
-0.032359,
0.022605,
0.046642,
0.032690,
-0.002169,
-0.009468,
0.060649,
0.021844,
-0.066174,
-0.055158,
-0.065520,
0.077883,
0.003636,
-0.010253,
-0.006726,
0.006676,
0.040847,
0.078334,
0.059806,
-0.016648,
0.029523,
-0.032719,
-0.006413,
0.012343,
0.050730,
0.002269,
-0.048943,
0.085187,
-0.053481,
-0.012106,
-0.032004,
0.009887,
-0.064163,
0.004457,
-0.063420,
0.002686,
-0.051792,
0.047651,
-0.013480,
-0.059628,
0.068217,
-0.013873,
-0.011869,
0.081668,
-0.085519,
0.006782,
-0.068111,
0.083417,
-0.027085,
-0.083936,
0.001442,
-0.004579,
-0.086449,
0.077445,
0.009709,
0.028452,
-0.031020,
0.071949,
-0.012135,
-0.057094,
0.042170,
0.047439,
0.074182,
0.019164,
-0.072377,
0.009724,
0.059848,
-0.072948,
0.004027,
0.037617,
0.020986,
-0.031687,
0.002639,
0.066973,
-0.033316,
-0.016984,
0.055919,
0.034759,
-0.076800,
-0.056308,
0.049745,
0.027680,
0.008568,
0.018835,
-0.042441,
-0.080731,
-0.030514,
0.022510,
0.050454,
-0.094332,
0.043580,
-0.057157,
0.075399,
-0.001943,
0.072114,
-0.086204,
0.109116,
-0.049023,
-0.012179,
-0.049370,
-0.013082,
-0.023424,
-0.016134,
-0.012870,
-0.085019,
0.029615,
0.015055,
0.034959,
-0.085862,
-0.034007,
-0.009079,
-0.041379,
0.064807,
0.053787,
0.010100,
-0.002752,
-0.087404,
0.048948,
0.017635,
-0.055482,
0.070430,
-0.081501,
0.042704,
-0.011517,
0.023720,
-0.081666,
-0.008695,
0.013289,
-0.086170,
-0.005276,
0.018908,
-0.090824,
-0.017455,
0.057033,
-0.056966,
-0.057562,
0.034853,
-0.004426,
-0.097602,
0.006304,
-0.040936,
0.126365,
-0.016160,
-0.040171,
-0.039653,
-0.026978,
0.017100,
-0.075076,
0.048730,
0.012352,
0.010573,
0.045406,
-0.012459,
-0.034644,
0.066840,
-0.033083,
-0.045402,
-0.018448,
-0.085880,
-0.018738,
-0.035772,
0.014431,
-0.009676,
-0.030878,
-0.047909,
0.031197,
-0.022763,
-0.026220,
0.013816,
0.101396,
-0.017854,
-0.079206,
0.005442,
0.062363,
-0.043748,
0.049471,
0.018751,
0.011500,
0.011974,
-0.076327,
0.026379,
-0.050952,
0.013531,
-0.008669,
-0.009484,
-0.024315,
0.003964,
0.046214,
-0.023229,
0.038120,
-0.092410,
-0.032692,
-0.036490,
0.023947,
0.072242,
0.027738,
-0.015957,
0.011386,
-0.082810,
0.068139,
-0.108712,
-0.037648,
-0.024890,
0.069530,
-0.069739,
0.107171,
0.041248,
0.022513,
-0.041726,
0.036979,
0.003960,
0.002566,
-0.059887,
0.056198,
-0.035897,
0.026535,
-0.081185,
-0.063664,
-0.025454,
-0.026471,
0.029491,
-0.070653,
-0.043473,
0.006665,
-0.006642,
-0.051901,
0.010135,
-0.010021,
-0.097069,
-0.070606,
0.020098,
-0.066062,
-0.068756,
0.032212,
-0.024390,
0.001739,
-0.001133,
0.030840,
-0.028034,
-0.031421,
-0.054095,
-0.004265,
0.031744,
-0.085962,
-0.003148,
0.085470,
-0.087324,
0.024427,
-0.027095,
0.065266,
-0.000319,
-0.044727,
-0.032654,
0.048977,
-0.094723,
-0.125353,
-0.062546,
0.061430,
-0.043442,
0.063594,
-0.062163,
-0.042059,
-0.072474,
-0.011897,
0.027251,
-0.034441,
-0.050085,
0.074421,
-0.040716,
0.141231,
0.022803,
0.006549,
0.047472,
0.013041,
0.072023,
-0.042848,
-0.050652,
-0.004058,
-0.012218,
-0.019675,
-0.072191,
0.107362,
-0.010561,
0.053440,
-0.039898,
0.011947,
0.042020,
-0.034266,
0.052388,
0.019480,
0.064686,
-0.008178,
-0.053040,
0.016875,
-0.037966,
-0.089084,
-0.058025,
0.061722,
-0.035860,
-0.081894,
-0.059662,
-0.032902,
0.113210,
-0.077719,
0.022643,
0.074591,
-0.044452,
-0.082248,
-0.009035,
0.101964,
-0.039866,
0.038505,
-0.029094,
0.016717,
-0.094083,
-0.037471,
-0.003901,
0.013190,
-0.014557,
-0.125545,
0.034136,
-0.040894,
0.006039,
0.025473,
-0.073895,
-0.002851,
-0.058467,
-0.077421,
-0.073553,
-0.010546,
0.034861,
-0.000093,
0.040278,
-0.003043,
-0.063954,
0.069938,
0.014478,
-0.028481,
0.023178,
0.068266,
-0.059314,
-0.020913,
0.020257,
-0.052406,
-0.040003,
0.070206,
-0.057487,
0.052624,
0.036466,
-0.067382,
-0.034496,
-0.099799,
-0.034383,
0.031438,
-0.111433,
-0.040039,
-0.057279,
0.065115,
-0.023393,
-0.055792,
-0.031982,
-0.026809,
0.085105,
0.053471,
-0.091712,
0.076637,
0.059283,
-0.155444,
-0.032195,
0.015714,
0.048900,
0.000075,
0.042036,
-0.027082,
0.002606,
0.062636,
-0.012031,
-0.032622,
-0.008173,
-0.004177,
-0.083100,
-0.006684,
0.019219,
-0.139602,
-0.006075,
-0.040785,
0.026056,
-0.062565,
-0.061039,
0.006834,
-0.030761,
0.032934,
-0.013568,
-0.077035,
-0.018764,
0.069722,
-0.049459,
-0.058487,
-0.034640,
-0.014579,
0.074265,
-0.044927,
0.017766,
-0.054624,
-0.057589,
0.105198,
-0.047248,
0.048720,
0.064601,
0.075487,
0.036627,
-0.105392,
-0.012133,
-0.058013,
0.058234,
0.021482,
0.051466,
0.003849,
-0.049986,
-0.041811,
0.017402,
0.009310,
-0.050748,
0.025135,
-0.006172,
-0.040188,
-0.054082,
-0.058752,
-0.030266,
0.018031,
0.119097,
-0.125712,
0.035110,
-0.016700,
0.069792,
-0.074428,
-0.032127,
0.027004,
0.000809,
-0.008916,
-0.021683,
-0.028205,
-0.019219,
0.020342,
-0.068797,
-0.005215,
-0.003910,
-0.037671,
-0.057522,
0.052714,
-0.032286,
-0.052599,
-0.051348,
0.069546,
-0.014863,
-0.056170,
-0.032216,
-0.051077,
0.077353,
-0.079942,
0.059374,
-0.079615,
-0.086439,
0.000129,
-0.005023,
-0.014839,
0.101860,
-0.034007,
-0.094251,
-0.036544,
0.087863,
0.044806,
0.078172,
0.075668,
-0.027710,
0.059754,
0.010439,
0.073123,
-0.094824,
-0.011933,
0.051248,
0.080151,
-0.014463,
0.062732,
-0.029264,
0.043916,
0.053914,
-0.023092,
0.009106,
0.090000,
0.060949,
-0.072968,
-0.049853,
0.035331,
0.083877,
-0.110838,
0.025734,
-0.072782,
0.100253,
0.088145,
-0.080139,
-0.025623,
0.060475,
0.052092,
0.089180,
-0.042444,
-0.034692,
-0.008581,
-0.033201,
0.085986,
-0.107069,
-0.065753,
-0.078718,
0.063271,
0.041342,
-0.055911,
-0.039916,
0.055092,
0.009038,
0.032806,
-0.079993,
-0.060602,
-0.023481,
0.033459,
-0.011794,
-0.041451,
-0.030673,
0.059526,
0.067363,
-0.028992,
-0.028892,
0.034053,
-0.064186,
0.033511,
-0.028516,
-0.101882,
-0.077265,
-0.053657,
-0.010034,
0.011332,
0.045841,
0.002421,
-0.085436,
-0.015416,
0.075423,
-0.016056,
-0.054185,
0.037679,
0.059334,
-0.002132,
0.108663,
-0.079976,
-0.026585,
-0.020865,
0.038681,
0.012704,
0.054854,
0.016278,
0.043182,
-0.038307,
0.042549,
0.048229,
0.084275,
-0.025675,
-0.042704,
0.102195,
0.086850,
-0.025445,
-0.034176,
-0.048002,
-0.063687,
0.033186,
-0.072756,
0.089900,
0.032293,
-0.018076,
-0.058987,
0.035080,
-0.013255,
-0.017685,
0.028730,
0.087236,
-0.081270,
-0.021733,
-0.070152,
-0.036107,
0.027840,
-0.018850,
0.036075,
-0.163136,
-0.018600,
0.056565,
0.082268,
-0.039037,
0.038333,
0.027017,
-0.048547,
0.013620,
-0.008785,
-0.078692,
-0.079334,
0.050680,
-0.002720,
-0.043052,
0.052061,
0.044207,
0.027080,
-0.086888,
-0.018530,
-0.064642,
0.004517,
0.062438,
-0.034447,
0.061664,
0.017201,
0.011837,
-0.037331,
-0.039792,
0.026103,
0.033103,
0.014289,
0.054144,
0.007473,
-0.122228,
0.032802,
-0.051192,
0.031228,
0.051660,
-0.081558,
0.090957,
0.079851,
0.081549,
0.070043,
0.076004,
-0.034750,
0.033610,
-0.018214,
0.181544,
0.004994,
0.080003,
0.023701,
0.101145,
0.058345,
0.027043,
-0.100257,
0.026713,
0.011432,
-0.071832,
0.043938,
0.039323,
0.012669,
0.064049,
0.035433,
-0.094300,
0.021624,
-0.018311,
0.028886,
-0.066446,
0.085143,
-0.016710,
-0.087575,
-0.004522,
-0.027282,
0.043575,
0.063897,
0.024312,
0.016360,
0.055395,
-0.070096,
-0.062851,
-0.044068,
-0.025538,
0.023602,
0.028687,
-0.023080,
-0.031650,
-0.005761,
0.071318,
0.028220,
-0.012067,
-0.018300,
-0.007076,
0.076401,
-0.097161,
0.008652,
0.057654,
0.036279,
-0.098060,
0.023038,
-0.029666,
-0.025237,
-0.087008,
0.019607,
0.021141,
0.083139,
0.034286,
0.013248,
0.001386,
-0.025072,
-0.034884,
-0.099538,
0.121538,
-0.074630,
0.042881,
-0.072331,
-0.002858,
0.036246,
0.030035,
-0.021071,
-0.080374,
0.050082,
-0.010424,
0.032007,
0.056339,
-0.055555,
-0.032165,
0.096314,
0.008194,
-0.082176,
0.008994,
0.096399,
0.065067,
0.034869,
0.032069,
-0.065975,
-0.029910,
-0.003420,
-0.074479,
0.031437,
-0.001859,
0.051461,
0.089117,
-0.069688,
-0.021567,
-0.055199,
-0.008340,
0.000744,
0.045827,
-0.008236,
0.055203,
-0.060075,
0.026202,
-0.002240,
-0.051682,
-0.050730,
-0.015542,
-0.042545,
-0.096842,
-0.059429,
0.034560,
-0.009331,
0.006272,
0.008724,
-0.059032,
-0.035620,
-0.045583,
-0.004716,
0.049748,
-0.022224,
-0.050562,
-0.047334,
0.057022,
-0.034825,
-0.027501,
-0.032503,
0.027848,
-0.104432,
0.001051,
-0.008718,
0.072525,
0.052629,
0.015172,
0.055638,
0.060072,
-0.049485,
0.024822,
-0.046983,
-0.074093,
-0.006663,
-0.037006,
0.079215,
-0.063070,
0.021969,
-0.063031,
0.067472,
-0.016361,
-0.028848,
-0.045459,
0.048080,
0.025615,
0.058692,
0.029702,
0.055329,
0.038819,
-0.077889,
0.093980,
0.025269,
0.009091,
-0.067497,
-0.085147,
0.091999,
-0.087263,
-0.017369,
0.042131,
0.017170,
0.023071,
0.097106,
0.085733,
-0.077097,
-0.057962,
-0.038039,
-0.026744,
0.065366,
-0.064637,
-0.055807,
-0.046095,
0.075448,
-0.023393,
0.026360,
0.054607,
0.073328,
0.040330,
-0.034151,
0.000168,
-0.084045,
-0.083866,
-0.008009,
0.034365,
-0.078897,
0.028653,
-0.031673,
0.033453,
0.012348,
0.017327,
0.082662,
-0.020175,
-0.027035,
-0.052540,
0.039457,
0.070612,
-0.087624,
0.039994,
0.044459,
0.016282,
0.071883,
0.063380,
-0.067474,
-0.001591,
-0.009891,
-0.000735,
-0.035618,
0.072016,
0.018182,
-0.039446,
-0.017682,
0.056610,
0.000244,
-0.016156,
-0.026073,
0.095166,
0.002412,
-0.086393,
-0.062645,
-0.059446,
-0.058550,
-0.031524,
0.055134,
-0.037655,
-0.074470,
-0.057015,
-0.087487,
-0.051097,
0.077008,
-0.096224,
0.023534,
0.030708,
-0.049978,
0.084379,
0.038540,
-0.067078,
0.086308,
-0.005651,
-0.080895,
-0.049071,
-0.051467,
0.032477,
-0.002587,
0.057504,
-0.020105,
-0.042117,
0.109369,
-0.033964,
0.007417,
0.013911,
0.004590,
-0.032911,
0.069200,
-0.062129,
0.024242,
-0.014820,
0.040943,
0.076885,
-0.040885,
0.050770,
-0.075294,
0.069818,
0.046397,
-0.016329,
0.083106,
-0.062588,
0.042525,
0.059193,
-0.014007,
-0.009577,
-0.051847,
-0.029262,
0.031986,
-0.023869,
0.002131,
-0.047470,
-0.050112,
-0.045773,
0.065817,
0.010492,
-0.030554,
-0.049515,
0.062660,
-0.103855,
-0.014414,
-0.098841,
0.047973,
0.022537,
0.045272,
0.062095,
0.039115,
0.068508,
-0.091239,
-0.014756,
0.001082,
0.065043,
0.013515,
0.047237,
-0.047214,
-0.050279,
-0.059967,
-0.037845,
-0.068549,
-0.005732,
0.045577,
0.076298,
0.017200,
-0.001926,
-0.060853,
-0.086692,
0.097426,
0.047068,
0.062479,
0.100704,
0.006606,
0.062096,
0.076126,
0.002724,
-0.002878,
-0.050121,
-0.057444,
-0.012186,
0.072384,
-0.000556,
0.011665,
-0.056993,
-0.062532,
-0.003201,
0.108352,
0.017866,
-0.112827,
-0.031067,
-0.057434,
-0.069929,
0.010649,
-0.054079,
0.005588,
0.032391,
0.027705,
-0.052537,
0.040606,
0.063873,
0.018186,
-0.008706,
0.019583,
-0.022064,
-0.022503,
-0.090054,
0.055325,
0.000668,
-0.047486,
-0.017034,
-0.049147,
-0.033002,
-0.049683,
-0.006386,
0.022411,
-0.021173,
-0.085218,
0.070990,
-0.075797,
0.007451,
-0.061701,
-0.003698,
0.031505,
0.015666,
0.011582,
0.024418,
-0.052562,
0.046071,
0.019152,
0.016996,
0.013244,
0.043840,
0.084837,
0.091838,
0.003718,
-0.023876,
-0.016608,
-0.028669,
0.057579,
0.085900,
0.051708,
-0.040035,
0.054088,
-0.067689,
0.077733,
-0.088399,
0.048012,
0.063116,
-0.016916,
-0.073850,
-0.009443,
0.013852,
0.016301,
0.029368,
-0.084000,
0.055561,
0.059317,
-0.020877,
0.051354,
0.033897,
0.044965,
-0.043608,
0.021211,
0.012047,
0.012762,
0.025962,
-0.072114,
0.016018,
-0.050323,
-0.065269,
-0.079398,
0.001294,
-0.036072,
0.023141,
-0.082199,
-0.038331,
-0.062910,
-0.067193,
0.073417,
0.020193,
-0.099383,
-0.047301,
-0.071900,
0.005026,
0.030467,
0.005431,
0.027248,
0.020472,
0.026294,
-0.074192,
0.053134,
0.084500,
-0.075407,
0.033057,
0.031307,
-0.025117,
-0.087442,
0.012399,
-0.044073,
0.005759,
-0.085107,
0.049563,
0.009848,
-0.077773,
-0.007325,
-0.005234,
0.029433,
0.014984,
-0.015550,
-0.096354,
-0.079579,
-0.081889,
-0.071862,
-0.012670,
0.070928,
0.094288,
-0.074110,
-0.071394,
-0.040124,
0.031300,
-0.040216,
-0.061886,
0.006839,
-0.007317,
0.082905,
0.039682,
-0.044025,
-0.048252,
0.057206,
-0.049045,
0.048617,
0.076835,
0.090395,
-0.055768,
0.075088,
-0.020531,
0.091829,
0.062808,
-0.037851,
0.022775,
0.085045,
-0.032005,
-0.048538,
-0.096416,
0.034491,
0.053307,
0.000341,
0.098017,
-0.038851,
0.048782,
0.052888,
0.048695,
-0.062426,
-0.022861,
0.024076,
0.039028,
-0.022188,
-0.007633,
-0.066274,
0.009933,
-0.076321,
0.054188,
-0.000082,
-0.051387,
-0.046563,
-0.021037,
-0.056785,
0.032930,
0.018005,
0.051919,
0.003295,
-0.080275,
0.065916,
-0.072411,
-0.024424,
0.035453,
0.039132,
-0.027602,
0.066743,
0.040384,
0.010605,
-0.051711,
-0.072362,
-0.006590,
-0.027068,
-0.050891,
0.023949,
0.010788,
-0.037000,
0.016569,
0.021682,
0.007038,
0.011222,
0.007735,
-0.031974,
0.043061,
-0.016759,
-0.068814,
0.010353,
-0.049663,
-0.018243,
-0.037008,
0.063615,
0.018068,
0.025675,
0.066348,
-0.083184,
-0.005910,
-0.064305,
0.063145,
0.040474,
-0.075498,
0.076483,
0.064953,
-0.075110,
-0.031436,
-0.045438,
0.062027,
-0.046834,
0.001438,
0.079040,
-0.081552,
0.068402,
0.037288,
-0.041963,
-0.085118,
0.028549,
-0.060720,
0.056229,
0.000606,
0.036944,
-0.042323,
-0.018986,
0.040268,
-0.059489,
-0.036399,
0.026567,
-0.070860,
0.063695,
-0.056279,
0.094815,
-0.060626,
-0.063459,
0.076962,
-0.085185,
-0.000610,
0.046219,
0.014832,
-0.000303,
-0.049506,
-0.032738,
0.017118,
-0.079268,
-0.082457,
-0.063199,
-0.012174,
0.045278,
0.077250,
0.067367,
-0.091906,
0.035096,
0.004907,
0.065555,
0.092296,
0.081553,
0.064272,
-0.082343,
-0.061531,
0.044608,
-0.014643,
-0.080941,
-0.079612,
-0.044766,
-0.003544,
0.007924,
0.056453,
-0.017887,
-0.029013,
0.065773,
-0.055743,
-0.027789,
0.049156,
-0.040563,
0.015743,
0.010272,
0.038159,
-0.005642,
0.017034,
-0.082243,
-0.076411,
0.013343,
-0.028948,
0.076134,
0.018146,
-0.041725,
0.027040,
0.015089,
0.033025,
-0.012366,
-0.073738,
0.000063,
-0.006307,
-0.026960,
-0.003442,
-0.017295,
-0.006459,
-0.054906,
0.054778,
-0.075719,
-0.052854,
0.055781,
0.004735,
0.043311,
-0.026330,
-0.011290,
0.046481,
-0.018513,
-0.076809,
0.016861,
-0.070656,
0.077167,
-0.040923,
0.014560,
-0.069987,
0.062846,
0.071956,
0.079372,
0.006652,
-0.034641,
0.000446,
-0.042370,
-0.067002,
-0.023979,
0.056921,
0.071217,
0.043297,
0.062796,
0.030171,
-0.023620,
-0.044624,
-0.067813,
-0.041281,
-0.018533,
0.004629,
-0.054761,
0.028281,
0.023379,
0.004252,
-0.046134,
0.068048,
0.067126,
-0.053918,
0.059512,
0.075998,
0.017522,
0.062202,
-0.046808,
-0.006046,
0.017974,
0.055917,
-0.009231,
0.063364,
0.062536,
-0.029813,
0.051571,
0.038804,
-0.013436,
0.006986,
-0.079676,
-0.022737,
-0.015735,
0.033694,
-0.005213,
-0.063230,
0.082170,
-0.040551,
-0.022032,
0.045401,
0.051900,
0.017481,
-0.029596,
-0.048867,
-0.056381,
-0.057617,
0.011598,
0.014744,
-0.075268,
0.006869,
-0.073457,
0.077113,
-0.014846,
-0.043058,
-0.046852,
-0.002577,
0.074260,
-0.054817,
-0.076284,
0.037026,
0.053956,
0.082986,
0.059526,
-0.069259,
0.063029,
-0.032967,
0.014112,
0.012158,
0.016790,
-0.023592,
-0.010345,
0.005510,
-0.038757,
0.045156,
-0.043864,
0.006597,
0.048842,
-0.076147,
0.044908,
-0.005955,
0.028209,
-0.017318,
0.003351,
-0.017605,
-0.077004,
0.019147,
0.076208,
0.004617,
0.074216,
0.073404,
0.042068,
-0.049091,
-0.051530,
0.050458,
-0.056478,
0.061831,
0.026009,
0.028065,
-0.045612,
0.081843,
0.002591,
0.010719,
0.008222,
0.035468,
-0.065616,
0.078518,
0.032404,
-0.066197,
-0.055877,
0.056396,
-0.037403,
0.048904,
-0.004640,
-0.026987,
0.082955,
0.075348,
-0.086962,
0.040894,
-0.004458,
0.007024,
-0.004027,
-0.077897,
0.013696,
0.055418,
0.027124,
-0.063590,
-0.077617,
-0.083157,
0.055066,
0.007746,
0.038284,
0.081647,
-0.027195,
0.015226,
0.015446,
0.021199,
0.022720,
0.016640,
-0.028888,
0.087441,
-0.039793,
-0.006710,
0.002302,
0.013554,
0.028505,
-0.035537,
0.009179,
0.038295,
0.081359,
0.081146,
0.033272,
-0.043836,
0.068237,
0.080798,
-0.008927,
-0.064318,
-0.044702,
0.033712,
-0.068829,
-0.081344,
0.061825,
-0.025586,
0.034176,
-0.038946,
-0.070878,
0.049339,
0.078887,
0.060510,
0.025591,
-0.045782,
-0.071370,
-0.035557,
-0.023854,
-0.009574,
-0.073162,
-0.068077,
-0.088406,
0.068468,
-0.028118,
-0.032001,
0.016698,
-0.058430,
0.026749,
-0.004887,
-0.018800,
-0.073181,
0.033666,
0.012577,
0.086562,
-0.075368,
0.043185,
-0.034398,
-0.075213,
0.040047,
-0.033791,
0.075757,
-0.052230,
0.086908,
0.025238,
0.040042,
0.050740,
-0.007838,
0.066210,
0.005695,
-0.003473,
0.084606,
0.007535,
-0.016194,
0.057661,
-0.067300,
-0.081122,
-0.053217,
-0.026640,
-0.068427,
0.011327,
-0.052366,
0.004735,
0.072348,
0.005070,
0.033056,
0.073512,
0.032304,
0.003416,
0.071131,
-0.055251,
0.030770,
-0.034068,
-0.011412,
0.083259,
0.074037,
-0.076321,
0.023797,
-0.011489,
0.044335,
-0.000938,
-0.065718,
0.010922,
0.020043,
-0.002165,
0.004343,
0.074034,
0.005240,
-0.069712,
0.008556,
-0.048266,
-0.019701,
0.057166,
-0.015489,
0.025590,
0.050201,
0.074667,
0.019334,
-0.053871,
-0.007869,
-0.030860,
0.040233,
0.002026,
-0.019940,
0.031333,
0.064311,
-0.054536,
0.063571,
-0.080670,
-0.035452,
-0.065642,
0.056565,
0.059850,
-0.062121,
-0.065902,
0.038317,
0.031657,
0.037130,
-0.058837,
-0.032364,
-0.055886,
-0.040083,
-0.081846,
-0.084930,
0.028251,
-0.015381,
0.027786,
0.083227,
0.052145,
-0.084958,
-0.050937,
0.072457,
-0.074159,
-0.075536,
0.078648,
0.017221,
0.016075,
-0.043304,
-0.062296,
0.001392,
-0.015775,
-0.067684,
-0.080174,
0.053593,
-0.032352,
0.069696,
0.038190,
-0.070671,
-0.069174,
0.081463,
-0.081604,
-0.026897,
0.081617,
0.064883,
0.015004,
-0.037996,
0.034015,
0.013877,
0.046075,
-0.047970,
-0.051898,
0.050645,
-0.030472,
0.033494,
-0.051736,
-0.065614,
-0.044068,
-0.072412,
0.088399,
0.055282,
0.067537,
-0.018696,
-0.069524,
0.023309,
-0.059445,
-0.077777,
-0.042509,
-0.082851,
0.034055,
0.065180,
0.085444,
-0.048951,
0.023413,
0.001295,
0.051174,
0.012344,
0.066719,
-0.012160,
0.004576,
-0.042424,
0.041374,
-0.040316,
-0.036393,
-0.020158,
-0.084916,
0.059196,
-0.041780,
0.085895,
0.043042,
-0.028854,
0.053755,
-0.079910,
0.009719,
0.033045,
0.053583,
0.045878,
-0.065943,
-0.070580,
0.002026,
0.045891,
-0.075928,
-0.035004,
-0.055340,
0.067641,
-0.069244,
-0.072990,
0.054573,
0.012361,
0.081168,
-0.065397,
0.064262,
-0.080366,
-0.035746,
0.083362,
0.077741,
-0.046216,
-0.047991,
0.018684,
-0.078362,
-0.038716,
0.056915,
0.027453,
-0.013628,
0.068254,
0.025241,
0.015211,
-0.085736,
0.064568,
0.045869,
0.025412,
-0.023383,
-0.007950,
0.005208,
-0.085808,
0.007498,
-0.048226,
0.064139,
-0.077052,
-0.091430,
0.031814,
0.052429,
-0.029328,
-0.070722,
0.079461,
-0.029933,
0.033459,
-0.063693,
0.030924,
-0.077513,
0.075926,
0.073176,
-0.090385,
-0.013082,
-0.061039,
-0.031457,
-0.030710,
0.070004,
0.037839,
0.034111,
-0.017285,
0.039894,
0.038782,
0.038844,
-0.056000,
-0.038498,
0.003287,
0.105690,
0.077781,
0.048828,
0.028457,
0.086039,
0.042021,
0.033701,
0.000463,
-0.082074,
-0.071461,
0.076049,
-0.069254,
0.074321,
-0.071076,
0.049592,
0.084705,
-0.047768,
-0.017420,
0.016577,
0.046566,
-0.024825,
0.074595,
-0.072010,
0.055348,
-0.026401,
0.024623,
-0.072679,
0.026888,
-0.085852,
-0.068183,
-0.017395,
-0.074628,
0.034000,
0.040067,
0.053780,
-0.001129,
-0.074713,
-0.080826,
0.075123,
0.085056,
0.067696,
-0.055035,
0.035249,
0.042910,
0.080301,
-0.050119,
-0.041071,
0.009382,
0.076354,
-0.041168,
0.081236,
-0.046210,
-0.024294,
0.085769,
-0.030751,
-0.036293,
0.012057,
0.031322,
-0.031566,
-0.032377,
0.081048,
-0.048350,
-0.035811,
0.071633,
0.106186,
-0.086374,
0.092935,
0.068494,
-0.081629,
-0.017744,
0.057338,
0.030752,
0.046332,
0.008075,
-0.000499,
-0.016258,
-0.070147,
0.039510,
0.082590,
0.104193,
-0.090413,
-0.087365,
0.026314,
-0.060699,
0.090174,
0.088195,
0.013039,
0.068689,
-0.062180,
-0.064837,
-0.028849,
0.010641,
0.066465,
0.077894,
0.018060,
0.083323,
0.070489,
-0.012980,
0.006901,
-0.036313,
-0.042755,
-0.043183,
-0.040732,
0.035413,
0.043553,
0.040508,
-0.068841,
-0.049994,
0.018962,
-0.014672,
0.036723,
0.067043,
-0.060993,
-0.076650,
0.032192,
0.041931,
-0.040454,
0.068690,
0.029212,
0.065101,
-0.022897,
-0.040427,
0.061170,
0.067967,
0.002870,
-0.037408,
0.082342,
-0.009202,
0.093222,
-0.072212,
0.068764,
-0.000679,
-0.076835,
-0.088860,
-0.030442,
-0.045003,
0.024520,
-0.020305,
-0.025990,
-0.006925,
-0.057773,
0.012516,
0.076309,
0.074029,
-0.062378,
0.046244,
0.055949,
-0.056412,
0.060922,
0.026204,
-0.091577,
-0.071674,
0.058787,
0.021913,
-0.076732,
0.063034,
-0.045524,
0.078864,
0.070853,
-0.030861,
0.019885,
-0.045662,
-0.054506,
-0.075194,
0.021182,
-0.087796,
0.061745,
0.055662,
-0.072583,
-0.069319,
-0.091246,
-0.070882,
-0.006054,
-0.071810,
-0.088156,
0.071077,
0.047483,
0.008041,
-0.001654,
0.042028,
-0.008202,
0.029455,
-0.021477,
-0.077085,
0.056548,
-0.040296,
-0.090733,
0.030843,
-0.003058,
-0.068920,
0.077607,
0.016144,
0.132978,
-0.068885,
-0.011242,
-0.038643,
-0.047418,
0.035237,
0.043064,
-0.061927,
-0.044784,
0.037588,
-0.031849,
0.081746,
0.039460,
0.056320,
-0.079410,
0.018692,
-0.015525,
-0.096775,
0.044721,
-0.000326,
-0.002588,
-0.050895,
-0.071203,
0.080900,
0.049107,
-0.012862,
-0.016599,
0.027307,
0.001822,
-0.002985,
-0.046647,
-0.025059,
0.006237,
0.069742,
-0.096682,
-0.027345,
0.024300,
-0.117656,
0.035276,
-0.024020,
0.059790,
-0.002054,
-0.087093,
0.005757,
0.067215,
-0.095423,
0.055449,
-0.073906,
-0.031676,
-0.061770,
0.000908,
0.076631,
0.037716,
-0.014537,
-0.020383,
0.035331,
0.074415,
-0.033980,
-0.055492,
0.000523,
-0.012231,
-0.069490,
-0.059007,
-0.061180,
0.116973,
0.011123,
0.079605,
0.088208,
0.013265,
-0.001111,
0.012416,
0.067403,
0.002206,
0.019693,
-0.044024,
0.056105,
-0.001746,
0.073198,
-0.004834,
0.080753,
-0.069151,
0.048747,
0.061098,
0.052906,
0.049761,
-0.035510,
-0.065914,
0.074016,
-0.004143,
-0.063555,
0.069681,
0.054623,
0.018391,
-0.027599,
-0.069916,
0.067771,
-0.010116,
0.050906,
-0.047038,
0.018866,
0.027977,
-0.071617,
-0.008715,
-0.040307,
0.017961,
0.011266,
-0.002125,
-0.012362,
-0.012473,
-0.041162,
-0.088677,
-0.010411,
-0.112380,
-0.072002,
0.046091,
0.133202,
-0.021242,
-0.005227,
0.052438,
-0.070536,
-0.035995,
0.023524,
-0.113154,
0.089423,
0.011207,
0.045040,
0.007445,
0.000593,
0.105630,
-0.029020,
0.059648,
0.094409,
-0.072743,
-0.102368,
0.024982,
-0.051155,
-0.060853,
0.060198,
-0.011461,
0.036476,
-0.085655,
0.045177,
-0.033135,
0.013198,
0.067346,
-0.058437,
0.006154,
-0.026415,
0.087336,
-0.021727,
-0.017445,
0.047661,
0.031314,
-0.008683,
-0.069254,
-0.008635,
0.072634,
-0.014841,
-0.042807,
0.001562,
0.062198,
0.014723,
-0.106779,
0.093258,
-0.089381,
-0.157147,
-0.064864,
0.054475,
-0.032087,
-0.000259,
-0.060182,
0.023234,
0.020022,
0.034450,
0.045727,
-0.037601,
0.028961,
0.049478,
0.066962,
0.036488,
-0.034716,
-0.036097,
-0.000207,
-0.073045,
0.058861,
-0.031347,
-0.055806,
-0.051284,
0.084355,
-0.056685,
-0.068854,
0.002407,
0.016398,
-0.061580,
0.005643,
-0.048384,
-0.059683,
-0.063387,
0.110643,
0.032206,
0.017191,
0.090469,
-0.043117,
-0.011278,
-0.054157,
-0.050197,
-0.060509,
0.010723,
0.082665,
-0.023078,
-0.058967,
-0.035019,
0.102802,
-0.101854,
-0.031144,
0.002368,
0.052039,
0.026947,
-0.020271,
0.109813,
-0.057641,
-0.049293,
-0.068141,
0.029787,
0.023234,
-0.016654,
0.008605,
0.019789,
-0.075533,
-0.093221,
0.036413,
0.096843,
0.102251,
-0.053891,
0.066472,
0.000140,
0.046719,
0.005981,
-0.031912,
0.098281,
0.017183,
0.006408,
0.031971,
-0.063972,
-0.092587,
0.042727,
-0.022998,
-0.010700,
0.059470,
-0.068625,
-0.094764,
-0.051660,
0.004799,
0.084095,
-0.065019,
0.129723,
0.057462,
-0.095409,
-0.033512,
-0.015063,
-0.022087,
0.016098,
-0.014159,
-0.039642,
-0.029011,
-0.036687,
-0.002566,
0.077026,
-0.031067,
-0.061283,
0.044879,
0.107805,
0.029818,
-0.088500,
0.017270,
0.046723,
0.046817,
-0.130432,
0.005676,
0.064623,
-0.011478,
-0.069559,
0.042802,
0.100600,
-0.011933,
-0.049154,
-0.050022,
0.133836,
0.049459,
0.058679,
0.051467,
0.008939,
-0.076233,
-0.108021,
0.067036,
0.000277,
0.003381,
-0.044303,
-0.039306,
-0.016223,
0.038094,
-0.064298,
-0.025054,
0.113931,
-0.060817,
0.073061,
0.018950,
-0.157588,
-0.024554,
-0.049149,
0.003398,
-0.092790,
0.035092,
-0.032713,
-0.021231,
0.006966,
0.081745,
0.040417,
0.049297,
0.081536,
0.089148,
0.025126,
0.029176,
-0.050345,
0.057049,
-0.036761,
0.000799,
-0.090528,
-0.049543,
0.008121,
-0.022500,
-0.032868,
0.019564,
-0.051216,
0.042197,
0.064045,
0.013235,
0.038016,
-0.046822,
0.040313,
0.068743,
-0.071510,
-0.088985,
-0.023586,
0.098736,
0.012866,
0.018217,
0.089543,
-0.059177,
0.110015,
0.087725,
-0.020139,
-0.026439,
-0.055328,
-0.057920,
0.077409,
-0.112417,
-0.029276,
0.046471,
-0.023314,
-0.028892,
-0.034106,
0.073881,
0.064603,
-0.073196,
-0.020222,
0.013788,
0.031227,
0.005524,
0.048654,
0.082947,
-0.056662,
0.045266,
-0.030211,
0.038648,
-0.071276,
0.011769,
-0.024888,
-0.072771,
-0.017428,
-0.031718,
0.070313,
0.036226,
0.055033,
0.012561,
0.038380,
-0.015220,
0.078842,
-0.023129,
-0.088132,
0.009412,
-0.020972,
0.013124,
0.052202,
0.023647,
0.045659,
0.108892,
0.051936,
0.032256,
-0.029749,
0.010029,
-0.085044,
-0.034076,
0.050650,
0.107725,
-0.045269,
-0.094091,
-0.004331,
-0.003924,
0.065918,
0.073510,
0.048976,
0.008702,
0.035019,
0.054983,
-0.009851,
-0.003283,
-0.008357,
-0.016038,
0.111727,
-0.138290,
0.083985,
-0.002608,
-0.047430,
0.073506,
0.023531,
-0.087987,
0.020275,
-0.037426,
-0.002955,
0.065392,
-0.016388,
-0.007015,
-0.077733,
0.028876,
-0.138281,
-0.082796,
0.082833,
0.110862,
0.033451,
-0.029949,
0.029823,
0.055909,
0.113736,
-0.017510,
0.020142,
-0.070348,
-0.060477,
0.005151,
-0.028340,
0.007508,
0.028937,
-0.086618,
-0.041350,
-0.008676,
-0.119050,
0.091166,
-0.073585,
0.030794,
0.079237,
0.028837,
-0.023141,
0.034164,
0.018436,
0.045675,
0.005812,
-0.017058,
-0.024100,
0.025688,
-0.024243,
-0.039468,
0.003734,
-0.045555,
-0.054733,
-0.062627,
0.106496,
-0.054532,
0.040177,
0.045215,
-0.030606,
0.047875,
0.002003,
-0.002817,
0.094541,
-0.132556,
0.093530,
0.020530,
0.094194,
0.026722,
0.048409,
-0.088179,
-0.013053,
-0.048796,
-0.042112,
0.012322,
0.022326,
0.004047,
-0.009871,
0.059479,
-0.121867,
0.062072,
0.093571,
-0.035992,
-0.018358,
-0.015957,
0.057999,
-0.046259,
0.022557,
-0.012440,
0.007926,
0.015664,
0.017146,
-0.030457,
0.074758,
-0.045520,
-0.077131,
-0.086885,
-0.038531,
0.057935,
-0.054842,
-0.029471,
0.029217,
-0.041207,
0.050464,
0.141986,
-0.020349,
-0.038264,
0.007675,
-0.047142,
-0.059190,
0.024027,
-0.039757,
-0.011150,
-0.105165,
-0.039191,
0.007382,
0.042693,
0.035203,
-0.046508,
0.084314,
0.039334,
0.057955,
0.011785,
-0.004695,
-0.021010,
-0.011854,
-0.042934,
0.176192,
-0.120209,
0.037281,
-0.060654,
0.096369,
-0.022290,
0.025296,
-0.008486,
-0.039947,
0.062360,
-0.002817,
0.021601,
0.043864,
0.076992,
-0.037645,
0.011223,
0.053981,
-0.028596,
-0.042505,
0.006939,
0.011787,
0.060691,
0.023499,
-0.053919,
0.058712,
-0.021970,
0.015704,
-0.059324,
-0.028567,
-0.031784,
0.018540,
-0.004989,
-0.039536,
-0.074668,
-0.034862,
0.092400,
-0.036837,
-0.018599,
0.028501,
0.019087,
0.070033,
0.021707,
0.011773,
0.046933,
0.000575,
0.030002,
0.044240,
-0.030555,
-0.010248,
0.006131,
0.010225,
0.067734,
-0.088122,
-0.078975,
-0.026072,
0.075873,
0.044372,
0.014161,
-0.076862,
-0.007443,
0.006001,
-0.050655,
0.040872,
-0.080774,
0.152114,
-0.078229,
0.138164,
-0.055355,
0.001772,
-0.018476,
-0.087967,
-0.043656,
0.084051,
-0.002318,
-0.002896,
-0.042476,
-0.008922,
-0.016553,
-0.061265,
0.034809,
0.099345,
0.021179,
0.033996,
-0.014876,
0.006761,
0.019780,
0.037355,
-0.009525,
-0.038231,
-0.053945,
-0.013694,
0.018468,
-0.041978,
-0.004959,
0.088215,
0.004318,
-0.019183,
-0.080795,
-0.051860,
-0.038763,
-0.057376,
0.112458,
-0.016599,
0.013396,
-0.005675,
0.056936,
0.035974,
-0.016948,
0.017894,
0.049114,
-0.058363,
-0.009798,
0.022934,
0.021441,
-0.049469,
0.020318,
-0.066932,
-0.000356,
0.061640,
-0.042801,
0.070264,
0.055510,
-0.023483,
0.045905,
-0.018642,
-0.043286,
0.058774,
-0.045797,
0.148491,
-0.141169,
0.004181,
0.030198,
0.026983,
0.038501,
0.048426,
-0.045905,
-0.087132,
-0.006472,
-0.081543,
0.022599,
-0.033478,
0.013486,
0.007585,
0.051793,
-0.016198,
0.013248,
-0.030350,
0.019334,
0.081395,
0.088359,
0.075008,
0.071692,
0.074038,
0.023419,
-0.068506,
0.074652,
0.013396,
-0.065105,
-0.048580,
-0.010142,
-0.035853,
-0.056839,
-0.054302,
-0.026898,
-0.120073,
0.051837,
-0.060432,
0.006581,
0.085531,
-0.075709,
-0.054327,
-0.074366,
-0.043383,
-0.011957,
-0.041417,
0.090126,
0.037730,
0.020033,
-0.037884,
-0.052847,
-0.007826,
-0.006318,
-0.046828,
0.004019,
0.032789,
-0.061266,
-0.094098,
-0.064679,
0.009667,
0.017868,
-0.035903,
-0.025271,
0.020363,
-0.171381,
-0.050569,
-0.047431,
0.068088,
-0.036862,
-0.043253,
-0.041418,
-0.009155,
0.029017,
-0.046033,
-0.045563,
-0.051486,
0.043063,
0.014862,
0.066953,
0.101507,
0.012442,
0.082312,
-0.085959,
-0.062963,
-0.002521,
0.071740,
0.074087,
0.055333,
0.015652,
-0.066668,
0.015879,
0.021030,
-0.060240,
-0.018498,
-0.081268,
0.049582,
0.024340,
0.003375,
-0.047445,
-0.009632,
-0.006844,
0.087940,
-0.056551,
0.024377,
0.048270,
-0.007574,
-0.091099,
0.016400,
-0.060051,
0.009750,
0.079206,
0.002051,
-0.077828,
0.005398,
0.062473,
-0.012508,
-0.084849,
-0.017280,
-0.093149,
0.003104,
0.061321,
-0.082757,
-0.058107,
-0.088466,
0.093094,
0.045455,
-0.068381,
0.120019,
-0.108180,
0.007577,
-0.014699,
0.040392,
-0.038498,
0.019112,
-0.014033,
-0.056734,
0.004200,
0.047217,
0.038706,
-0.074965,
-0.018127,
0.056111,
0.034553,
0.036849,
-0.000755,
0.024236,
0.035222,
-0.037194,
-0.054441,
0.077141,
-0.079616,
-0.042947,
-0.036961,
0.059673,
-0.073859,
0.071406,
-0.060698,
0.091326,
-0.028381,
0.056914,
-0.015242,
-0.096200,
0.003243,
0.021721,
0.029494,
0.004383,
-0.078879,
0.063711,
0.004720,
0.061048,
0.026803,
-0.109440,
0.064754,
-0.015322,
-0.000552,
-0.016294,
0.075667,
0.055856,
-0.004398,
0.028294,
-0.023847,
-0.050816,
-0.040832,
-0.033255,
-0.070834,
-0.062077,
0.017717,
-0.054606,
-0.050478,
0.054857,
0.014962,
0.043781,
-0.019062,
0.019489,
-0.047320,
0.032766,
0.052336,
-0.001453,
-0.027871,
-0.071996,
0.005128,
-0.042978,
0.055027,
-0.019149,
-0.000016,
0.014634,
-0.062590,
0.079244,
-0.023434,
0.017218,
0.054750,
0.067424,
0.044004,
0.042049,
-0.067485,
-0.047395,
-0.014621,
-0.051192,
-0.025892,
0.036157,
0.025228,
0.079940,
-0.013283,
-0.052609,
-0.079985,
0.017075,
0.016566,
-0.002789,
0.087611,
0.096119,
0.033816,
0.027585,
0.059501,
0.017591,
0.041563,
0.009933,
-0.004539,
0.013552,
0.030032,
0.038031,
-0.024309,
-0.096077,
-0.034546,
0.038372,
0.035532,
-0.013297,
-0.030960,
-0.009146,
-0.038049,
-0.021507,
-0.053455,
-0.089391,
-0.003578,
0.087518,
0.007419,
0.095918,
-0.084146,
0.041833,
-0.012367,
-0.044496,
-0.050883,
-0.003324,
-0.005382,
0.053087,
-0.029866,
-0.027918,
-0.083905,
0.081650,
-0.047412,
-0.057524,
0.026656,
-0.000819,
-0.018873,
-0.017541,
-0.009802,
0.011726,
-0.030674,
0.002939,
-0.019234,
-0.049087,
-0.082543,
0.081617,
0.038050,
-0.016689,
-0.063793,
-0.016055,
-0.086330,
0.011659,
-0.067148,
-0.091420,
-0.000405,
0.074600,
-0.023699,
-0.022232,
-0.091474,
0.033466,
0.044973,
0.011145,
-0.043909,
-0.067555,
0.016517,
0.102429,
-0.072541,
0.068527,
-0.004423,
-0.018618,
-0.014272,
-0.064882,
0.068229,
0.004838,
-0.072204,
-0.057768,
-0.080040,
-0.128847,
0.049448,
0.014545,
-0.029226,
-0.070109,
0.084215,
0.016751,
0.017168,
-0.020335,
0.014278,
0.087628,
0.030480,
0.019805,
0.012979,
0.034269,
-0.004269,
-0.049158,
0.062180,
-0.033733,
-0.013057,
-0.009289,
-0.046652,
0.007762,
0.049365,
0.058597,
-0.004527,
0.074275,
0.009416,
-0.017481,
-0.014830,
0.050719,
0.021759,
0.063653,
-0.016970,
0.046222,
0.038858,
-0.073220,
-0.053729,
0.069228,
-0.070419,
-0.041485,
-0.074960,
-0.083370,
-0.045899,
-0.023714,
-0.052246,
-0.044635,
-0.064406,
0.066741,
0.082417,
-0.046571,
0.058463,
0.006713,
-0.028776,
-0.060122,
-0.004401,
-0.072477,
0.075710,
-0.008745,
0.002798,
0.041789,
0.014089,
-0.013064,
-0.061733,
-0.014240,
0.051036,
-0.047335,
-0.058190,
0.004141,
-0.057933,
0.103596,
-0.006509,
-0.059731,
-0.001431,
0.044253,
-0.055939,
0.008224,
0.032674,
0.047417,
0.074820,
0.016374,
-0.054699,
0.003623,
0.067358,
0.058177,
-0.075638,
-0.079636,
-0.102785,
0.049602,
0.006092,
0.010197,
0.020524,
0.011766,
-0.051968,
0.070670,
-0.019736,
-0.007628,
-0.038294,
0.010276,
-0.091626,
-0.081241,
-0.032723,
0.017135,
0.091034,
-0.051679,
-0.010958,
0.068923,
-0.054043,
0.071912,
-0.052117,
0.074462,
0.063193,
0.018310,
0.007522,
0.052696,
0.000798,
0.061695,
-0.037547,
-0.007276,
0.011619,
0.079032,
0.061632,
0.043778,
0.059387,
-0.083091,
0.089875,
-0.087854,
0.069584,
-0.076336,
0.040019,
0.035883,
-0.025516,
-0.027743,
-0.020711,
-0.024339,
-0.035425,
-0.032040,
-0.047273,
-0.023776,
-0.003741,
-0.035638,
0.045402,
-0.069861,
0.071884,
0.013956,
-0.005018,
-0.072940,
-0.002495,
-0.084586,
-0.012610,
0.046583,
-0.080885,
0.016333,
-0.082333,
0.003843,
0.006465,
-0.061866,
-0.013682,
-0.064076,
0.014985,
-0.034044,
-0.065319,
0.021543,
-0.004935,
-0.026263,
-0.079941,
0.026514,
0.075869,
-0.071125,
-0.071284,
-0.067620,
0.018083,
-0.030458,
-0.089307,
-0.072989,
-0.022185,
0.019230,
0.010595,
0.054207,
-0.047914,
-0.021901,
-0.050708,
0.082806,
0.022246,
-0.061832,
-0.030257,
0.010766,
0.083172,
-0.009913,
0.037763,
-0.026163,
-0.073861,
0.062186,
0.083374,
-0.020088,
0.011945,
-0.012801,
0.020100,
0.011322,
-0.035526,
-0.073900,
-0.012739,
-0.023737,
-0.064038,
0.066005,
-0.000719,
-0.064593,
-0.042428,
0.029752,
-0.063466,
-0.080110,
0.053942,
0.079056,
0.058694,
-0.023929,
-0.065599,
-0.011720,
-0.059028,
0.056604,
0.008226,
0.028600,
0.054708,
0.024630,
-0.044324,
-0.010671,
0.002566,
0.064173,
0.058741,
0.035084,
0.037267,
-0.068625,
0.082543,
-0.086477,
-0.002836,
0.059172,
-0.014868,
0.063022,
-0.058602,
-0.031542,
-0.052646,
0.030355,
-0.027624,
0.080584,
0.057903,
0.010591,
0.056137,
-0.062929,
0.022505,
0.047434,
-0.080069,
-0.015331,
-0.005357,
0.062618,
-0.074992,
0.072474,
0.064931,
-0.027319,
-0.084784,
-0.078791,
0.012656,
0.002338,
0.041644,
0.009571,
0.008087,
0.073449,
0.092693,
0.035420,
0.015692,
-0.086346,
-0.038396,
-0.073123,
0.007244,
0.063857,
0.044410,
0.049298,
0.032352,
-0.064724,
-0.068170,
-0.009947,
-0.052986,
0.000184,
-0.063568,
0.075613,
-0.027775,
-0.012769,
0.011615,
-0.083766,
-0.049957,
0.077516,
0.076916,
0.056761,
0.012704,
0.084387,
0.034338,
-0.018261,
0.047729,
0.019824,
-0.000495,
-0.028592,
-0.028308,
0.027466,
0.047056,
0.013341,
0.056948,
-0.064227,
0.058654,
0.015026,
-0.031399,
0.074666,
-0.010643,
-0.058287,
-0.015468,
0.045114,
0.069229,
-0.084969,
0.006004,
0.043209,
0.008283,
-0.040229,
0.079358,
-0.022673,
0.069925,
0.000380,
-0.070413,
-0.070863,
0.055358,
0.054415,
0.029384,
-0.017331,
-0.033445,
0.018716,
-0.013093,
0.081534,
0.001307,
0.004668,
0.051396,
-0.028879,
-0.030133,
0.029629,
0.052655,
0.042834,
0.031297,
0.036585,
0.070498,
-0.037571,
-0.051016,
0.070866,
0.033664,
0.000442,
0.042439,
-0.034169,
-0.042354,
-0.086371,
0.005368,
-0.045688,
0.008838,
-0.048847,
-0.012630,
0.055658,
-0.058309,
0.071490,
0.076083,
-0.024233,
0.011154,
-0.055056,
0.017928,
0.028932,
-0.072115,
0.037470,
0.044907,
0.034798,
0.054001,
0.014395,
-0.012841,
0.063027,
-0.080610,
-0.003589,
-0.026451,
-0.056486,
-0.078272,
-0.051864,
0.016944,
0.020936,
-0.042079,
-0.000016,
0.085415,
-0.006373,
-0.021425,
-0.007833,
0.047898,
0.035889,
0.085808,
0.074697,
0.039571,
-0.075907,
-0.035230,
0.054326,
0.085973,
-0.085908,
-0.047274,
0.037258,
-0.041332,
0.017874,
0.073598,
0.031162,
0.065983,
-0.063649,
-0.059200,
0.039068,
0.078714,
-0.044797,
-0.036006,
-0.060559,
0.019560,
0.081519,
0.055242,
0.058122,
-0.076243,
0.069102,
0.063803,
0.034473,
-0.024852,
0.058702,
-0.036261,
-0.063430,
0.016689,
0.029549,
0.053881,
0.078155,
0.021062,
-0.049702,
0.025349,
0.029448,
-0.044431,
0.049839,
0.007527,
-0.058224,
-0.072395,
0.080755,
0.060272,
-0.064183,
-0.033753,
0.082851,
-0.076685,
-0.004023,
-0.044402,
0.029644,
0.037645,
0.066629,
-0.051041,
0.087480,
0.069153,
-0.019027,
-0.003332,
-0.045388,
0.025452,
-0.024988,
0.059808,
-0.052318,
0.033060,
0.000344,
-0.068540,
0.076920,
0.008802,
-0.079923,
-0.082367,
-0.016867,
0.076044,
0.081237,
0.074615,
0.064265,
0.024249,
-0.075805,
-0.034931,
-0.018974,
-0.000116,
0.018494,
-0.039318,
-0.042934,
-0.038982,
-0.057776,
-0.056405,
0.055076,
0.016279,
-0.049389,
-0.030597,
0.082568,
-0.021620,
0.046364,
0.084985,
0.021150,
0.060290,
-0.009227,
0.076118,
-0.035135,
-0.081082,
0.015123,
-0.023149,
-0.001153,
0.032504,
0.078851,
0.038725,
0.076233,
0.062685,
0.090537,
-0.066705,
-0.019961,
0.015530,
0.026851,
0.040540,
-0.011779,
-0.053713,
0.019041,
0.072767,
0.055630,
0.016755,
0.001710,
-0.088168,
-0.062385,
-0.018186,
0.026451,
-0.045962,
0.022759,
0.073287,
0.007448,
-0.045957,
0.006867,
0.075840,
-0.079808,
0.002624,
0.053188,
-0.024206,
0.019397,
0.056063,
0.058036,
-0.086250,
-0.043953,
0.054561,
0.086995,
0.087842,
-0.075497,
0.000880,
0.068766,
-0.038143,
-0.089031,
0.049069,
-0.061961,
-0.065073,
0.037227,
-0.050235,
0.071173,
0.030442,
-0.036947,
-0.033992,
0.005657,
-0.020161,
-0.000067,
-0.066123,
-0.036450,
-0.080749,
-0.006040,
-0.002583,
-0.018534,
-0.026789,
-0.005284,
0.057952,
-0.089611,
0.062209,
0.082726,
0.074597,
0.062287,
0.059991,
-0.025080,
-0.045271,
-0.050818,
0.045110,
-0.048289,
-0.038303,
-0.016761,
-0.038498,
-0.009815,
0.057182,
-0.080126,
-0.021556,
-0.023320,
0.016425,
0.021001,
-0.055177,
-0.024076,
0.044722,
0.070072,
-0.078914,
0.032844,
-0.094825,
0.085160,
-0.083609,
-0.033901,
-0.028660,
0.029769,
0.047655,
0.076368,
-0.002624,
-0.036957,
0.023209,
0.030664,
0.022189,
-0.036734,
-0.050382,
-0.007749,
-0.073210,
0.001007,
0.095624,
-0.080008,
0.070898,
-0.047490,
-0.009979,
-0.099455,
0.000925,
-0.043676,
-0.083167,
0.048747,
-0.090891,
-0.084180,
0.022098,
0.029814,
0.074321,
-0.010587,
0.029440,
-0.081718,
-0.041329,
-0.073467,
-0.022823,
0.112600,
0.046588,
0.027700,
-0.039159,
0.059506,
-0.036773,
-0.036529,
-0.041920,
0.078954,
-0.048644,
0.074680,
-0.077691,
-0.056283,
-0.065581,
0.049406,
-0.023322,
-0.030065,
-0.033827,
-0.004366,
-0.000735,
-0.057397,
-0.003119,
0.024288,
0.042254,
-0.037467,
0.033238,
-0.016115,
0.028962,
0.028127,
0.001038,
0.054193,
0.030558,
-0.042216,
0.007739,
-0.090648,
-0.003164,
-0.014164,
0.028806,
0.071701,
-0.043659,
-0.093546,
0.011118,
-0.073733,
-0.038705,
0.031238,
-0.030088,
0.044200,
-0.016133,
0.020102,
0.094426,
0.058393,
0.059978,
0.069111,
-0.088573,
-0.071682,
-0.003737,
0.107059,
-0.084426,
0.017318,
0.014542,
-0.058587,
-0.089106,
-0.052553,
0.008096,
0.000940,
-0.044379,
-0.071159,
-0.078716,
-0.022220,
-0.029674,
0.074891,
0.020364,
0.027783,
-0.009013,
0.036435,
0.056681,
-0.057862,
-0.070173,
0.007456,
-0.017328,
-0.040114,
0.015896,
0.023732,
0.020960,
-0.059645,
0.051401,
0.023914,
0.075977,
0.013834,
0.056724,
0.016572,
-0.006010,
0.051866,
-0.014476,
0.145849,
0.047353,
0.010414,
0.050794,
0.043951,
0.066326,
0.075326,
0.058343,
0.040372,
0.022049,
-0.022187,
0.027188,
-0.005190,
-0.042990,
0.018450,
-0.037461,
0.002865,
0.075412,
-0.117888,
0.043427,
0.041746,
-0.010184,
-0.090969,
-0.077091,
0.035174,
0.043850,
0.024329,
-0.029206,
-0.032240,
0.044482,
0.049952,
0.006403,
-0.015256,
0.061675,
0.102560,
-0.062196,
-0.087802,
0.039675,
-0.064454,
-0.035049,
0.059617,
-0.030930,
0.063696,
0.037908,
0.023331,
-0.016627,
0.023568,
-0.018791,
0.053600,
0.043575,
-0.098438,
-0.021008,
-0.055561,
-0.024826,
0.018712,
-0.040508,
-0.035307,
0.062137,
-0.071717,
-0.050188,
-0.005951,
-0.001557,
-0.093872,
0.045549,
0.119602,
0.041065,
-0.055666,
-0.033522,
-0.065508,
0.008556,
-0.058219,
-0.064633,
0.045406,
0.058429,
0.010864,
-0.031022,
-0.044541,
0.026869,
0.058565,
0.124139,
-0.055693,
0.036994,
-0.089261,
0.070070,
-0.034982,
-0.077192,
-0.004387,
-0.067263,
0.017124,
0.024369,
0.002156,
-0.099225,
-0.025830,
0.005150,
-0.053741,
0.000808,
0.087303,
0.108147,
0.002639,
0.046589,
0.071272,
0.002612,
-0.032340,
-0.063794,
-0.042287,
-0.017935,
-0.086360,
-0.020149,
-0.027238,
0.045689,
0.073687,
-0.098473,
0.002954,
-0.102050,
-0.073913,
-0.019731,
0.020944,
-0.066434,
0.005211,
-0.003620,
0.066395,
0.054178,
-0.005407,
-0.062386,
-0.003186,
-0.036648,
-0.004995,
-0.065621,
0.059210,
-0.082170,
-0.056918,
0.026063,
-0.018926,
-0.034194,
-0.077580,
-0.060469,
-0.060545,
0.013301,
-0.013107,
0.046098,
0.112999,
0.002953,
-0.071360,
0.035690,
0.035681,
0.034341,
0.020759,
0.042122,
-0.066965,
0.065297,
-0.011712,
-0.046027,
-0.004457,
-0.104016,
0.076680,
-0.037171,
0.048606,
0.038763,
0.048964,
0.033810,
0.129207,
0.031953,
0.003104,
-0.023874,
-0.042505,
0.068844,
-0.004183,
-0.041265,
0.060152,
-0.088076,
0.023550,
-0.064896,
-0.014092,
0.089758,
-0.054263,
-0.006920,
-0.019843,
-0.134390,
-0.090021,
-0.070813,
0.048828,
0.081571,
-0.045125,
-0.012674,
-0.053282,
-0.009555,
-0.031640,
0.009234,
-0.022152,
0.061102,
-0.055375,
-0.014615,
-0.015310,
-0.085227,
0.037056,
-0.018279,
-0.142012,
0.055104,
0.003600,
0.034799,
0.034585,
-0.005810,
-0.017184,
0.039250,
-0.017912,
0.041440,
-0.025517,
0.067419,
0.084876,
0.026570,
0.001687,
0.008806,
0.074227,
-0.025275,
-0.042184,
-0.106632,
0.062591,
0.071820,
0.077591,
-0.074099,
-0.019604,
-0.035175,
-0.024218,
0.007060,
-0.025679,
0.102116,
0.123064,
-0.051123,
-0.018095,
0.126463,
0.026139,
-0.059670,
-0.034250,
-0.067439,
0.090426,
0.008550,
0.016286,
0.048142,
0.029402,
0.070285,
-0.006291,
-0.086247,
-0.098973,
0.058359,
0.007510,
-0.049628,
-0.046725,
-0.049836,
0.036420,
0.021565,
0.009280,
0.031030,
-0.032345,
-0.018057,
-0.024731,
-0.052966,
0.035829,
-0.090992,
0.018133,
0.107772,
-0.037163,
0.073253,
0.020774,
0.004806,
-0.072919,
0.079469,
0.019592,
0.070182,
0.097416,
0.046194,
-0.093183,
-0.021895,
0.016332,
0.107550,
-0.018846,
0.078558,
-0.042720,
0.097931,
-0.075867,
-0.082392,
0.054007,
0.116436,
0.068934,
-0.094755,
0.047929,
-0.007877,
0.059849,
-0.057191,
0.107449,
0.122279,
-0.014709,
0.030355,
0.030792,
0.056029,
0.042279,
0.020793,
-0.042700,
-0.035302,
0.002819,
0.043267,
0.011804,
-0.059419,
-0.036010,
-0.032014,
0.068640,
-0.004248,
-0.057459,
-0.023053,
0.008896,
0.029989,
0.073151,
0.011560,
-0.040496,
-0.050631,
-0.041828,
-0.082103,
0.080072,
0.060890,
0.095368,
-0.056831,
-0.144714,
-0.095336,
0.043772,
0.107374,
-0.111182,
-0.043279,
-0.061481,
-0.111181,
-0.016344,
-0.023545,
-0.023439,
-0.071842,
0.036926,
0.029599,
-0.058828,
-0.049129,
0.102899,
0.031778,
-0.028792,
0.052643,
-0.021342,
0.055407,
0.008337,
-0.050237,
-0.053628,
0.053181,
0.078714,
-0.064115,
0.032001,
-0.063214,
0.000552,
-0.008664,
0.095678,
0.080463,
-0.002779,
-0.049389,
-0.072196,
0.148151,
0.042892,
0.013430,
0.059142,
-0.000933,
0.078343,
0.061548,
0.032823,
-0.006924,
0.022205,
-0.074629,
-0.008481,
-0.102459,
-0.029655,
-0.055943,
-0.018107,
0.079405,
-0.062238,
-0.088081,
0.011166,
0.053039,
0.045557,
-0.061674,
-0.035967,
0.081943,
0.079081,
0.075463,
-0.221212,
0.039660,
-0.084029,
0.069261,
-0.030905,
-0.004349,
-0.092936,
-0.110718,
0.052434,
0.032581,
0.111526,
-0.041647,
0.031719,
0.083428,
0.040153,
0.082847,
-0.047670,
0.057423,
-0.029177,
0.042751,
0.034781,
-0.011600,
-0.057047,
0.058099,
0.002256,
0.095898,
0.013565,
-0.056849,
0.066261,
0.019904,
0.080330,
0.003751,
0.025144,
0.151894,
-0.055406,
-0.022115,
-0.021953,
-0.005609,
0.003294,
-0.005788,
0.025500,
0.055785,
0.044361,
-0.073955,
-0.024803,
-0.052651,
-0.000381,
0.005406,
0.103797,
-0.115850,
0.131353,
0.080713,
-0.055443,
0.062178,
-0.050461,
0.025087,
-0.064279,
0.013341,
-0.060339,
-0.053044,
0.086200,
-0.018806,
0.014959,
0.000316,
-0.202304,
0.023576,
-0.061014,
0.100650,
-0.069243,
0.008736,
-0.070450,
-0.065536,
0.036737,
0.035061,
-0.066789,
0.048646,
-0.129851,
0.017863,
-0.027878,
0.025613,
0.071954,
-0.071517,
-0.116001,
-0.032002,
0.003379,
0.037354,
0.027197,
0.004305,
0.013194,
0.114797,
-0.082282,
-0.046012,
0.013507,
0.077488,
-0.088178,
-0.096983,
0.080286,
0.139878,
-0.093697,
0.041131,
0.047489,
0.027631,
-0.008367,
-0.021398,
0.015260,
-0.035365,
0.032908,
0.069504,
0.051910,
-0.053530,
-0.096247,
0.024447,
0.027107,
0.013997,
0.047090,
0.000197,
0.003580,
0.074043,
0.005828,
-0.060388,
-0.043810,
-0.021404,
0.053667,
0.090488,
0.003243,
0.047792,
0.004149,
0.073756,
-0.117182,
-0.030921,
-0.034118,
0.048400,
-0.015434,
0.042392,
-0.073397,
0.044054,
-0.050762,
-0.003030,
-0.017961,
-0.020196,
-0.148645,
0.043166,
-0.015626,
0.003573,
0.019844,
-0.037368,
-0.003017,
0.103539,
-0.029635,
0.092992,
-0.041391,
0.032238,
-0.014135,
-0.020543,
0.035885,
-0.009183,
0.012189,
0.077471,
-0.074652,
-0.073713,
-0.042341,
0.150566,
-0.107055,
-0.051228,
-0.058949,
-0.091409,
0.064544,
-0.058968,
-0.021151,
0.048873,
0.004747,
0.073536,
0.085441,
-0.061184,
-0.093994,
-0.001952,
0.077866,
-0.054120,
0.140515,
-0.049753,
0.025032,
0.028636,
-0.057701,
-0.067640,
-0.068225,
-0.040250,
0.041378,
0.090030,
0.015974,
0.103367,
-0.018089,
0.142710,
-0.012503,
0.071116,
0.090455,
-0.041410,
0.061824,
0.049867,
0.004153,
-0.050661,
0.073707,
-0.019889,
0.025946,
0.031387,
0.020637,
0.008686,
0.049229,
-0.013323,
-0.087126,
0.026823,
-0.125316,
-0.050727,
-0.035649,
0.015867,
-0.029755,
-0.006550,
0.081032,
0.084577,
0.066264,
0.042014,
-0.036355,
0.011829,
0.052629,
0.093552,
0.080681,
0.117119,
-0.040463,
-0.029072,
-0.016757,
-0.132187,
0.031227,
0.091027,
-0.009612,
0.004690,
0.085128,
0.026212,
-0.007559,
0.016528,
-0.005814,
-0.018487,
0.177708,
-0.115754,
0.067348,
-0.012040,
0.043822,
-0.023319,
0.052175,
-0.007395,
-0.085440,
-0.025920,
0.056576,
0.017201,
0.034668,
0.023220,
0.050142,
0.086313,
0.027867,
0.005923,
0.062316,
-0.063661,
-0.000068,
-0.076039,
-0.096304,
-0.059897,
-0.021054,
-0.028038,
0.008775,
-0.033191,
-0.016172,
0.037994,
0.102434,
-0.014792,
0.024677,
-0.005838,
-0.063774,
0.086237,
-0.000537,
0.007580,
0.049003,
0.023171,
-0.037270,
0.075844,
0.013303,
-0.068966,
-0.090427,
0.037426,
-0.035195,
-0.066977,
0.094138,
0.046624,
-0.018537,
-0.004115,
0.062346,
-0.099699,
0.027312,
0.008707,
-0.075387,
-0.094440,
-0.065260,
0.102266,
0.012666,
-0.038101,
-0.023296,
-0.051216,
0.124679,
-0.009438,
0.018627,
-0.028262,
0.093670,
0.051720,
-0.015949,
0.012394,
-0.017256,
-0.084098,
-0.039402,
0.043174,
0.028200,
0.013750,
0.040312,
0.117111,
0.107541,
0.036938,
0.026406,
0.054225,
0.078795,
0.008686,
-0.036022,
0.034321,
0.058027,
0.020733,
0.026049,
-0.023590,
0.069792,
-0.003561,
0.046577,
-0.016410,
0.047739,
0.017202,
-0.023676,
-0.027577,
-0.000499,
-0.004876,
0.058987,
-0.010250,
0.063296,
-0.079746,
0.003142,
-0.034562,
-0.131198,
0.097012,
0.043996,
0.068693,
-0.007085,
-0.016714,
0.015148,
0.068515,
-0.037858,
-0.024304,
0.035044,
0.056855,
0.070692,
0.054704,
0.082599,
0.024641,
-0.074748,
-0.001130,
0.056073,
0.053743,
0.091326,
-0.124236,
-0.066866,
-0.004635,
0.002417,
0.085636,
0.015012,
-0.024887,
-0.073192,
-0.037274,
0.041434,
0.085007,
-0.035907,
0.038042,
-0.007157,
0.055041,
0.008650,
-0.036524,
-0.067900,
0.041081,
-0.043574,
0.052579,
-0.028453,
-0.030326,
-0.074712,
0.005395,
-0.038926,
-0.048168,
-0.074627,
-0.078720,
-0.023753,
0.035901,
0.008841,
-0.083990,
-0.060011,
0.071743,
-0.063809,
-0.009974,
-0.078406,
-0.009963,
0.076546,
0.007465,
0.093168,
-0.012041,
-0.039851,
-0.048818,
-0.000324,
-0.052719,
0.043070,
-0.054277,
-0.013850,
-0.042339,
-0.035939,
-0.060981,
0.039827,
-0.040455,
-0.028222,
0.000886,
0.024885,
-0.081336,
0.015633,
0.074216,
-0.016274,
-0.086819,
0.069597,
-0.021376,
0.041747,
0.061197,
-0.012292,
-0.034923,
-0.058575,
-0.055432,
0.012472,
0.012534,
-0.039567,
-0.010578,
-0.041107,
-0.040860,
0.086999,
0.008794,
0.063778,
-0.082252,
-0.010145,
0.024130,
0.046602,
-0.021038,
0.002800,
0.041867,
0.029941,
-0.016326,
0.058291,
0.033881,
-0.044208,
0.068243,
-0.016416,
0.048161,
0.031624,
0.001473,
-0.074284,
-0.004906,
-0.072249,
-0.074339,
0.061393,
0.017208,
-0.035294,
0.011902,
-0.067666,
0.075448,
-0.099420,
-0.067767,
0.038124,
0.093061,
-0.012814,
0.057057,
-0.028702,
-0.016364,
0.057101,
-0.060923,
0.076843,
-0.039462,
0.055592,
0.036372,
-0.063400,
-0.074145,
0.039915,
0.084463,
0.093095,
-0.075184,
0.171960,
-0.100704,
0.047833,
-0.005278,
0.075639,
-0.045450,
0.061326,
-0.068910,
0.063712,
-0.083680,
-0.092119,
0.052894,
0.041084,
-0.029221,
-0.025932,
-0.023437,
0.099674,
-0.002542,
-0.012897,
-0.133997,
-0.016069,
-0.046191,
-0.061896,
-0.009253,
-0.019377,
0.027975,
-0.086774,
-0.007989,
0.080320,
-0.103139,
0.035463,
-0.079134,
0.044910,
0.024049,
-0.078180,
-0.074842,
0.040060,
-0.001335,
-0.063147,
0.010797,
-0.048391,
-0.001236,
0.065068,
-0.055685,
0.000748,
-0.081412,
0.007024,
-0.076671,
0.028334,
0.033928,
-0.048175,
0.039214,
-0.043236,
-0.073306,
-0.008239,
-0.050133,
0.042576,
-0.038616,
-0.008880,
-0.083155,
-0.113237,
0.000639,
0.014492,
-0.049508,
0.022139,
-0.002878,
-0.020113,
-0.024295,
0.054151,
0.058584,
0.027428,
-0.008532,
0.009168,
-0.035001,
-0.092970,
-0.062126,
-0.026883,
-0.044294,
0.082019,
-0.036295,
0.001738,
-0.078727,
0.009057,
-0.069871,
0.004046,
-0.048477,
-0.005771,
0.066030,
-0.023172,
0.071740,
-0.002803,
0.002414,
-0.037875,
0.040546,
0.029265,
0.048538,
-0.034134,
0.042901,
0.012818,
-0.076834,
-0.069265,
0.027380,
0.039965,
-0.068497,
0.059725,
-0.040416,
-0.081190,
-0.084984,
-0.048895,
0.061724,
0.054316,
-0.022122,
0.064843,
-0.073176,
0.057746,
0.006154,
0.004978,
0.029466,
0.025783,
0.000086,
0.099179,
0.039204,
-0.062629,
0.034068,
-0.107737,
0.061744,
0.096393,
-0.077488,
0.058430,
-0.034263,
0.023961,
-0.001232,
-0.028766,
-0.058050,
-0.066880,
-0.026793,
0.043537,
-0.041211,
-0.003279,
-0.016310,
-0.006338,
-0.091683,
0.014864,
0.066606,
-0.002926,
0.002302,
0.058755,
-0.052470,
-0.088072,
0.024151,
-0.015280,
-0.002471,
-0.022171,
0.021680,
0.046062,
0.053437,
-0.039077,
-0.120146,
0.083367,
-0.071999,
0.092378,
0.055354,
-0.062846,
-0.072756,
0.057720,
0.094940,
0.020807,
-0.044657,
-0.033664,
0.013303,
0.046761,
-0.031697,
-0.032060,
-0.066961,
-0.021361,
-0.006975,
0.025962,
0.077343,
-0.048902,
-0.057395,
-0.031193,
-0.036121,
0.024781,
-0.047576,
-0.054744,
0.019909,
-0.025746,
-0.106870,
0.059637,
-0.074280,
-0.008990,
0.005099,
0.031612,
-0.099424,
-0.019409,
0.109006,
0.038257,
0.069285,
0.019255,
0.065607,
0.021495,
0.038140,
-0.062501,
0.065133,
0.064544,
0.045243,
-0.065403,
0.041707,
0.073203,
0.027038,
-0.006875,
-0.039539,
-0.014240,
0.053814,
-0.049340,
-0.026603,
-0.019267,
-0.003687,
0.045371,
0.071828,
0.084529,
-0.099555,
0.028212,
-0.069309,
-0.066231,
0.007148,
-0.070976,
0.019706,
-0.061279,
0.045916,
-0.025823,
0.065153,
0.075693,
0.065048,
0.066538,
0.015370,
-0.111648,
-0.030847,
-0.002174,
0.083960,
-0.037415,
-0.055509,
0.030204,
-0.015121,
-0.082157,
-0.008736,
-0.038876,
0.096772,
-0.025086,
0.051011,
0.006576,
-0.062871,
0.016340,
0.027389,
0.058960,
-0.065701,
-0.004723,
-0.079167,
0.015825,
-0.012190,
-0.006756,
0.081912,
-0.005072,
-0.052959,
0.027643,
0.055567,
0.008445,
0.066414,
-0.029927,
0.070759,
-0.072788,
-0.050437,
-0.038814,
0.062187,
-0.081789,
-0.049230,
-0.026110,
-0.075442,
0.059527,
-0.018801,
0.052483,
0.026690,
-0.001626,
-0.001960,
-0.054709,
-0.069469,
-0.062885,
-0.001579,
0.049058,
0.089382,
-0.032613,
-0.012734,
-0.008996,
0.082228,
-0.010081,
-0.059325,
0.018940,
0.043590,
0.047755,
0.060330,
-0.010530,
-0.050952,
0.091763,
-0.007349,
-0.061471,
0.013682,
0.056361,
-0.027812,
-0.056774,
-0.031104,
0.027691,
0.048364,
-0.080544,
0.058411,
-0.023550,
-0.006396,
-0.062263,
-0.050468,
0.009763,
0.034400,
-0.027348,
0.007657,
0.040100,
0.014723,
-0.064434,
-0.002991,
0.084833,
-0.062445,
0.048932,
0.043397,
-0.087599,
0.059638,
-0.045469,
0.009778,
0.076640,
0.059142,
0.042111,
0.055075,
0.069689,
0.011858,
-0.053321,
-0.020401,
-0.069366,
0.031061,
0.014157,
0.075993,
-0.050813,
0.034726,
0.043365,
0.012772,
0.013608,
0.049436,
0.013129,
0.018209,
-0.016966,
0.002752,
0.020409,
-0.002928,
-0.020180,
-0.031287,
0.001194,
-0.057656,
-0.001964,
-0.017241,
-0.042587,
0.058122,
0.010516,
-0.040031,
0.032813,
-0.016264,
0.075881,
0.083296,
0.023448,
-0.078792,
0.005913,
0.001825,
-0.024846,
0.042059,
0.050422,
-0.002268,
-0.064330,
0.018318,
-0.016526,
-0.005852,
-0.022789,
-0.072979,
0.053689,
0.095499,
-0.074699,
0.012228,
-0.077370,
-0.058045,
-0.081558,
0.063103,
0.019949,
-0.018909,
0.056475,
-0.079739,
0.034576,
0.004112,
0.049408,
0.016052,
-0.077918,
-0.070452,
0.051168,
-0.008766,
-0.029834,
-0.061920,
-0.037294,
-0.062752,
-0.003921,
0.033491,
-0.076291,
-0.076615,
-0.051561,
0.030897,
0.008063,
-0.013660,
-0.008092,
-0.067878,
-0.070198,
-0.023267,
-0.045785,
0.061437,
0.078633,
-0.022754,
-0.078935,
-0.053429,
0.041845,
0.009698,
-0.080684,
0.055066,
0.082175,
-0.058716,
0.015737,
-0.015442,
0.085567,
0.025248,
-0.030986,
0.085777,
-0.001980,
-0.062163,
0.026581,
-0.012754,
-0.054302,
-0.072800,
-0.017748,
0.024443,
0.013270,
-0.001058,
0.061208,
-0.035950,
-0.041816,
-0.012445,
-0.044579,
-0.051656,
-0.070732,
-0.064443,
-0.019824,
-0.009324,
-0.072444,
-0.031182,
0.032178,
-0.072484,
0.044882,
0.069214,
-0.082497,
0.007417,
-0.048554,
0.012505,
-0.072515,
0.070282,
-0.040947,
-0.045091,
0.053110,
-0.055922,
0.022967,
0.000965,
-0.024563,
0.007310,
-0.056786,
0.019430,
-0.011797,
-0.017056,
0.023596,
0.076342,
-0.017752,
-0.024322,
-0.021763,
0.085667,
0.081025,
-0.030124,
-0.010405,
-0.001701,
0.077590,
-0.069080,
-0.079688,
-0.025567,
0.037713,
-0.073695,
-0.059602,
-0.010136,
-0.070869,
-0.030022,
0.050007,
0.060896,
0.072578,
-0.029696,
-0.027801,
0.087300,
-0.015930,
-0.030678,
-0.029462,
0.069110,
0.024136,
-0.015099,
0.071981,
0.000304,
-0.018618,
-0.078184,
0.006003,
0.014830,
-0.000733,
-0.004588,
0.069789,
0.048227,
0.046116,
0.056935,
0.043055,
-0.072036,
0.030900,
-0.051883,
0.062186,
0.028705,
0.049770,
0.027112,
0.086384,
0.065500,
-0.070674,
-0.069300,
-0.001400,
-0.009694,
-0.053189,
0.054646,
0.084243,
0.024815,
0.018841,
-0.053594,
-0.008772,
-0.056135,
-0.002726,
0.064091,
0.005804,
0.052900,
-0.053118,
-0.008651,
0.013750,
-0.042549,
-0.002837,
0.075084,
0.024143,
-0.074976,
-0.002908,
0.086026,
0.065627,
0.009335,
-0.015557,
-0.064267,
0.078402,
-0.052345,
0.024118,
0.008073,
0.057722,
0.087234,
0.037377,
0.005451,
-0.011492,
-0.023357,
-0.022742,
0.022537,
0.076518,
-0.013868,
0.000090,
-0.053101,
-0.045858,
0.017049,
-0.004608,
-0.047446,
-0.085676,
-0.005648,
-0.028584,
0.044479,
-0.004715,
0.011998,
-0.061057,
-0.082673,
0.040701,
0.053359,
0.024175,
-0.061253,
0.024645,
0.016617,
0.072139,
-0.013135,
-0.095256,
-0.058006,
-0.051880,
0.061402,
-0.009401,
0.070816,
-0.084386,
-0.033531,
0.030648,
0.081835,
-0.040337,
0.077496,
-0.061167,
-0.047153,
0.056608,
0.067582,
0.091019,
-0.071745,
-0.073508,
0.069247,
0.060672,
-0.029125,
0.032672,
-0.076136,
-0.069240,
-0.016438,
-0.016240,
0.008722,
-0.014848,
-0.044194,
-0.010184,
-0.010691,
-0.050538,
0.049582,
0.066955,
-0.007996,
-0.038035,
0.048135,
-0.018184,
0.017458,
-0.025331,
-0.000300,
0.005024,
0.077572,
-0.023615,
-0.053063,
-0.001451,
0.030576,
0.004100,
0.020108,
0.038941,
-0.061628,
-0.007829,
-0.064374,
0.087642,
-0.049779,
-0.083702,
0.035379,
0.080185,
-0.059670,
-0.079428,
0.076339,
0.056445,
-0.083245,
0.058812,
0.034785,
0.012428,
-0.041679,
0.000624,
-0.041472,
-0.036234,
0.047762,
0.085941,
-0.074127,
-0.018978,
-0.054284,
-0.006631,
-0.077036,
-0.009558,
-0.030176,
-0.072751,
-0.018681,
0.016627,
0.042029,
0.053024,
-0.022599,
0.089360,
-0.033468,
-0.013105,
0.064310,
0.032055,
0.000250,
-0.007237,
-0.033725,
0.032404,
0.069034,
-0.053408,
0.042445,
0.056600,
-0.035817,
0.006509,
-0.043647,
-0.038516,
0.046379,
-0.061471,
0.003961,
0.027523,
-0.076137,
-0.018406,
0.049761,
0.016321,
-0.067610,
-0.060838,
0.060325,
-0.004163,
0.042468,
-0.022486,
0.013138,
0.090751,
0.062662,
-0.043164,
-0.001454,
0.035679,
-0.081910,
-0.033929,
0.081645,
0.004936,
0.059389,
-0.074883,
-0.050575,
0.057549,
-0.029238,
0.075235,
0.009043,
0.005959,
0.043359,
0.090984,
-0.044602,
-0.023581,
0.068828,
0.080127,
0.046758,
-0.038792,
-0.071871,
0.030697,
-0.005197,
0.065717,
0.006083,
-0.070997,
-0.054779,
0.035319,
0.058011,
-0.030053,
0.046135,
0.024564,
0.014188,
-0.037860,
-0.074638,
-0.078428,
-0.054489,
0.082184,
0.047759,
-0.002422,
-0.060485,
-0.071527,
-0.094295,
0.044373,
0.019781,
-0.018189,
-0.064571,
0.054318,
-0.079879,
0.051730,
-0.035393,
0.005626,
0.030885,
-0.018038,
0.050364,
0.047636,
0.006066,
-0.001199,
-0.080377,
-0.078487,
-0.081537,
-0.007427,
0.023014,
-0.034756,
0.016533,
-0.017387,
-0.074231,
-0.047887,
0.023487,
-0.067940,
-0.001962,
0.046894,
0.035627,
0.029335,
-0.006751,
-0.014500,
0.031926,
-0.074362,
-0.068050,
-0.054966,
0.005849,
0.084423,
0.057422,
-0.023901,
-0.042775,
-0.053873,
0.010713,
-0.094617,
0.062512,
0.049761,
-0.026983,
0.127440,
0.018819,
-0.017910,
0.073878,
0.007371,
0.070105,
0.016811,
0.039093,
0.014376,
-0.054302,
-0.045364,
0.059974,
0.082121,
-0.035101,
-0.068253,
-0.030869,
-0.049193,
-0.023491,
-0.049122,
0.036989,
0.036022,
0.071980,
0.053999,
-0.053178,
-0.062010,
0.042193,
-0.066381,
-0.074344,
0.028803,
-0.083478,
-0.007251,
-0.108012,
-0.038679,
0.013150,
-0.030270,
-0.065384,
-0.049173,
-0.010446,
-0.031784,
0.044811,
-0.016559,
-0.092408,
0.071923,
0.059574,
-0.091598,
-0.033930,
0.014078,
0.012833,
-0.054904,
0.064147,
-0.061114,
-0.002319,
-0.055851,
-0.060807,
-0.027906,
-0.087917,
-0.047752,
0.079109,
-0.018940,
0.024073,
0.045979,
0.058965,
0.058343,
0.013930,
0.035047,
-0.076292,
0.017204,
-0.058695,
0.053609,
-0.024474,
0.016250,
0.068717,
-0.054854,
-0.028942,
-0.035493,
-0.044799,
-0.088432,
-0.076306,
-0.056371,
-0.111775,
-0.074114,
-0.076806,
0.020784,
0.062878,
0.020786,
-0.047722,
0.047887,
0.017839,
0.015479,
0.014704,
0.057146,
-0.045193,
-0.049628,
0.046785,
0.050064,
-0.053491,
0.069345,
-0.004391,
-0.017463,
-0.059181,
0.012559,
-0.006853,
0.000503,
0.067341,
0.070496,
0.068806,
-0.077323,
-0.052788,
-0.083961,
-0.010235,
0.001791,
0.036973,
-0.079437,
0.003447,
0.025603,
-0.058146,
0.007354,
-0.018079,
-0.021453,
-0.105960,
0.017410,
-0.042867,
0.076164,
-0.000143,
-0.006718,
0.035728,
0.059315,
0.004184,
0.109055,
0.062002,
0.031704,
-0.073881,
0.019636,
0.030717,
-0.047373,
-0.079043,
0.043516,
0.059278,
0.098356,
0.027522,
0.067695,
-0.011641,
-0.015353,
-0.074661,
-0.000155,
0.014695,
0.007769,
-0.083452,
-0.000569,
-0.029484,
0.035977,
-0.030874,
-0.020118,
-0.058004,
0.058203,
-0.048474,
-0.033386,
-0.068296,
0.010849,
-0.076844,
0.029502,
-0.007609,
-0.011628,
0.077289,
-0.010745,
0.041696,
0.017156,
-0.041776,
-0.036277,
-0.048232,
0.014874,
0.043045,
-0.064000,
0.050400,
-0.018704,
-0.028026,
-0.039597,
0.002210,
-0.028670,
-0.014508,
0.033261,
-0.058950,
0.095170,
-0.053822,
0.000489,
0.010979,
0.022918,
-0.065455,
-0.091569,
0.012881,
0.050941,
0.040201,
0.076147,
0.086451,
0.035502,
0.088473,
-0.032443,
-0.006919,
-0.051805,
-0.023454,
0.058122,
0.044361,
0.096148,
-0.078460,
-0.068438,
-0.060140,
-0.084293,
-0.076724,
-0.110943,
-0.026012,
0.103502,
-0.059758,
-0.087846,
-0.037631,
0.010494,
-0.036207,
-0.073336,
-0.037177,
-0.034480,
-0.022343,
0.032151,
0.018860,
-0.015020,
0.028180,
-0.022690,
-0.082625,
0.019539,
0.006838,
-0.062080,
0.017167,
0.049282,
0.087234,
0.038997,
-0.020689,
0.115223,
-0.010178,
-0.063797,
0.047853,
-0.063132,
-0.020589,
-0.074459,
0.051882,
0.076263,
-0.046900,
0.023138,
-0.040489,
0.093363,
-0.033501,
0.060134,
-0.075626,
0.064448,
-0.057473,
0.042915,
-0.014108,
0.058187,
-0.026327,
0.077096,
0.065841,
-0.054061,
-0.001675,
-0.026056,
-0.073250,
0.024238,
-0.077010,
0.033290,
0.058829,
0.000699,
-0.012737,
0.046941,
-0.009271,
-0.060820,
-0.085915,
-0.171675,
0.019621,
0.091195,
0.000411,
-0.034650,
-0.013459,
0.033922,
-0.019216,
-0.036501,
-0.087426,
-0.028440,
-0.068467,
-0.050550,
0.021458,
0.086761,
-0.060632,
0.062069,
0.009119,
-0.024278,
-0.047966,
0.010533,
-0.045303,
0.089524,
0.028788,
0.088235,
-0.037520,
0.011908,
0.071613,
-0.085552,
0.037028,
-0.030448,
0.040042,
-0.112882,
0.032518,
0.093215,
0.118302,
-0.005319,
-0.110431,
-0.000019,
0.028120,
0.051952,
0.057388,
0.068929,
0.007330,
0.000097,
0.040854,
-0.002673,
0.003953,
0.137375,
-0.086992,
-0.082664,
0.063044,
0.015441,
0.018375,
0.080425,
0.051633,
0.070639,
0.030619,
0.072456,
0.017236,
0.002717,
-0.068176,
-0.045574,
-0.026089,
-0.213115,
-0.013081,
0.050967,
0.023249,
0.014645,
0.002293,
0.033506,
0.022705,
0.027619,
0.031690,
-0.014936,
0.017641,
-0.000406,
-0.062223,
-0.000723,
0.050967,
0.003543,
0.022721,
-0.095296,
-0.024950,
-0.000806,
-0.100795,
-0.034584,
0.091546,
-0.044719,
0.025422,
0.070669,
0.155679,
-0.109086,
-0.022146,
-0.048168,
-0.000415,
-0.076107,
0.106379,
0.048456,
-0.044186,
-0.061882,
-0.022817,
-0.001311,
0.080032,
-0.042189,
0.044928,
-0.024667,
-0.051343,
0.008052,
0.014436,
0.022218,
-0.024624,
0.048584,
0.012955,
-0.079231,
0.136482,
-0.046888,
0.020334,
0.083990,
-0.095680,
0.066039,
-0.034818,
0.103508,
-0.034652,
-0.008817,
0.069814,
0.002691,
-0.100062,
-0.094833,
-0.003766,
-0.060263,
-0.023096,
-0.054368,
-0.058790,
-0.085949,
-0.007061,
-0.035774,
-0.072914,
0.007047,
0.035446,
0.091255,
0.045806,
-0.116004,
0.033858,
0.010007,
0.053210,
-0.023346,
-0.008138,
-0.052876,
-0.023174,
0.028423,
0.063045,
0.105369,
-0.050969,
0.105293,
0.104604,
-0.039658,
-0.005795,
-0.010566,
0.054130,
-0.079338,
0.044563,
-0.026809,
-0.009972,
0.032019,
-0.064526,
-0.059137,
0.005550,
0.036186,
-0.042355,
-0.000335,
-0.066707,
-0.034835,
-0.051410,
0.122402,
0.091228,
0.085229,
0.067885,
-0.017496,
0.084737,
0.012496,
0.041496,
0.034591,
-0.079270,
0.030565,
-0.041199,
-0.046631,
0.048245,
0.071998,
-0.039677,
-0.035080,
-0.100786,
0.074727,
0.106094,
-0.011324,
0.058069,
0.074523,
-0.055728,
0.023700,
-0.039162,
-0.063599,
-0.039820,
0.086057,
0.077318,
-0.013976,
-0.004686,
-0.075774,
-0.057399,
0.063575,
-0.037919,
0.024941,
-0.051294,
-0.042929,
-0.042518,
-0.081889,
-0.065720,
0.096042,
-0.031022,
-0.050930,
0.121286,
-0.010104,
-0.036128,
-0.009814,
-0.004878,
0.027762,
-0.027377,
0.087071,
0.061349,
0.028073,
-0.045065,
-0.085503,
0.086153,
0.008817,
0.086268,
0.038598,
0.027806,
0.076392,
-0.034445,
0.012483,
0.069155,
0.014323,
0.036467,
-0.059080,
-0.033910,
0.062450,
-0.011078,
-0.039830,
0.026504,
0.045367,
0.032225,
0.058113,
0.064192,
-0.000361,
0.078200,
-0.052947,
0.049678,
0.140486,
-0.028882,
-0.001331,
0.005786,
0.093829,
0.041171,
-0.070558,
0.055780,
0.048215,
0.076620,
0.014122,
0.055264,
0.056185,
-0.012532,
-0.165451,
-0.015875,
-0.015609,
-0.017687,
-0.052182,
-0.014756,
0.062228,
0.031424,
-0.041846,
-0.076382,
0.054150,
-0.071408,
0.009481,
0.029479,
0.089125,
-0.039558,
0.053367,
-0.039031,
0.010595,
0.017639,
0.107830,
0.059773,
-0.025777,
-0.063778,
-0.009578,
-0.030985,
0.002187,
-0.036460,
-0.002260,
-0.054005,
-0.051189,
0.055230,
0.008253,
0.061708,
-0.004197,
0.013618,
-0.091369,
-0.047666,
0.022653,
-0.007292,
0.012705,
0.029058,
0.113524,
0.076541,
0.032796,
0.040637,
-0.048237,
0.013955,
0.054258,
-0.128278,
0.220791,
0.038593,
0.031226,
-0.001709,
-0.034496,
0.036556,
0.065293,
-0.080326,
-0.015267,
-0.062723,
0.035134,
-0.064058,
-0.074076,
0.046644,
-0.123635,
0.040249,
0.044111,
0.110661,
0.005780,
0.004888,
-0.043704,
-0.092097,
0.028468,
-0.084668,
0.096835,
-0.072873,
-0.096372,
0.016845,
-0.006999,
-0.005041,
0.010092,
-0.023910,
-0.017340,
0.115537,
0.051284,
-0.006690,
0.095069,
-0.101213,
-0.082025,
0.067823,
0.080135,
0.011532,
0.068045,
0.063132,
0.062255,
0.054188,
-0.045784,
0.155558,
0.057331,
0.100940,
0.019656,
-0.116871,
0.056360,
0.103597,
0.029943,
-0.060396,
-0.003342,
-0.039282,
0.073571,
-0.031953,
0.045799,
-0.016711,
0.011283,
-0.112633,
0.037336,
-0.024580,
-0.027712,
0.059700,
-0.040610,
-0.012416,
0.081713,
0.033518,
0.014834,
0.086468,
0.074535,
0.029338,
-0.033054,
0.026885,
0.085847,
0.045516,
-0.061575,
-0.033999,
0.014783,
0.036577,
0.038347,
-0.006552,
0.007427,
-0.096607,
0.069825,
0.058301,
-0.107810,
-0.018662,
0.009560,
0.042890,
0.055666,
-0.062097,
-0.000027,
0.070015,
0.053420,
0.055407,
-0.036799,
-0.087621,
0.033267,
0.022286,
-0.032436,
-0.070927,
0.043932,
0.017271,
0.050246,
0.051210,
0.020880,
0.023435,
-0.034692,
0.083672,
-0.038736,
-0.036281,
-0.055566,
0.041571,
0.061068,
0.054762,
0.029327,
0.036040,
0.072671,
-0.026159,
-0.021611,
-0.017957,
0.042007,
-0.110128,
0.028751,
0.068684,
-0.004857,
-0.034401,
-0.028403,
-0.005917,
-0.046939,
0.003565,
-0.000301,
-0.031528,
0.014337,
0.084409,
-0.054801,
-0.028991,
0.130169,
-0.012729,
-0.076943,
0.056707,
0.054312,
-0.057907,
0.014369,
-0.039227,
0.046258,
-0.025288,
-0.006475,
-0.019894,
0.017529,
-0.012595,
0.094163,
0.004563,
0.063957,
-0.048602,
-0.091249,
0.042869,
0.056539,
0.055481,
0.098588,
-0.061595,
0.079420,
-0.026657,
-0.073273,
-0.020746,
-0.040426,
-0.006104,
-0.011769,
0.100464,
-0.015854,
0.118902,
0.058130,
-0.069679,
0.075161,
-0.041998,
0.006767,
-0.050467,
-0.046512,
-0.037701,
0.050357,
0.012019,
0.016667,
-0.041376,
0.017291,
-0.019634,
0.169542,
-0.170931,
-0.049357,
0.027368,
0.070480,
0.058058,
-0.000479,
-0.039555,
0.066467,
0.047482,
-0.059057,
-0.000108,
0.073012,
-0.035175,
0.026776,
0.090779,
0.134187,
0.026875,
-0.051178,
0.063128,
0.068964,
-0.071057,
-0.019198,
-0.052258,
-0.000440,
0.006465,
-0.050191,
-0.053579,
-0.000013,
-0.090384,
0.084504,
0.039943,
0.031392,
0.002139,
0.029035,
0.017918,
0.028414,
0.094021,
0.020608,
-0.098398,
-0.005175,
0.025120,
0.055719,
0.039101,
-0.000701,
0.009873,
0.016924,
-0.017104,
-0.077590,
-0.007988,
-0.044200,
0.078129,
0.023994,
-0.099922,
0.010467,
-0.033098,
-0.051857,
0.053366,
0.056897,
0.029013,
0.096254,
-0.014083,
0.026656,
-0.025183,
0.172942,
-0.146174,
0.055043,
-0.014707,
0.026766,
-0.006617,
0.017058,
-0.014336,
0.008281,
0.075399,
0.061492,
-0.087109,
-0.049711,
0.016118,
-0.054177,
0.054701,
0.067784,
-0.036928,
-0.012286,
-0.033818,
0.006979,
-0.048146,
-0.101833,
-0.055622,
0.079950,
-0.032928,
-0.024933,
-0.015344,
0.103442,
0.012091,
0.084426,
-0.041080,
0.044383,
-0.005463,
-0.109856,
-0.078232,
0.005257,
0.003155,
-0.004816,
0.008077,
-0.005482,
0.025781,
0.016484,
-0.026322,
-0.070585,
0.028734,
0.029002,
0.059250,
-0.029254,
0.079402,
-0.095273,
0.076071,
-0.036818,
0.076778,
0.034269,
-0.079114,
-0.010953,
0.052540,
-0.017726,
0.085815,
-0.066609,
0.064880,
0.002814,
0.000084,
0.113381,
-0.165838,
-0.087215,
-0.029405,
-0.066618,
0.044086,
-0.013296,
0.075574,
-0.082504,
-0.034581,
-0.034143,
-0.062209,
0.073895,
0.056383,
-0.004014,
0.073817,
0.060387,
0.030643,
0.009442,
-0.115154,
-0.037658,
-0.029103,
0.020605,
0.017154,
-0.033351,
-0.058797,
0.053302,
0.022635,
0.074835,
0.035855,
0.028517,
0.023127,
-0.037548,
-0.064314,
-0.002674,
-0.048858,
0.028961,
-0.012539,
0.047862,
0.041909,
-0.030697,
0.034883,
-0.089333,
0.004282,
-0.100798,
-0.048800,
0.039709,
0.019534,
-0.032953,
-0.017873,
0.023527,
-0.002590,
0.079131,
-0.059369,
0.002365,
-0.014353,
-0.033881,
-0.079305,
-0.051775,
-0.056638,
-0.074150,
0.058250,
0.067004,
-0.011935,
0.029508,
-0.021135,
-0.094187,
0.096475,
-0.021166,
0.044062,
0.017813,
0.043162,
0.038411,
0.010774,
0.029209,
-0.012543,
0.060136,
0.005397,
-0.068299,
-0.008627,
-0.036732,
-0.005870,
0.011980,
0.009706,
-0.084273,
-0.091266,
0.019594,
-0.008769,
-0.054199,
-0.009938,
-0.030221,
0.124664,
0.019937,
-0.083003,
-0.043564,
-0.003786,
-0.034249,
0.020530,
-0.133702,
0.047926,
-0.078448,
-0.057840,
0.039614,
-0.059253,
0.023104,
-0.049680,
-0.027388,
-0.051644,
-0.142142,
0.086596,
-0.028190,
0.090018,
-0.019082,
0.017852,
-0.072220,
0.052939,
0.070586,
-0.059402,
0.021431,
-0.046047,
-0.014260,
-0.069424,
-0.030772,
0.003634,
-0.044392,
0.069401,
-0.054546,
-0.026276,
0.013707,
-0.085027,
0.034826,
0.035186,
0.010802,
0.059179,
-0.010524,
-0.012737,
0.080732,
0.085973,
0.045563,
-0.028830,
0.083422,
0.047840,
0.014148,
0.027432,
0.043079,
0.074695,
0.016443,
-0.067309,
0.000404,
-0.045053,
0.012493,
0.030329,
0.085257,
-0.014816,
-0.101373,
0.048339,
-0.020696,
0.025834,
0.059803,
0.053723,
0.044255,
0.079523,
-0.011765,
-0.027563,
-0.015912,
-0.070350,
0.099306,
-0.000276,
-0.032106,
-0.008937,
-0.008389,
0.017746,
-0.116361,
0.023440,
0.058102,
0.003094,
-0.034934,
-0.019505,
-0.070653,
0.035243,
-0.003972,
-0.033416,
-0.040108,
-0.072120,
0.030998,
-0.035582,
-0.051837,
-0.106898,
-0.053241,
-0.057062,
0.055426,
-0.044943,
0.069385,
0.000281,
0.032491,
0.047297,
0.002423,
0.044429,
0.001767,
0.002877,
-0.009791,
-0.049481,
0.051878,
0.045129,
0.028108,
-0.066397,
0.013537,
-0.008297,
-0.008090,
-0.035455,
0.009708,
-0.044031,
0.041276,
0.008115,
0.004213,
-0.068901,
-0.027085,
0.068607,
0.067198,
-0.009650,
0.081150,
-0.094300,
-0.054086,
-0.069978,
-0.031059,
0.005556,
0.000071,
0.003573,
-0.018914,
0.044799,
0.077455,
-0.077487,
0.080209,
-0.056659,
-0.036581,
0.001266,
-0.064208,
-0.054428,
-0.042596,
-0.037760,
0.046005,
0.039891,
-0.071697,
-0.036393,
-0.047613,
0.082962,
0.042259,
0.075498,
-0.061293,
-0.004286,
-0.061334,
0.027952,
-0.105264,
-0.064700,
-0.013466,
0.062138,
0.137665,
-0.068682,
0.042860,
0.082598,
-0.091175,
-0.032014,
-0.055410,
0.050043,
-0.007792,
-0.024811,
-0.015241,
-0.080547,
-0.013299,
0.024487,
0.046102,
-0.005646,
-0.039743,
-0.044958,
0.067000,
-0.050047,
0.023245,
-0.013034,
-0.062284,
-0.019468,
-0.016876,
0.013020,
-0.043131,
-0.030084,
0.076386,
0.043645,
0.081299,
-0.027130,
0.051208,
-0.031851,
0.048998,
0.020238,
-0.027000,
0.053120,
-0.003122,
-0.001978,
0.041033,
-0.046050,
0.038243,
-0.022830,
0.022291,
0.007254,
-0.063906,
0.081858,
0.087855,
-0.001070,
-0.100911,
0.085865,
-0.044022,
0.040098,
-0.004407,
-0.003298,
-0.024567,
-0.032458,
0.009648,
-0.095911,
-0.027146,
-0.017893,
-0.031916,
-0.068550,
0.067262,
-0.022576,
-0.050697,
0.030956,
0.045575,
-0.019943,
0.000475,
-0.020533,
-0.056484,
-0.064425,
-0.042253,
0.022583,
-0.026175,
0.023051,
0.038235,
0.048437,
-0.015685,
0.003232,
0.010721,
-0.052512,
-0.068545,
-0.066155,
0.008654,
-0.067062,
0.027396,
0.005307,
0.005247,
0.075276,
0.043824,
0.036573,
0.060958,
0.013461,
0.008074,
0.001875,
-0.064009,
0.050581,
0.049806,
-0.083567,
0.089495,
0.015260,
0.073338,
-0.054918,
-0.033007,
-0.001080,
-0.093628,
-0.047214,
0.080571,
-0.015578,
-0.053099,
-0.087876,
-0.027334,
0.021118,
0.031104,
0.080406,
0.043413,
0.047869,
0.039193,
0.028837,
-0.034268,
0.067938,
0.042108,
-0.083313,
-0.014287,
0.081717,
0.060306,
0.029753,
-0.046964,
0.112407,
-0.061277,
0.001114,
-0.081463,
-0.022157,
0.037020,
-0.015447,
-0.038080,
0.078125,
-0.033308,
-0.035335,
-0.017087,
0.015202,
0.042332,
-0.011206,
-0.086115,
0.058660,
-0.080178,
-0.085535,
0.078259,
0.065618,
-0.034007,
-0.036098,
-0.026116,
0.011128,
-0.065362,
0.033013,
-0.032846,
0.027073,
0.013813,
0.105777,
0.072202,
-0.008390,
-0.052546,
0.008183,
0.033921,
0.003931,
0.081801,
0.036747,
0.005707,
-0.083606,
0.039777,
0.070701,
0.007012,
-0.032615,
-0.053091,
0.043156,
0.040338,
-0.041147,
-0.053963,
0.022389,
-0.062108,
0.070611,
0.047161,
0.003081,
0.047217,
-0.075834,
-0.042860,
0.027449,
-0.022683,
-0.065788,
-0.007731,
-0.033462,
0.050789,
0.089624,
0.013134,
0.078642,
0.050924,
-0.005449,
0.083348,
0.061406,
-0.044700,
-0.014513,
-0.002020,
-0.027317,
-0.044633,
-0.068927,
-0.081862,
-0.005782,
0.071794,
0.061235,
0.002272,
0.077088,
0.052673,
-0.013021,
0.001480,
-0.080380,
-0.076406,
-0.014165,
-0.019544,
0.071689,
-0.050985,
0.066934,
-0.002708,
-0.028931,
0.001127,
0.060392,
-0.084873,
0.074365,
0.029985,
0.046377,
0.010276,
-0.007202,
0.012756,
-0.081586,
-0.081947,
-0.070447,
-0.033554,
-0.020805,
0.057390,
-0.032644,
0.009050,
-0.064359,
0.040598,
0.078278,
0.029071,
0.089679,
0.073933,
-0.048594,
0.018398,
-0.089366,
-0.032572,
-0.023593,
0.055868,
-0.046566,
-0.007056,
-0.018746,
-0.084058,
0.094163,
-0.036423,
0.080792,
0.045209,
-0.003909,
0.068604,
-0.086051,
-0.037393,
-0.003483,
0.036387,
-0.081323,
0.072940,
-0.081972,
0.046479,
0.020717,
0.013196,
0.050185,
0.046344,
0.063445,
0.041113,
0.067886,
0.047604,
-0.080876,
-0.048504,
0.012883,
-0.067495,
0.016678,
-0.024932,
-0.068533,
-0.003592,
0.012436,
0.039261,
-0.007506,
-0.004463,
0.010340,
-0.074143,
-0.066171,
-0.052456,
0.015817,
0.032515,
-0.039440,
-0.059427,
-0.023630,
-0.009260,
0.056048,
-0.047374,
0.040666,
0.071561,
-0.007795,
-0.029642,
-0.082181,
0.058946,
-0.054715,
0.078550,
-0.086268,
0.029637,
0.026540,
-0.074682,
-0.020700,
0.084024,
-0.018107,
0.036296,
-0.082096,
0.057201,
0.031075,
0.017881,
0.024578,
0.077443,
-0.074663,
0.050332,
-0.007636,
-0.008072,
-0.073348,
0.082531,
-0.044459,
0.051586,
0.084579,
0.007224,
0.056912,
-0.032074,
-0.075500,
-0.046661,
0.050362,
-0.012730,
-0.065347,
0.035636,
-0.035088,
0.069507,
0.035708,
0.021810,
-0.061668,
-0.070667,
0.018329,
-0.031131,
0.045900,
0.072679,
-0.039620,
-0.005906,
0.046022,
-0.008568,
0.039756,
-0.018299,
-0.042525,
0.054335,
-0.042578,
-0.049603,
0.047368,
-0.065710,
-0.013079,
0.015614,
-0.076695,
-0.071874,
-0.002958,
-0.061999,
0.024986,
0.040461,
0.021851,
-0.049229,
-0.042241,
-0.088225,
0.048586,
-0.015948,
-0.064606,
-0.065533,
0.035867,
0.018276,
-0.007348,
-0.081221,
-0.015806,
-0.030351,
-0.083428,
0.068995,
-0.062917,
0.029561,
0.084430,
0.006578,
0.085027,
-0.081052,
0.049018,
-0.077507,
-0.083238,
-0.024766,
-0.006362,
0.002131,
0.011863,
0.083047,
0.069625,
0.009759,
0.022946,
0.002872,
0.009932,
0.050174,
-0.066338,
0.040668,
0.018292,
0.012044,
0.068759,
-0.084259,
-0.058141,
0.050802,
0.061670,
-0.063810,
0.006097,
-0.019391,
-0.032237,
-0.073954,
0.030110,
-0.013624,
0.016043,
0.040537,
0.074767,
0.060638,
-0.067938,
-0.083938,
0.073088,
-0.007691,
-0.054340,
0.055111,
-0.064552,
0.002031,
0.017936,
-0.083918,
0.017543,
-0.073332,
0.037978,
-0.060167,
-0.053972,
0.048657,
0.079212,
0.018128,
0.047813,
-0.007717,
-0.082494,
0.066067,
0.054286,
0.060920,
-0.011194,
-0.070104,
-0.002635,
0.013328,
0.058657,
0.082825,
-0.026463,
-0.027997,
-0.067705,
0.016632,
0.068665,
-0.045681,
0.062160,
-0.024416,
0.063054,
0.045454,
-0.019875,
0.046027,
-0.012953,
0.031669,
-0.078229,
0.041553,
0.079042,
-0.060811,
-0.010681,
-0.024179,
-0.015541,
-0.006407,
0.081147,
-0.086019,
0.047285,
0.046628,
0.097765,
-0.050640,
-0.083403,
-0.019888,
0.012523,
0.070131,
-0.049962,
-0.035002,
-0.077651,
-0.081995,
-0.044710,
0.011795,
-0.016438,
-0.061960,
-0.039843,
0.081966,
0.022817,
0.048025,
-0.032245,
0.032130,
0.050301,
0.041174,
-0.018732,
-0.054703,
0.072178,
0.051547,
0.078449,
0.066441,
0.037259,
0.082311,
-0.000826,
-0.030703,
0.092362,
-0.032327,
0.070738,
-0.082555,
0.071694,
-0.083748,
0.009572,
-0.025447,
-0.057961,
0.039081,
0.018394,
-0.006988,
0.043468,
0.080299,
0.049482,
-0.052561,
-0.080162,
0.001862,
0.030559,
0.083946,
0.033820,
-0.039742,
0.066775,
-0.036023,
-0.041433,
0.038156,
-0.002154,
-0.047579,
-0.055260,
0.069214,
-0.023413,
0.049057,
-0.070610,
-0.077179,
0.000484,
-0.018878,
-0.010351,
0.096382,
-0.035836,
-0.089128,
0.008744,
-0.096450,
0.049036,
0.081962,
-0.045097,
-0.048312,
-0.072541,
0.028235,
0.074306,
-0.057483,
0.031353,
-0.070668,
0.056564,
0.003875,
0.029037,
0.052891,
0.071333,
-0.029292,
-0.092363,
0.013985,
-0.091102,
0.069194,
0.031176,
-0.052272,
0.001523,
-0.053668,
0.062724,
-0.046347,
-0.050515,
-0.000023,
-0.074532,
0.069704,
0.037953,
0.075319,
0.041959,
0.023627,
-0.043751,
-0.056294,
0.036070,
-0.043508,
0.038461,
0.045848,
-0.039713,
0.068143,
0.034772,
-0.051093,
0.031594,
0.047163,
0.098599,
0.064526,
0.052197,
-0.028714,
0.043171,
-0.000052,
0.020757,
-0.089310,
-0.009566,
0.036169,
-0.095222,
0.054056,
-0.038162,
0.041980,
-0.013697,
-0.028815,
-0.055716,
0.000181,
-0.064228,
-0.033063,
-0.048160,
0.009570,
-0.072496,
-0.057952,
-0.048851,
0.090705,
0.077769,
0.039772,
0.100680,
-0.035524,
0.006783,
-0.012077,
-0.029155,
-0.086148,
0.031451,
0.053219,
-0.085671,
0.028388,
-0.018238,
-0.067077,
0.051336,
0.004983,
-0.007912,
-0.103139,
-0.007339,
-0.043571,
-0.051454,
0.020902,
-0.060413,
0.045877,
-0.094822,
0.035762,
0.067712,
-0.028944,
-0.067955,
-0.065283,
-0.094519,
0.024720,
-0.014121,
0.055491,
-0.031024,
0.030658,
-0.091467,
0.023790,
0.047210,
-0.005453,
-0.057068,
-0.116142,
-0.038264,
0.071915,
0.018238,
0.051676,
0.003461,
-0.057335,
-0.127909,
0.065632,
0.039498,
-0.033940,
0.018031,
0.039279,
0.009504,
-0.023610,
-0.047742,
0.094516,
0.007466,
0.084010,
0.040969,
-0.055519,
-0.066358,
0.056349,
-0.076935,
-0.050072,
0.066650,
-0.002355,
-0.079180,
0.041902,
0.034145,
-0.090763,
-0.089367,
0.041925,
0.015001,
0.099243,
-0.093499,
-0.061168,
0.023336,
0.049769,
0.076188,
0.006974,
0.036300,
0.071511,
0.013521,
-0.029141,
-0.053691,
0.033790,
0.046989,
0.062926,
-0.022625,
0.029600,
-0.030982,
-0.031204,
-0.063881,
0.012876,
-0.084407,
-0.066835,
0.032620,
0.044038,
-0.004825,
0.016941,
0.075590,
0.028692,
0.084802,
0.012705,
-0.041083,
0.082765,
-0.058431,
-0.038925,
-0.017566,
0.017860,
-0.113458,
0.030778,
-0.026224,
-0.051923,
-0.078799,
-0.060051,
-0.011467,
0.030823,
-0.092720,
0.174191,
-0.042758,
-0.030033,
0.039731,
0.069009,
0.013166,
0.106351,
0.042926,
0.058578,
0.016024,
-0.069033,
0.028861,
0.044679,
0.066393,
-0.018710,
0.038250,
-0.021312,
-0.032148,
0.039118,
0.051292,
0.033287,
-0.036330,
-0.080739,
0.001688,
0.017906,
-0.053804,
0.006918,
0.060319,
0.024557,
0.049730,
0.133060,
-0.016560,
0.076250,
-0.062879,
-0.029627,
-0.049229,
-0.094108,
-0.002400,
0.091634,
0.036288,
-0.055568,
-0.064526,
0.112840,
0.002463,
-0.010780,
-0.012258,
-0.020280,
0.058367,
-0.119100,
0.089182,
0.077625,
-0.046757,
-0.104408,
-0.001131,
0.083071,
0.047109,
-0.016717,
0.041316,
-0.010759,
0.023891,
0.016113,
0.008646,
0.016674,
0.065475,
0.191244,
-0.027688,
-0.021091,
-0.055589,
0.041845,
-0.012357,
0.015135,
-0.058553,
-0.011434,
0.006162,
0.035012,
-0.066954,
-0.085456,
-0.050743,
-0.049663,
-0.111353,
-0.048856,
-0.022060,
0.010339,
0.057621,
0.034765,
-0.041338,
0.040514,
-0.043078,
-0.130018,
0.031248,
-0.036817,
0.020968,
0.005188,
-0.032017,
0.060592,
-0.098035,
0.016233,
-0.075097,
0.026334,
0.059574,
-0.089203,
-0.072763,
0.005635,
0.025690,
0.046451,
-0.080434,
-0.003511,
0.077714,
0.003575,
0.066961,
-0.054151,
0.025801,
0.015680,
-0.021364,
-0.031431,
0.094788,
-0.026573,
-0.107128,
-0.000305,
0.071158,
-0.022590,
0.044509,
0.042926,
-0.074821,
0.040560,
0.084418,
0.078721,
0.051132,
0.113726,
-0.045735,
0.036431,
0.030093,
-0.048547,
-0.006912,
0.041354,
0.029997,
0.045990,
0.032392,
0.052601,
0.054486,
-0.086422,
0.031954,
0.048396,
-0.051581,
-0.207634,
0.060757,
-0.004186,
-0.094691,
-0.030036,
-0.051970,
0.060410,
0.009251,
-0.130662,
0.008091,
0.076793,
0.010080,
-0.026917,
0.053550,
-0.055577,
-0.055004,
-0.020897,
0.037954,
0.052570,
-0.057028,
-0.066031,
-0.091819,
-0.020438,
0.023605,
0.057769,
-0.076631,
0.165216,
-0.030771,
0.019611,
0.003404,
0.083151,
0.067077,
0.055350,
0.065609,
0.002238,
0.066317,
-0.009304,
-0.092518,
0.067498,
0.071002,
-0.032385,
-0.091985,
-0.017735,
-0.017013,
0.028909,
0.012758,
0.054947,
0.015040,
0.211478,
0.091959,
-0.042001,
0.144802,
-0.031555,
-0.054343,
-0.037627,
-0.024233,
0.016220,
0.010400,
0.055712,
0.008103,
0.029259,
0.001748,
-0.071872,
0.023201,
-0.035793,
-0.007411,
0.007374,
-0.013051,
0.047115,
-0.000256,
0.067360,
-0.031158,
0.023308,
-0.069188,
0.094156,
-0.083833,
0.032632,
-0.010837,
0.026177,
-0.034775,
0.039249,
-0.052003,
-0.069803,
0.062635,
-0.066904,
-0.078675,
0.056586,
-0.086461,
0.015495,
-0.112374,
0.064914,
-0.024488,
0.009042,
-0.013373,
0.084643,
0.068448,
-0.067228,
-0.046868,
0.029629,
-0.041296,
-0.008145,
-0.017434,
0.008014,
0.072858,
0.012783,
0.012842,
0.055729,
-0.028057,
-0.023821,
-0.002780,
0.044364,
-0.071848,
0.206353,
0.048123,
-0.017888,
0.137407,
-0.041649,
-0.068380,
-0.036296,
0.052058,
-0.037216,
-0.015030,
-0.033996,
-0.004543,
-0.061487,
0.022422,
-0.032387,
0.054637,
-0.016250,
-0.014335,
0.002250,
0.024001,
-0.067726,
-0.024229,
0.039842,
-0.058893,
-0.007129,
-0.066713,
-0.008937,
0.034435,
-0.020095,
-0.024606,
-0.016921,
-0.106763,
-0.071617,
0.060188,
-0.013950,
-0.045409,
-0.061843,
-0.000270,
-0.065493,
0.013776,
0.114006,
0.038003,
0.115123,
0.045991,
-0.075440,
-0.051560,
0.031750,
-0.015095,
-0.011042,
0.084992,
0.128917,
-0.055940,
0.013327,
-0.167157,
-0.035885,
0.126514,
0.053663,
-0.069589,
0.015809,
-0.036616,
-0.092829,
0.056565,
0.073304,
0.056708,
0.150696,
-0.071917,
-0.077955,
0.083859,
0.061241,
-0.045080,
0.034325,
0.034011,
0.100764,
-0.064394,
0.049857,
0.028465,
0.077958,
-0.065826,
-0.013417,
-0.080346,
0.077215,
0.074482,
-0.035502,
-0.053454,
-0.031796,
0.018674,
0.031275,
-0.036304,
-0.003929,
-0.053475,
-0.047368,
0.038342,
0.029563,
0.022258,
-0.188650,
-0.089082,
0.002486,
0.022656,
-0.027711,
0.046828,
0.003446,
0.056237,
0.038685,
-0.104988,
0.031381,
0.034668,
-0.050120,
0.027833,
-0.016193,
0.054183,
0.004172,
0.034162,
0.030668,
0.044977,
0.117189,
0.072177,
0.074244,
-0.084413,
0.004968,
-0.006485,
-0.034378,
-0.037563,
-0.033281,
0.023380,
-0.072951,
-0.012647,
0.005160,
-0.035483,
0.114113,
0.030705,
0.005104,
-0.027793,
-0.016719,
-0.029445,
0.037569,
0.036899,
-0.024750,
-0.009874,
0.027547,
0.017023,
0.051254,
-0.023305,
0.038099,
0.035417,
0.160171,
-0.012078,
-0.047283,
-0.037573,
-0.007893,
-0.048288,
0.033641,
0.074825,
-0.103881,
-0.038173,
-0.029761,
0.037227,
-0.080337,
-0.027337,
-0.189442,
0.050950,
0.014457,
0.084560,
-0.059037,
-0.048100,
0.066945,
-0.069004,
-0.004050,
0.025635,
0.044166,
-0.057473,
-0.157012,
0.025406,
0.027000,
-0.026727,
0.068975,
0.057154,
0.078295,
-0.025455,
0.130965,
0.097662,
-0.020026,
-0.065102,
0.055868,
0.083866,
-0.085409,
0.067980,
0.061857,
0.023031,
-0.017590,
-0.072788,
0.010949,
0.011439,
0.153746,
-0.043710,
-0.028412,
-0.043991,
0.017089,
-0.013006,
-0.025184,
-0.052383,
0.045560,
-0.006338,
-0.029802,
0.045462,
0.043072,
0.054812,
0.035158,
0.055632,
0.116360,
0.082466,
-0.014868,
0.002347,
-0.002582,
0.035708,
0.090089,
0.057035,
-0.001973,
0.044043,
0.044858,
-0.071460,
-0.098468,
0.052533,
-0.027171,
-0.019837,
-0.019358,
-0.024009,
-0.035392,
-0.072223,
-0.071640,
0.057828,
0.072292,
0.014028,
0.074710,
0.027800,
0.001205,
-0.023650,
0.072666,
0.015321,
-0.039602,
-0.059673,
0.031680,
0.016381,
0.120927,
-0.035846,
-0.018227,
-0.066658,
0.024411,
0.029167,
0.010502,
-0.028173,
-0.001649,
-0.006739,
-0.045846,
-0.041609,
0.070005,
0.087880,
0.010652,
0.035215,
-0.003096,
-0.038791,
0.098428,
0.042848,
-0.024423,
-0.041768,
0.018931,
0.063068,
0.061095,
-0.050523,
-0.060469,
0.036163,
-0.070276,
-0.102904,
0.099272,
0.002305,
0.029306,
0.061258,
0.017853,
-0.097101,
-0.065529,
0.026376,
-0.083702,
-0.024306,
0.014673,
-0.020152,
0.030375,
0.049873,
0.060864,
0.041188,
-0.039977,
0.102693,
-0.063985,
0.064412,
0.045395,
-0.077219,
-0.022309,
-0.007544,
-0.021356,
-0.043862,
0.024085,
-0.083389,
-0.023100,
-0.013940,
-0.040124,
-0.025671,
0.016673,
-0.029343,
0.101104,
0.003713,
0.104442,
0.019212,
-0.084533,
0.049175,
0.049125,
0.014529,
-0.077162,
0.036351,
0.049475,
0.056947,
0.036696,
0.160197,
-0.009860,
0.040172,
-0.057680,
-0.074549,
-0.006864,
-0.057606,
-0.052546,
0.072097,
0.003680,
0.119826,
0.110852,
0.024022,
-0.016847,
0.037946,
0.083328,
-0.057837,
-0.087256,
0.007013,
-0.023981,
-0.034541,
-0.008245,
-0.046051,
0.065516,
0.076683,
-0.026297,
-0.061618,
0.047481,
0.083014,
0.020736,
0.011871,
0.047026,
0.060615,
0.005117,
-0.001699,
-0.067429,
-0.013914,
0.030218,
0.037960,
0.076502,
0.054539,
-0.058270,
0.086491,
0.114832,
-0.013583,
-0.013498,
0.009554,
-0.017361,
0.050626,
-0.007814,
-0.018718,
0.133456,
0.062978,
0.008231,
-0.005718,
-0.018761,
0.050611,
-0.081807,
-0.001607,
0.026908,
-0.045569,
0.053744,
0.016617,
-0.000746,
0.114877,
-0.010021,
0.000480,
0.016017,
-0.086107,
-0.041276,
-0.082869,
0.008195,
-0.010873,
-0.039336,
0.040529,
0.128477,
-0.065778,
-0.056052,
-0.031164,
0.069222,
-0.113746,
-0.103018,
0.086810,
0.041552,
-0.050151,
-0.010521,
0.050153,
-0.061051,
0.051640,
-0.061425,
0.032241,
0.115164,
-0.026994,
0.010198,
0.063202,
0.101475,
-0.041879,
-0.117244,
0.020746,
-0.072596,
-0.059579,
0.030511,
0.046599,
-0.009843,
-0.120712,
-0.064583,
-0.045328,
0.061561,
-0.070319,
0.027331,
0.031515,
0.021403,
-0.087410,
-0.016205,
-0.020814,
0.054735,
-0.031510,
-0.019349,
0.062062,
0.001075,
0.020971,
0.051068,
-0.060144,
-0.133012,
0.023086,
0.041343,
0.082658,
0.056518,
0.040180,
0.019915,
0.024497,
-0.065977,
-0.080477,
0.058425,
-0.006035,
-0.008132,
0.041330,
0.056531,
0.046222,
0.108917,
-0.034933,
0.027423,
-0.017751,
0.201666,
-0.023397,
-0.091109,
-0.002428,
-0.016062,
-0.024097,
-0.051026,
-0.022010,
-0.075003,
-0.053439,
-0.008149,
0.064867,
0.108013,
0.096567,
-0.084766,
0.095114,
-0.038206,
0.065173,
-0.069388,
-0.093754,
-0.025779,
0.092545,
-0.012666,
0.004325,
0.042295,
-0.017733,
-0.011983,
0.111638,
0.036112,
-0.001993,
0.061587,
0.005968,
0.060057,
-0.000016,
-0.055520,
0.003515,
-0.013262,
-0.004518,
0.076838,
-0.076831,
0.007624,
-0.039547,
0.011048,
0.049794,
-0.125195,
0.056315,
0.097657,
0.066663,
0.053961,
0.106221,
0.026969,
0.070084,
0.017014,
0.065430,
0.013636,
-0.096627,
0.020116,
0.015191,
-0.092930,
-0.032926,
-0.051236,
0.000443,
-0.008531,
0.042151,
0.080543,
-0.107689,
-0.023399,
0.043386,
-0.062590,
0.014337,
0.036310,
-0.005513,
0.080339,
-0.027956,
-0.104908,
-0.057405,
-0.018243,
-0.042344,
0.092992,
0.020546,
-0.022438,
-0.033111,
-0.063445,
-0.074509,
-0.069121,
-0.076739,
0.006177,
0.036800,
-0.000359,
-0.003460,
0.020248,
0.088761,
-0.009270,
-0.028671,
0.104921,
-0.004879,
0.036202,
-0.065635,
-0.144558,
-0.018809,
0.000406,
0.010937,
0.055549,
-0.111187,
0.050854,
-0.012467,
0.027302,
-0.066680,
-0.033508,
-0.025370,
0.053119,
0.070163,
-0.079600,
0.080902,
0.040449,
0.011464,
0.045156,
0.084218,
-0.047189,
-0.058111,
-0.043609,
-0.039758,
0.053303,
-0.086670,
-0.029852,
0.069132,
0.080970,
0.046805,
0.126160,
0.007022,
0.039765,
0.076322,
-0.081799,
-0.021293,
0.055480,
0.011251,
-0.066666,
0.084355,
-0.029899,
0.010270,
-0.027042,
0.043063,
-0.005767,
-0.049967,
-0.051599,
0.022448,
0.065548,
-0.098845,
-0.021769,
0.076882,
0.012267,
0.048530,
0.076985,
0.002597,
0.017374,
0.061243,
-0.045506,
-0.122524,
-0.001077,
-0.047524,
0.039406,
0.094829,
-0.103573,
-0.043847,
0.013702,
0.079946,
0.036571,
0.006901,
-0.046550,
0.003267,
0.071619,
-0.044567,
-0.167266,
-0.011826,
0.027836,
0.105667,
0.050693,
0.018390,
0.005771,
0.078176,
0.056627,
0.000767,
0.059685,
0.021758,
0.017392,
0.066612,
-0.018782,
-0.022136,
-0.079343,
0.019351,
-0.012049,
0.047236,
0.161289,
-0.043205,
-0.041698,
0.039268,
-0.108638,
-0.007345,
0.039691,
0.027523,
0.053575,
0.046082,
-0.069032,
-0.049235,
0.041655,
0.031585,
-0.063271,
-0.044638,
-0.016669,
-0.026705,
0.005123,
-0.011439,
-0.020136,
-0.042688,
-0.045143,
-0.004998,
-0.025457,
-0.064757,
0.023833,
0.008655,
0.054831,
0.011306,
-0.001101,
-0.056291,
-0.005775,
-0.046555,
0.004700,
-0.043732,
0.048145,
-0.027303,
-0.034863,
0.011720,
0.066082,
0.038192,
0.051644,
0.051697,
0.003807,
0.038082,
0.010958,
0.069062,
0.021640,
-0.023116,
-0.013347,
0.136159,
-0.001843,
0.067211,
-0.027399,
0.036430,
0.085666,
-0.106208,
0.049721,
-0.084101,
-0.074051,
-0.059559,
0.097783,
0.064265,
0.037408,
0.059452,
-0.039237,
0.099344,
0.028187,
0.028105,
0.005158,
0.045001,
0.014129,
-0.006649,
-0.078580,
-0.082505,
0.010281,
-0.006546,
-0.063438,
-0.066288,
0.056195,
0.032528,
0.047880,
-0.058779,
-0.055006,
0.002338,
0.056359,
-0.052589,
-0.013407,
-0.018667,
-0.044310,
0.099167,
-0.068211,
0.018103,
0.061659,
-0.013706,
0.012325,
0.019365,
-0.113879,
-0.002148,
-0.051448,
0.024938,
0.026594,
-0.072059,
-0.074642,
-0.036265,
-0.025654,
-0.025725,
-0.063289,
0.020179,
0.072473,
0.014841,
0.070156,
0.008043,
-0.092019,
-0.021445,
-0.013204,
0.012616,
0.078453,
0.061321,
-0.068717,
0.023401,
-0.049413,
0.007893,
-0.092259,
0.001214,
-0.062141,
-0.003484,
0.099691,
0.013575,
-0.085258,
0.075252,
0.014832,
0.067676,
0.083359,
-0.022858,
0.086169,
0.073635,
-0.047163,
0.001533,
0.089786,
-0.080381,
0.043118,
-0.052888,
0.029256,
0.082245,
-0.005362,
-0.063687,
-0.035004,
-0.073751,
-0.038341,
-0.033407,
-0.066107,
-0.085059,
0.052539,
0.052792,
-0.006296,
-0.064292,
0.060003,
0.036717,
0.100681,
0.009114,
-0.101100,
0.018742,
0.052534,
-0.011789,
-0.007678,
-0.067797,
0.029707,
0.072855,
-0.017670,
0.009217,
0.031080,
-0.038258,
-0.043876,
-0.022981,
0.049821,
0.017687,
0.008954,
0.010311,
0.033954,
-0.005376,
0.064396,
0.037821,
0.016900,
-0.021688,
-0.069327,
-0.010417,
-0.023571,
0.052022,
-0.065242,
-0.016126,
0.028275,
0.088413,
-0.049253,
0.008960,
-0.064835,
-0.034713,
0.074566,
0.039577,
-0.065997,
-0.048503,
-0.051488,
0.003704,
-0.019243,
0.024776,
0.063627,
-0.118320,
-0.032956,
0.004579,
-0.061227,
-0.035115,
-0.037773,
-0.048929,
-0.040343,
0.006052,
0.078470,
0.052341,
0.033490,
0.074518,
-0.021790,
0.000308,
0.063584,
0.002093,
0.004970,
-0.025777,
-0.046906,
-0.021511,
0.037318,
0.074269,
0.040699,
-0.058820,
0.023938,
0.004173,
-0.080289,
0.001482,
-0.022672,
0.004090,
-0.024588,
-0.053890,
-0.004286,
0.021865,
0.042438,
-0.062477,
-0.076385,
0.056932,
-0.035278,
0.032245,
0.047208,
0.028128,
-0.101562,
-0.084606,
0.003048,
-0.076092,
-0.035164,
0.072360,
-0.023396,
0.021818,
-0.024372,
0.058914,
-0.077269,
-0.005133,
-0.026689,
0.044355,
0.012325,
0.068313,
0.003464,
-0.068776,
-0.036449,
0.023611,
0.000630,
-0.007825,
-0.001318,
0.028552,
0.038534,
0.032493,
-0.055388,
-0.014622,
0.056625,
0.057629,
-0.011642,
-0.056633,
0.003761,
-0.061775,
-0.077266,
0.011476,
0.082363,
-0.087343,
0.070522,
-0.032231,
0.032430,
0.072339,
-0.068105,
0.014948,
0.009517,
0.015760,
0.031900,
-0.067030,
-0.078699,
0.027502,
-0.049146,
0.063535,
-0.062566,
0.085018,
0.066249,
-0.053084,
-0.072394,
-0.060045,
-0.021150,
-0.026187,
0.014738,
0.086017,
-0.009710,
-0.029488,
-0.107075,
-0.068384,
0.048421,
-0.079210,
0.070875,
0.073327,
0.015766,
-0.018810,
-0.082723,
0.075184,
0.079365,
-0.070539,
-0.086089,
0.008900,
0.070616,
-0.015002,
-0.067951,
-0.031015,
-0.010154,
-0.075105,
-0.048283,
-0.037365,
0.002934,
-0.058987,
-0.014613,
-0.060597,
-0.028480,
-0.007999,
0.040364,
-0.069731,
-0.014286,
0.025723,
0.055720,
-0.075792,
0.051408,
-0.051932,
-0.002898,
0.033881,
0.052293,
0.052355,
-0.058502,
0.031644,
-0.034148,
-0.075578,
-0.055786,
-0.033594,
-0.062771,
-0.064507,
-0.012687,
0.068153,
0.064899,
-0.083007,
0.037954,
-0.070290,
-0.020586,
-0.012538,
0.017978,
-0.068662,
0.068589,
0.067794,
-0.013844,
-0.039195,
-0.081602,
-0.016766,
0.018203,
0.004877,
-0.089632,
-0.040217,
-0.024451,
0.084213,
-0.062351,
0.029762,
-0.024347,
0.071596,
-0.037738,
0.021027,
-0.013161,
0.018616,
0.073897,
0.074274,
-0.068963,
0.053340,
-0.073729,
0.002742,
-0.081348,
-0.080644,
0.073259,
-0.090173,
0.034375,
0.019803,
-0.002605,
0.040891,
0.068353,
0.001970,
0.043923,
-0.067062,
0.057667,
-0.022775,
0.083354,
0.035861,
0.078875,
-0.033380,
0.003476,
-0.039159,
0.035601,
0.002870,
0.056541,
0.041248,
0.079062,
-0.073671,
-0.063739,
-0.006939,
-0.050415,
0.007257,
0.067418,
0.027605,
0.059731,
-0.022318,
-0.074539,
0.062420,
0.042156,
0.081220,
-0.006490,
0.039447,
-0.043250,
0.082033,
-0.081192,
0.053962,
-0.087795,
-0.064178,
-0.058831,
0.083409,
-0.001361,
0.042556,
-0.049508,
-0.019713,
-0.061780,
-0.058476,
-0.056971,
0.021822,
0.012492,
0.038699,
0.025618,
0.072894,
0.062286,
0.022835,
0.062255,
-0.016298,
0.061124,
0.042268,
-0.062390,
-0.071391,
0.052533,
-0.035572,
-0.040710,
0.005578,
-0.055599,
-0.074509,
-0.004455,
0.030615,
-0.007259,
-0.012376,
-0.032819,
0.029281,
-0.073368,
-0.028060,
0.044132,
-0.012552,
-0.040944,
-0.053690,
0.077018,
-0.082611,
0.050706,
0.021460,
-0.073389,
0.052696,
0.007513,
-0.005796,
0.078989,
-0.049668,
0.063173,
-0.059767,
0.060306,
0.013448,
-0.009782,
-0.074398,
-0.002898,
-0.017586,
0.000915,
0.021993,
0.033603,
0.059681,
0.057909,
0.091740,
0.044689,
-0.044909,
-0.051794,
-0.037416,
0.050868,
-0.074059,
-0.036485,
-0.080206,
0.065131,
0.011106,
-0.035560,
-0.050115,
0.049293,
0.066008,
-0.035473,
0.010848,
-0.056504,
0.022333,
-0.063491,
-0.020253,
0.019752,
0.020898,
-0.005874,
0.038837,
-0.050399,
-0.078249,
0.013016,
0.015300,
-0.067749,
-0.060718,
-0.026484,
-0.078877,
-0.090238,
-0.043121,
-0.017267,
-0.059000,
0.001982,
0.040575,
0.049380,
-0.071018,
0.056318,
-0.008525,
-0.011820,
0.026397,
0.043357,
-0.023326,
-0.047691,
0.028005,
0.089174,
-0.050254,
-0.029123,
-0.002915,
-0.094521,
0.051548,
0.001396,
0.040634,
-0.051491,
0.026129,
-0.054786,
-0.025424,
-0.047726,
0.060795,
-0.072888,
0.095458,
-0.049499,
-0.075966,
0.060682,
0.074941,
-0.065764,
0.046837,
0.054189,
0.037213,
-0.043854,
-0.086044,
0.045458,
-0.041992,
0.061574,
0.045341,
0.023670,
0.074795,
-0.014517,
-0.011029,
0.035597,
0.038407,
-0.010975,
-0.009476,
0.071441,
0.040232,
-0.056191,
-0.033311,
-0.002137,
0.010776,
-0.068553,
0.024796,
0.056475,
-0.017204,
-0.005109,
0.061623,
-0.016052,
0.046248,
-0.054289,
-0.025557,
-0.061094,
-0.044202,
0.002462,
0.041220,
-0.047928,
-0.037058,
0.050725,
0.062993,
0.083328,
0.046705,
-0.012684,
-0.054415,
-0.005339,
0.045193,
-0.029490,
0.015859,
0.095093,
-0.066482,
0.061066,
0.006267,
-0.070798,
-0.054480,
0.072590,
-0.029694,
0.003412,
-0.007840,
-0.068142,
0.015116,
0.084717,
-0.069733,
-0.077288,
0.036145,
-0.064445,
-0.000606,
-0.066162,
-0.032822,
-0.004492,
0.072835,
0.027260,
-0.015793,
0.042359,
0.082013,
-0.080359,
0.013418,
0.022161,
-0.036793,
-0.048385,
-0.026325,
-0.042380,
-0.064069,
0.043432,
-0.032100,
-0.046466,
0.000810,
0.010977,
-0.003337,
-0.058738,
-0.003438,
-0.071029,
-0.046350,
-0.093764,
0.006290,
-0.029043,
-0.015891,
0.012306,
-0.045306,
0.029142,
0.030077,
-0.064996,
0.074686,
0.013924,
0.042583,
-0.026862,
-0.045209,
-0.012786,
-0.069064,
-0.077182,
-0.012811,
0.028471,
0.028436,
0.059657,
0.084700,
0.087018,
0.083381,
-0.010622,
-0.044910,
-0.061145,
-0.086891,
-0.002815,
0.097891,
0.059557,
-0.025560,
0.032036,
-0.045470,
-0.014446,
-0.080286,
0.050785,
-0.046569,
0.046613,
-0.015226,
-0.045734,
-0.050397,
0.036282,
0.071570,
-0.060319,
-0.039606,
-0.029261,
-0.014319,
-0.011377,
0.029078,
0.034848,
-0.020822,
-0.015158,
0.048342,
0.034844,
-0.011030,
-0.025291,
0.010855,
-0.099463,
0.068677,
0.032998,
0.052986,
-0.036641,
-0.114673,
0.033347,
0.058552,
-0.015225,
0.057740,
0.023242,
-0.027553,
-0.014836,
0.050198,
-0.106466,
0.082659,
0.029963,
0.045757,
0.003816,
-0.015052,
-0.039715,
-0.014730,
-0.057564,
0.042285,
-0.072416,
-0.013892,
0.093796,
0.067384,
-0.029986,
-0.070986,
0.015816,
0.039600,
0.069686,
-0.029677,
0.057434,
-0.021091,
-0.044325,
0.022795,
-0.073116,
-0.047400,
0.047064,
-0.066845,
-0.070210,
-0.057860,
0.067637,
0.008279,
-0.077235,
0.091263,
0.024193,
-0.029925,
0.019283,
0.056441,
-0.023969,
-0.062395,
0.083070,
-0.035322,
0.066457,
-0.077814,
-0.016863,
0.019002,
0.056425,
-0.059699,
0.031927,
0.052993,
0.005190,
0.062826,
0.057530,
0.063881,
-0.070587,
-0.036277,
-0.035091,
0.073205,
-0.101409,
0.016884,
-0.017166,
0.058729,
0.041756,
0.004915,
-0.021386,
0.001884,
0.040572,
-0.014015,
0.019840,
0.067279,
0.109645,
-0.006515,
-0.042606,
-0.004720,
0.053303,
-0.032302,
0.014637,
0.075816,
0.037585,
0.069392,
0.051210,
0.008035,
-0.031512,
-0.086174,
-0.068938,
0.109643,
0.040324,
0.044016,
0.084818,
-0.009014,
-0.067296,
0.026543,
-0.008281,
0.028542,
-0.052578,
0.056516,
-0.051432,
-0.082805,
-0.086250,
-0.022258,
-0.096611,
-0.082715,
0.012675,
-0.016232,
-0.031061,
-0.002094,
0.017942,
-0.044708,
0.025108,
-0.039816,
0.051000,
0.057413,
0.003748,
-0.044351,
0.054445,
-0.007025,
0.077314,
-0.000102,
-0.017492,
-0.079730,
0.037092,
0.088170,
0.053950,
-0.052605,
-0.033038,
0.033544,
-0.002816,
-0.087132,
-0.036400,
0.013485,
0.042499,
-0.046794,
-0.001220,
-0.072307,
0.004595,
0.023662,
-0.051625,
0.042087,
0.093374,
0.022110,
0.053695,
-0.021059,
0.080882,
-0.057775,
-0.026717,
-0.005620,
-0.010982,
-0.047671,
0.002096,
0.091577,
0.016334,
0.006582,
-0.059248,
-0.000500,
-0.039931,
-0.062851,
-0.111015,
0.019348,
0.063589,
0.049833,
-0.046975,
-0.068060,
-0.011841,
-0.020298,
-0.015293,
0.075054,
-0.060303,
-0.001770,
-0.051800,
-0.035579,
-0.021171,
0.019496,
0.058743,
-0.019321,
-0.026092,
-0.034685,
-0.057365,
-0.073694,
0.031006,
0.020227,
-0.035494,
0.050450,
0.020809,
-0.120461,
-0.108554,
0.107000,
0.010822,
-0.027929,
-0.112550,
-0.017758,
0.074494,
0.058749,
-0.119960,
-0.078758,
-0.040345,
-0.072621,
0.042288,
-0.047964,
0.024849,
0.057306,
-0.075460,
-0.007723,
0.120261,
-0.092474,
0.069593,
0.003820,
-0.059187,
0.061817,
0.055879,
-0.001371,
-0.030400,
-0.070382,
-0.046004,
0.069792,
-0.095019,
-0.095940,
0.033939,
0.064623,
0.009032,
-0.112128,
-0.131569,
0.051640,
-0.008668,
-0.086571,
-0.019414,
0.016991,
-0.046939,
-0.050402,
-0.000882,
-0.038012,
0.013112,
0.052981,
-0.011250,
0.007468,
0.039891,
0.010201,
0.011154,
0.049104,
-0.058942,
-0.049330,
-0.045656,
-0.065974,
0.143970,
-0.008740,
0.062675,
-0.117209,
-0.027594,
-0.071639,
-0.053774,
-0.020765,
0.035669,
0.060927,
0.059074,
0.082781,
0.049090,
-0.022737,
-0.082949,
0.042301,
0.017097,
-0.034583,
0.089105,
-0.095513,
-0.039898,
-0.060914,
0.049008,
-0.041040,
-0.017698,
-0.095170,
0.085816,
-0.032753,
-0.084712,
0.088820,
0.041183,
-0.120628,
-0.089510,
0.000561,
-0.050240,
-0.054057,
-0.061529,
-0.043645,
0.035846,
-0.055065,
-0.036712,
-0.077866,
-0.033649,
-0.002716,
0.015998,
0.046013,
-0.069641,
0.036602,
0.013394,
-0.074377,
-0.064582,
0.008061,
0.006094,
-0.013425,
0.035455,
0.013617,
-0.018510,
-0.010092,
0.015080,
-0.074978,
-0.014179,
-0.064719,
-0.026927,
-0.076423,
0.057981,
-0.070251,
0.003900,
-0.111456,
0.007774,
-0.053619,
-0.108014,
0.057488,
0.028078,
-0.079123,
0.033436,
0.051957,
0.124391,
-0.008965,
-0.012481,
-0.011805,
-0.033613,
-0.006317,
-0.036066,
0.011283,
-0.000181,
-0.080896,
-0.082904,
-0.068637,
0.124896,
-0.080893,
0.193915,
0.092491,
-0.079065,
-0.008046,
0.046529,
-0.061076,
0.064622,
-0.060531,
-0.041108,
0.079626,
-0.036158,
0.076757,
-0.062988,
0.014102,
-0.014830,
0.073034,
-0.066298,
0.126936,
0.005268,
0.068727,
0.054769,
-0.097007,
0.051766,
0.084774,
-0.070583,
0.111566,
0.038256,
0.002052,
-0.051306,
0.070859,
0.047072,
-0.121640,
0.023024,
-0.041526,
-0.027036,
0.050108,
0.014376,
-0.033307,
0.147370,
0.010182,
0.036119,
-0.123763,
0.074568,
-0.152220,
-0.090175,
-0.073194,
0.051679,
0.026062,
0.077864,
0.014539,
0.050244,
0.069850,
-0.085693,
0.006065,
0.043387,
0.025226,
0.081921,
0.018651,
0.000007,
0.069351,
0.051419,
0.015182,
-0.007090,
-0.023452,
0.122144,
-0.080045,
-0.017918,
0.141745,
0.037400,
0.058512,
-0.013648,
-0.060765,
-0.018932,
-0.010487,
0.005015,
-0.076035,
-0.013892,
-0.055448,
-0.039162,
-0.088491,
-0.100367,
0.105668,
-0.074596,
-0.029447,
0.041558,
0.036740,
0.056480,
-0.078557,
-0.029503,
0.008801,
0.098741,
0.032242,
-0.061467,
0.009355,
-0.026543,
-0.037254,
-0.043549,
0.082833,
-0.007882,
0.023012,
-0.024991,
0.075227,
-0.020977,
-0.043835,
-0.015609,
-0.137316,
0.113005,
-0.059416,
-0.087898,
-0.041325,
-0.015080,
0.003392,
-0.037414,
0.125274,
0.115803,
-0.083335,
-0.001742,
0.014220,
0.092652,
0.110181,
-0.029667,
-0.034757,
-0.020563,
-0.093164,
0.030836,
-0.002133,
-0.024160,
0.011239,
0.155885,
0.029685,
0.002720,
0.089459,
0.041100,
0.081587,
-0.063557,
0.025524,
0.075638,
-0.064946,
-0.039932,
-0.024559,
0.048082,
0.073820,
-0.089385,
0.002738,
0.099736,
0.024918,
0.020511,
0.082883,
-0.022788,
0.021293,
0.081148,
-0.042567,
-0.104658,
-0.009688,
0.111366,
-0.058242,
0.053444,
0.025457,
-0.203289,
-0.124017,
0.002313,
0.087366,
0.026497,
0.045413,
0.005586,
0.076817,
0.015513,
0.007661,
0.064476,
-0.107401,
-0.055269,
0.022898,
-0.036379,
0.049248,
-0.036328,
-0.027367,
0.072008,
0.084539,
0.101188,
-0.022228,
-0.019218,
-0.098571,
0.070117,
0.064534,
0.066420,
-0.007921,
0.039504,
-0.084075,
0.040260,
-0.059196,
0.060868,
-0.026614,
0.175996,
0.003320,
-0.046830,
0.012982,
-0.041524,
0.086622,
0.051663,
0.055764,
-0.028622,
0.070352,
0.061516,
0.018185,
-0.014076,
0.041353,
-0.053651,
-0.011481,
0.126372,
0.075490,
0.006200,
-0.007983,
0.078895,
0.014435,
0.028254,
0.053445,
0.021847,
-0.060401,
0.015844,
-0.033660,
0.061440,
0.031490,
-0.189056,
-0.045409,
0.023058,
-0.010216,
0.029664,
0.049645,
-0.083054,
-0.064875,
-0.026381,
0.013011,
-0.028249,
-0.005267,
-0.102873,
-0.127568,
0.053821,
0.046921,
-0.034789,
0.014327,
0.117758,
-0.002103,
0.078120,
0.020611,
-0.046819,
0.017931,
0.027704,
-0.066264,
-0.042605,
0.107456,
0.131465,
0.078435,
0.027543,
-0.029340,
-0.057065,
0.039425,
0.036540,
-0.026894,
-0.049396,
-0.125339,
-0.007064,
0.054532,
0.059908,
0.061291,
-0.043191,
0.045063,
0.058042,
0.030448,
0.041208,
0.096008,
-0.109047,
-0.057508,
0.146688,
0.029216,
0.005850,
-0.017414,
0.074322,
-0.016409,
0.094205,
0.040107,
0.005116,
0.078339,
-0.020408,
0.017010,
-0.027912,
0.013264,
-0.071375,
0.094918,
0.000393,
0.065096,
-0.148109,
-0.015580,
-0.056356,
-0.005999,
0.123750,
0.032095,
0.043579,
0.029738,
-0.063655,
-0.071507,
0.010233,
-0.049419,
0.038603,
-0.068773,
0.046642,
0.111127,
0.003244,
0.129344,
0.061456,
0.059725,
0.088080,
-0.015509,
0.048390,
-0.045642,
0.002769,
-0.072117,
0.021756,
-0.064525,
0.087578,
0.072575,
0.128107,
0.010215,
-0.067255,
-0.165333,
0.077549,
-0.038267,
-0.019711,
0.000250,
0.042088,
0.039553,
0.045205,
-0.048740,
-0.029759,
0.092337,
-0.007575,
-0.064171,
0.068743,
0.138588,
-0.077488,
-0.032586,
-0.062945,
-0.019912,
0.113499,
-0.026028,
-0.010875,
-0.050176,
0.001487,
0.060715,
-0.018007,
-0.018991,
0.141556,
0.045047,
-0.065459,
0.078529,
-0.082410,
-0.011667,
-0.074027,
-0.031101,
0.046740,
0.055767,
-0.074794,
0.016935,
-0.025722,
-0.028051,
-0.026646,
0.086411,
0.066573,
0.060206,
0.083069,
0.099449,
0.088404,
-0.011578,
0.097493,
0.056673,
0.051997,
0.033151,
0.006529,
0.025370,
0.111830,
-0.102625,
0.120164,
-0.046224,
0.081539,
0.106575,
-0.049355,
-0.049467,
-0.004204,
-0.108445,
0.048485,
-0.034452,
-0.073253,
0.024302,
0.033058,
0.132623,
0.090919,
-0.036111,
-0.087559,
0.081204,
0.020944,
0.069815,
-0.088961,
0.029500,
-0.008660,
0.065940,
-0.039028,
0.014476,
0.107923,
-0.058801,
0.012190,
0.066214,
-0.041012,
-0.038557,
0.037006,
0.105655,
0.138960,
0.061491,
-0.053570,
0.000115,
-0.148911,
-0.006129,
-0.058855,
0.026157,
0.074018,
-0.015299,
-0.018720,
-0.025291,
0.041321,
-0.106389,
0.042112,
-0.048288,
0.000539,
-0.038867,
0.037835,
0.051207,
-0.067194,
-0.036118,
0.099668,
0.013889,
-0.041153,
-0.053687,
0.076941,
-0.010324,
-0.037877,
0.017522,
0.069698,
-0.070641,
0.011631,
0.121360,
0.016768,
-0.099583,
0.042299,
-0.008073,
0.011439,
0.012415,
-0.086076,
-0.039981,
0.095537,
0.003248,
0.080900,
-0.008700,
0.081691,
-0.045927,
0.073727,
0.033766,
0.034662,
0.017419,
0.012965,
-0.058281,
-0.084220,
0.034507,
0.106626,
-0.000337,
-0.082016,
0.066356,
-0.008026,
-0.041028,
-0.082563,
0.122846,
-0.012920,
-0.059828,
-0.037253,
-0.019091,
-0.148173,
0.034180,
-0.090180,
0.029687,
0.035724,
-0.009128,
0.074725,
0.081496,
0.007876,
0.002248,
-0.035744,
-0.017555,
0.096431,
0.060720,
0.041094,
-0.125380,
0.095696,
-0.041672,
0.066592,
0.084116,
0.054992,
0.085440,
0.025754,
0.064380,
-0.074537,
0.063830,
0.092189,
0.093549,
0.026327,
0.034565,
-0.082044,
0.044815,
-0.065153,
-0.057521,
-0.015785,
0.058588,
0.006207,
-0.079078,
0.016866,
-0.046014,
-0.012960,
-0.054596,
0.074216,
-0.031639,
0.088257,
-0.060079,
-0.011214,
0.080284,
0.029193,
-0.010280,
0.027124,
-0.073349,
0.032428,
0.042647,
-0.016653,
0.063517,
-0.018542,
0.034409,
-0.066639,
0.140544,
0.027404,
0.033904,
0.042618,
-0.060558,
-0.079380,
-0.034797,
0.003245,
0.070825,
-0.052219,
0.036267,
-0.000514,
-0.015738,
-0.041814,
-0.032066,
0.084127,
0.005326,
0.057973,
0.075454,
-0.051374,
-0.015273,
-0.033922,
-0.062018,
0.003183,
-0.056984,
-0.034939,
0.024081,
-0.038092,
0.007163,
-0.177326,
-0.069910,
0.089002,
-0.043926,
0.043969,
0.129822,
-0.027357,
-0.059172,
0.015852,
-0.029476,
0.064795,
0.004896,
-0.065188,
-0.023695,
-0.002051,
0.046656,
0.042287,
0.066367,
0.084910,
0.056961,
0.156298,
0.028780,
0.004480,
0.053656,
-0.023645,
0.041103,
0.004079,
0.012497,
0.013818,
0.082490,
-0.002947,
0.049179,
-0.072527,
-0.021796,
-0.005264,
0.076484,
0.031537,
0.002329,
-0.047694,
-0.129781,
-0.090135,
-0.064317,
-0.047535,
0.083929,
-0.056777,
0.045470,
-0.097039,
0.071152,
0.098175,
-0.031980,
0.002236,
0.018335,
0.015836,
0.006577,
-0.040144,
-0.095821,
0.052993,
0.003749,
0.027272,
0.022172,
0.078988,
-0.037878,
0.096854,
-0.031671,
-0.081517,
0.111051,
0.108641,
0.074343,
-0.047453,
0.106202,
-0.059432,
-0.020510,
0.012241,
0.008495,
0.039359,
-0.061462,
0.021486,
0.014627,
0.016545,
-0.018210,
-0.076314,
0.057131,
0.043728,
-0.077014,
0.097199,
-0.085764,
-0.064430,
-0.004271,
-0.002245,
-0.010574,
-0.065385,
0.025696,
0.058406,
0.070120,
-0.000343,
0.011474,
-0.012356,
-0.003324,
0.055390,
0.092013,
0.028331,
-0.074424,
0.012519,
-0.003373,
-0.049532,
0.078923,
0.004300,
-0.044761,
0.021632,
-0.004449,
-0.099402,
-0.032471,
-0.052484,
0.014222,
0.005606,
0.004179,
0.084636,
-0.039470,
-0.156449,
-0.031268,
-0.096848,
-0.060364,
-0.019273,
0.038044,
0.019649,
0.042171,
-0.026942,
0.073360,
-0.155798,
0.077906,
0.094484,
-0.040715,
0.025173,
0.036393,
0.001699,
0.049451,
-0.004959,
0.057882,
-0.064364,
-0.043640,
-0.000294,
-0.045891,
-0.054426,
-0.072429,
-0.013453,
-0.024047,
-0.034042,
-0.032519,
0.151290,
0.000832,
0.010161,
0.059271,
0.025804,
0.064626,
0.032689,
0.011496,
-0.068791,
0.074128,
0.043263,
-0.036463,
0.049544,
-0.070646,
-0.074367,
-0.023212,
-0.025390,
0.072258,
0.023484,
-0.095433,
-0.142482,
-0.068911,
0.007192,
0.072116,
0.001409,
-0.073645,
0.022175,
0.076732,
-0.042810,
-0.020191,
0.116699,
-0.085149,
-0.012654,
-0.000061,
-0.078219,
0.050702,
0.015337,
-0.035993,
0.042216,
-0.018336,
-0.010403,
0.008646,
-0.068519,
-0.043415,
-0.131329,
0.061540,
0.059171,
0.026832,
0.053927,
0.057536,
0.020199,
0.131644,
0.034542,
0.002072,
0.003483,
0.059359,
-0.025085,
0.002307,
-0.060475,
-0.029939,
-0.081159,
-0.072987,
0.059046,
0.060682,
0.056952,
0.049468,
-0.072060,
0.058907,
-0.090239,
-0.013124,
0.003791,
-0.050884,
-0.068211,
0.039199,
-0.004036,
-0.033799,
-0.062876,
-0.118017,
0.019552,
0.004676,
-0.094305,
0.008006,
-0.013703,
-0.072304,
-0.049759,
-0.035643,
-0.071756,
0.023694,
-0.034845,
-0.030948,
-0.047362,
0.042077,
0.003251,
-0.095697,
-0.035106,
-0.046459,
-0.010487,
0.080112,
-0.064942,
0.038813,
-0.040155,
0.061846,
-0.023766,
-0.068900,
-0.045133,
-0.076548,
0.061697,
-0.055713,
-0.105929,
0.071394,
0.044879,
0.029168,
-0.063845,
-0.070084,
-0.046855,
-0.016695,
-0.025289,
0.073569,
0.008564,
0.051455,
0.034531,
-0.044548,
0.034774,
0.037319,
0.020362,
-0.031684,
-0.047271,
-0.098835,
0.116328,
-0.022823,
-0.022717,
-0.032281,
0.030553,
0.016593,
-0.068981,
-0.044628,
0.016968,
-0.053719,
-0.016259,
0.084112,
0.025890,
0.025004,
-0.069995,
-0.058892,
-0.057810,
0.076734,
0.063476,
0.008348,
-0.094178,
0.042407,
-0.039671,
0.008085,
-0.073483,
0.075398,
-0.034969,
0.003167,
-0.031734,
-0.074050,
-0.042672,
-0.021376,
0.052076,
0.002253,
-0.063239,
-0.090392,
-0.031726,
0.018256,
-0.001962,
-0.073906,
0.070190,
0.063373,
0.012787,
0.052522,
-0.082405,
-0.083825,
0.006065,
-0.088510,
0.070065,
0.032802,
0.004298,
-0.028500,
-0.038753,
0.080189,
-0.031071,
-0.006150,
-0.050316,
-0.066117,
-0.013606,
-0.022344,
-0.030469,
-0.068022,
0.042513,
0.066214,
0.043517,
-0.016548,
0.052117,
-0.060729,
-0.061745,
0.067872,
-0.057159,
0.053351,
-0.002318,
0.077541,
-0.088044,
-0.032023,
-0.101072,
-0.096575,
-0.090667,
-0.129854,
0.019296,
-0.054000,
-0.083207,
-0.010938,
-0.052580,
-0.052992,
0.000386,
0.028770,
0.038872,
-0.040053,
-0.041332,
-0.004648,
0.047227,
-0.085634,
-0.015738,
-0.041960,
-0.010356,
0.136558,
0.001190,
0.003480,
0.057798,
0.007211,
-0.029822,
-0.047745,
-0.014653,
-0.054475,
-0.027632,
-0.032103,
0.013403,
-0.082593,
0.016273,
-0.076465,
-0.001425,
-0.060887,
0.027902,
0.103363,
-0.050193,
-0.045887,
-0.082623,
-0.054434,
0.066388,
0.007414,
0.015454,
0.003958,
0.049845,
-0.102625,
0.041114,
-0.022650,
0.071070,
-0.023289,
-0.071676,
0.098926,
-0.075652,
0.037940,
0.085073,
-0.016583,
-0.004594,
0.066465,
0.059982,
-0.006944,
-0.088344,
0.052457,
0.009702,
-0.053454,
0.029056,
-0.037162,
0.046279,
0.049807,
-0.080376,
0.049874,
0.073828,
0.004482,
-0.077907,
-0.027770,
0.029718,
0.030726,
0.085234,
0.051600,
0.010671,
-0.051466,
0.050720,
-0.022846,
0.032442,
-0.011864,
-0.044741,
-0.052477,
0.075971,
-0.046296,
-0.052576,
-0.011156,
-0.044236,
0.069658,
0.074436,
0.073690,
0.094918,
0.023486,
0.020367,
-0.035376,
-0.013577,
-0.035352,
-0.080167,
0.092560,
-0.006626,
-0.002940,
0.023729,
-0.058994,
0.025842,
0.024441,
-0.003548,
-0.018681,
-0.047030,
0.020904,
-0.036803,
0.083671,
0.074131,
-0.050118,
-0.006420,
-0.016850,
-0.009610,
-0.061222,
0.004852,
0.069571,
0.067050,
-0.019165,
0.048261,
0.019104,
0.025467,
0.016565,
-0.029845,
-0.019355,
-0.016292,
-0.044356,
0.042864,
-0.055980,
0.001650,
0.082315,
0.025724,
0.071665,
0.078839,
0.050405,
0.016615,
-0.089519,
-0.052132,
0.065291,
0.007230,
0.003306,
-0.062620,
-0.033320,
0.008700,
0.084547,
-0.027282,
-0.097389,
-0.029236,
-0.016829,
-0.026780,
-0.009481,
-0.014583,
0.021061,
0.019850,
0.039932,
0.007216,
-0.056878,
0.031527,
0.044433,
0.017295,
-0.010514,
0.039758,
0.063705,
-0.071172,
-0.059151,
-0.077843,
0.018475,
0.059364,
-0.009396,
-0.008889,
-0.085711,
-0.010588,
0.060347,
0.036966,
0.077183,
0.058206,
0.032379,
-0.040311,
0.079450,
0.076745,
0.029686,
0.011277,
0.071592,
0.062342,
0.034354,
0.019485,
0.060492,
0.050475,
0.009641,
0.014553,
0.006356,
-0.021660,
-0.046334,
0.010086,
0.055638,
-0.038393,
0.070354,
0.064590,
0.071280,
0.074752,
0.058724,
0.008691,
0.038524,
-0.019216,
-0.069766,
0.062212,
-0.027490,
0.052198,
0.006856,
0.032399,
0.047814,
-0.035190,
-0.056719,
-0.002746,
0.019235,
-0.052316,
-0.064520,
-0.023266,
-0.063190,
0.053254,
0.043480,
-0.043989,
0.085347,
-0.015867,
-0.047484,
0.005066,
-0.014540,
-0.049144,
0.035794,
0.076448,
-0.078684,
-0.006552,
0.004998,
0.014540,
0.009604,
0.059413,
-0.074962,
-0.004586,
-0.031613,
-0.021291,
-0.011389,
0.051291,
0.009061,
-0.069029,
0.007252,
-0.002227,
-0.039194,
0.020255,
0.014153,
-0.026476,
0.080102,
0.086774,
0.061547,
0.002545,
0.046309,
-0.063153,
0.071426,
-0.031162,
0.050767,
-0.045961,
0.008524,
0.035557,
-0.084858,
-0.035794,
0.009239,
-0.047301,
0.019469,
-0.073917,
0.002360,
0.076322,
0.046456,
0.057094,
0.020213,
0.080257,
0.008477,
0.049373,
0.020752,
0.052412,
-0.015021,
0.046064,
0.008482,
0.054577,
-0.069351,
0.056451,
-0.019321,
0.058095,
0.080437,
0.059302,
-0.061470,
-0.020892,
0.020382,
0.085565,
-0.007193,
-0.032246,
-0.065571,
-0.073751,
-0.013329,
0.063904,
0.059459,
-0.045131,
0.032004,
0.001597,
-0.079169,
-0.059097,
-0.074946,
-0.057077,
0.028267,
0.049391,
0.005179,
-0.021636,
-0.084149,
0.063723,
0.085715,
0.014147,
0.085651,
-0.055237,
0.058943,
-0.068908,
-0.021488,
-0.079464,
-0.087460,
-0.029232,
-0.023352,
-0.048884,
-0.028210,
-0.033958,
0.069847,
-0.015598,
0.073445,
0.081577,
0.016619,
-0.069305,
-0.047742,
0.001160,
-0.039424,
0.011377,
0.032243,
0.008219,
0.054403,
0.061249,
0.030389,
0.025023,
0.067934,
-0.005394,
-0.066797,
0.056151,
-0.060434,
-0.029763,
-0.069679,
-0.065956,
0.010332,
0.016952,
0.024291,
-0.024328,
-0.049416,
0.006037,
-0.066720,
0.035537,
0.084597,
0.082448,
0.033057,
0.010648,
-0.028335,
0.042970,
-0.073558,
0.001856,
0.072092,
-0.053781,
-0.013507,
0.048954,
-0.030976,
0.033230,
-0.049479,
-0.011087,
0.012911,
-0.005563,
-0.064775,
0.000611,
0.081984,
0.023559,
0.027999,
0.083574,
0.007935,
0.079273,
-0.014814,
0.066046,
-0.037662,
-0.006318,
-0.051576,
0.002876,
0.026548,
-0.030830,
-0.094538,
0.052439,
0.063348,
0.027809,
-0.009529,
-0.051761,
-0.072376,
0.005614,
-0.056659,
-0.024127,
0.004701,
0.008432,
-0.062109,
0.026626,
-0.050959,
-0.054949,
-0.073170,
0.076302,
0.029190,
-0.002826,
-0.049283,
0.071570,
0.050323,
0.021882,
-0.079147,
-0.061128,
-0.015550,
-0.048285,
-0.072956,
-0.017585,
0.049001,
-0.016620,
0.010475,
0.067854,
-0.043275,
-0.025166,
-0.012709,
-0.079054,
-0.020429,
-0.023325,
0.044816,
0.076773,
-0.000924,
0.070705,
-0.085909,
-0.036055,
-0.069215,
-0.021749,
-0.040848,
-0.073547,
-0.009375,
-0.052185,
0.007922,
0.025367,
0.065063,
-0.043813,
-0.060422,
0.057296,
0.013117,
-0.122634,
0.085486,
-0.021059,
0.010312,
0.015872,
0.003117,
0.012129,
-0.025971,
0.038264,
0.053377,
0.056024,
0.058923,
-0.005921,
-0.041856,
-0.107432,
-0.005964,
-0.028475,
-0.041479,
0.084206,
0.049583,
-0.007114,
-0.046998,
-0.016586,
-0.036573,
-0.011181,
-0.101847,
0.032050,
-0.046392,
-0.066030,
0.079304,
-0.021704,
0.043149,
0.029394,
-0.024638,
-0.034664,
0.093159,
-0.033610,
0.023384,
-0.061990,
-0.031803,
-0.067841,
-0.082203,
-0.006280,
-0.068081,
-0.072842,
-0.024055,
-0.054344,
0.012339,
0.018470,
-0.021131,
-0.001207,
0.041105,
0.012034,
-0.077491,
0.045036,
-0.003383,
-0.051297,
0.051876,
-0.010880,
0.024419,
-0.003996,
0.050076,
-0.079408,
0.071838,
-0.067657,
-0.056521,
0.075361,
-0.001730,
-0.072422,
-0.103753,
-0.015057,
0.065604,
0.034804,
0.078040,
0.034184,
0.088399,
-0.020102,
-0.000762,
-0.133774,
0.138389,
-0.015171,
0.022639,
0.036024,
0.032057,
-0.005530,
-0.050083,
-0.029366,
-0.026515,
0.046740,
-0.065794,
0.102415,
-0.049249,
-0.007830,
-0.053734,
-0.004510,
-0.035851,
0.075296,
0.027128,
-0.038498,
0.020371,
-0.063093,
0.074298,
0.048221,
0.011008,
0.004373,
-0.025743,
-0.070843,
0.034203,
0.082629,
-0.034990,
0.044533,
0.028301,
0.059003,
-0.082223,
0.004236,
-0.021138,
-0.031172,
-0.044704,
0.039379,
0.078326,
0.058428,
0.090507,
0.006901,
0.060523,
0.018967,
-0.004008,
-0.022810,
0.046692,
-0.010854,
-0.007439,
0.043724,
0.019321,
0.060290,
-0.002340,
-0.079392,
0.065822,
-0.065227,
0.013915,
0.044151,
0.084320,
-0.039351,
0.042471,
-0.116091,
0.089867,
-0.014245,
-0.122114,
0.009894,
0.010995,
-0.015289,
-0.073491,
0.039994,
-0.027940,
-0.019283,
0.052195,
0.063294,
0.065044,
-0.034255,
-0.056292,
0.115678,
-0.003899,
0.010868,
0.038430,
0.053013,
0.013669,
-0.075257,
0.023784,
-0.021051,
-0.040655,
-0.018768,
0.035770,
0.020685,
-0.069085,
0.054271,
-0.023897,
-0.051137,
-0.040966,
0.010590,
0.077871,
-0.024378,
-0.033245,
-0.020293,
-0.043896,
-0.077321,
0.057782,
-0.027270,
-0.013931,
-0.037273,
-0.080398,
0.075560,
0.060430,
-0.006820,
0.052151,
0.095326,
0.043032,
0.043634,
-0.053078,
-0.004550,
-0.155701,
-0.078381,
0.094454,
-0.082690,
0.048794,
-0.114286,
-0.013416,
0.122102,
0.041088,
-0.145838,
0.080434,
-0.086515,
-0.020614,
-0.046483,
-0.055036,
0.011511,
0.044560,
-0.102218,
0.051248,
-0.052343,
-0.100710,
-0.004754,
0.019156,
0.024090,
-0.076401,
0.003837,
-0.022091,
-0.064752,
0.043850,
0.034692,
0.020161,
-0.008670,
0.038744,
0.047189,
0.007689,
0.052401,
-0.078090,
-0.070455,
0.015564,
0.071471,
-0.090989,
0.032982,
-0.020067,
0.018388,
0.080168,
-0.116446,
-0.078509,
-0.007384,
-0.047910,
-0.094587,
0.094249,
0.083076,
0.035413,
0.106465,
-0.038117,
0.002168,
-0.099743,
0.048842,
0.093052,
0.003789,
-0.032880,
0.038809,
-0.007176,
-0.066007,
-0.100045,
-0.017634,
0.120993,
-0.063606,
0.042252,
0.009013,
-0.040392,
0.019489,
0.020144,
-0.007352,
0.117230,
-0.036770,
0.020008,
0.010001,
0.005951,
-0.041383,
-0.074661,
-0.043153,
0.036474,
0.047566,
-0.029217,
0.090482,
0.053067,
-0.067496,
-0.069933,
-0.059579,
0.011251,
0.040356,
-0.069758,
0.058386,
0.067407,
0.038369,
0.027241,
0.054098,
0.004614,
-0.069962,
-0.020685,
-0.133846,
0.038827,
-0.041629,
0.059581,
0.011582,
0.047741,
-0.064707,
-0.013147,
-0.093720,
-0.059081,
-0.008390,
0.078134,
-0.006675,
-0.030022,
0.014735,
0.079074,
-0.052791,
-0.067736,
0.002451,
0.068708,
0.009497,
0.018894,
-0.002309,
0.003891,
0.003597,
-0.123236,
0.112545,
-0.227491,
-0.033221,
0.017370,
-0.068931,
0.106938,
-0.087033,
-0.023387,
0.037145,
0.041983,
-0.045918,
0.115069,
0.037415,
-0.043493,
-0.026418,
0.035991,
0.049344,
0.063999,
-0.014353,
0.085703,
0.015572,
0.012051,
0.071852,
0.011342,
0.070905,
0.026616,
0.063410,
-0.000523,
0.057924,
-0.007437,
0.031919,
0.053914,
0.057119,
0.042834,
0.038032,
0.048702,
-0.104684,
-0.021046,
-0.138427,
-0.049246,
0.064110,
0.007728,
-0.007113,
-0.063383,
0.000391,
0.038518,
-0.047566,
0.014580,
0.034924,
-0.026694,
-0.035656,
0.061846,
0.072830,
0.072734,
0.042805,
0.079405,
0.086082,
0.004359,
-0.106504,
0.060832,
-0.015118,
-0.013404,
0.039868,
-0.131175,
0.029162,
-0.173306,
-0.097912,
0.080664,
0.028875,
0.035632,
0.030109,
0.074470,
0.002390,
0.000559,
-0.087817,
0.092147,
-0.026174,
0.008815,
-0.049366,
-0.045788,
0.000076,
-0.093730,
0.020916,
0.082923,
0.124983,
-0.112859,
0.040963,
0.002117,
-0.047773,
0.007447,
0.032163,
-0.098165,
0.035716,
-0.066727,
0.031804,
0.026971,
-0.058423,
0.058353,
0.062865,
0.082558,
-0.055965,
-0.034701,
0.003675,
0.048358,
-0.014408,
0.059616,
-0.024278,
-0.023864,
-0.059636,
0.067670,
-0.025208,
0.025217,
0.035034,
0.010587,
0.026012,
0.008024,
0.053482,
-0.025654,
0.015573,
-0.028761,
0.073918,
-0.070139,
-0.005254,
-0.019694,
0.010791,
-0.038882,
0.048344,
-0.073813,
0.126244,
-0.185169,
-0.006268,
-0.071258,
0.009031,
-0.038048,
0.056718,
-0.027930,
-0.036943,
0.045852,
-0.026680,
0.022068,
-0.056668,
0.147384,
0.025283,
-0.034563,
0.031761,
-0.059048,
0.085392,
0.024261,
-0.027398,
-0.026313,
0.087475,
0.083313,
-0.051846,
0.131265,
0.078361,
0.001454,
0.086094,
-0.115296,
-0.071366,
-0.000152,
0.005496,
0.024512,
-0.035018,
-0.088120,
0.033010,
-0.079065,
-0.114690,
0.055907,
-0.104769,
0.036196,
-0.028541,
0.016579,
0.084750,
-0.061461,
-0.122396,
0.079358,
0.105297,
0.024608,
0.038533,
-0.087794,
-0.024498,
0.047080,
-0.028898,
-0.029798,
0.081818,
-0.068315,
0.059418,
0.051349,
-0.058062,
-0.053846,
0.051521,
-0.194690,
0.027020,
-0.190059,
0.004981,
-0.021723,
0.069455,
0.018697,
-0.032581,
-0.025294,
-0.080815,
-0.046404,
-0.145009,
0.102105,
-0.032122,
0.070992,
-0.004002,
0.032794,
0.082984,
0.032557,
-0.038298,
0.043159,
0.006613,
0.028675,
0.157937,
-0.091519,
0.032641,
0.014786,
0.083432,
-0.022879,
0.053743,
0.022812,
-0.052745,
-0.026716,
0.032757,
-0.025793,
0.091135,
0.011660,
-0.070455,
0.047356,
0.110394,
0.087542,
0.002423,
0.027886,
0.015053,
-0.040514,
-0.003447,
-0.071338,
-0.099497,
0.058270,
-0.003692,
0.046490,
0.004466,
-0.030427,
-0.168719,
0.067025,
0.063404,
0.061957,
0.082980,
0.024834,
-0.038848,
0.084272,
-0.051076,
0.082042,
-0.068214,
0.028201,
-0.100900,
-0.171515,
-0.063137,
-0.076752,
0.049790,
-0.071865,
0.006481,
0.090202,
-0.116524,
0.071326,
-0.005647,
0.139088,
0.069349,
0.114897,
0.006329,
-0.055903,
0.056863,
-0.018630,
-0.029798,
0.051951,
-0.093301,
-0.068966,
0.106989,
0.013703,
0.068459,
-0.084020,
0.080051,
0.115347,
0.055769,
-0.017266,
0.013780,
-0.022737,
-0.098607,
-0.012569,
-0.025865,
0.075175,
-0.043998,
0.019666,
0.167353,
0.045519,
-0.054057,
0.087165,
0.013424,
0.029853,
-0.048271,
-0.083131,
-0.073387,
0.050158,
0.064285,
0.018068,
0.057042,
-0.051492,
-0.119940,
-0.059866,
-0.041286,
0.056244,
0.021465,
-0.008107,
0.042516,
0.074075,
-0.029635,
0.083184,
-0.075302,
0.032866,
-0.138403,
-0.000421,
0.038044,
0.017344,
-0.017291,
0.020054,
-0.015142,
0.097892,
-0.087894,
0.103848,
-0.027507,
0.139028,
0.033684,
0.041691,
0.076231,
0.004357,
0.147603,
0.021918,
-0.040486,
-0.058883,
-0.017630,
0.036969,
0.070401,
-0.025255,
0.008493,
-0.032274,
0.047944,
0.067624,
-0.090214,
-0.042423,
-0.051373,
-0.033935,
-0.015951,
0.039897,
0.027260,
0.037433,
-0.059800,
0.053169,
0.124186,
0.063878,
0.019313,
-0.012206,
0.053702,
0.017420,
-0.079477,
-0.000312,
-0.037395,
-0.006224,
-0.008679,
-0.068512,
-0.003679,
-0.059334,
0.039011,
-0.035558,
-0.004933,
0.120047,
-0.051880,
-0.017885,
-0.050106,
0.006532,
0.050650,
-0.005175,
0.052011,
0.043371,
-0.126665,
-0.080774,
-0.021214,
-0.025627,
-0.065102,
-0.099205,
0.109629,
0.047887,
-0.059299,
-0.003901,
-0.040984,
0.081787,
-0.022272,
-0.047585,
-0.023115,
0.041807,
0.166313,
-0.054678,
0.045587,
0.032298,
-0.015706,
-0.063832,
0.054998,
0.009827,
0.063342,
-0.050159,
-0.055504,
-0.070611,
-0.090475,
-0.004240,
-0.008106,
0.068707,
0.117927,
-0.031857,
-0.015342,
0.029675,
-0.178643,
0.118932,
-0.057588,
0.010215,
-0.021996,
-0.044239,
0.048437,
0.036007,
0.082166,
-0.029296,
-0.062960,
0.054796,
0.080106,
-0.023722,
0.061932,
0.014429,
0.117541,
0.081132,
0.064554,
0.143652,
-0.096336,
-0.017516,
-0.076527,
0.056659,
0.068083,
-0.010886,
0.080153,
-0.025924,
0.027969,
0.073778,
0.097810,
0.067938,
-0.016571,
-0.082281,
0.055157,
0.048272,
0.063556,
0.006009,
-0.065819,
0.015857,
-0.067826,
-0.040605,
0.061996,
0.127475,
-0.023634,
-0.088026,
-0.007735,
-0.015599,
0.004707,
-0.018956,
-0.029060,
-0.094504,
0.038823,
-0.084160,
0.047175,
-0.055352,
-0.030908,
-0.002364,
-0.045422,
0.065371,
0.155071,
0.067090,
0.064416,
0.080660,
-0.109336,
0.055687,
-0.031425,
0.088630,
0.020502,
0.001566,
-0.072935,
-0.081064,
-0.073812,
0.048795,
-0.024504,
0.056319,
-0.030389,
-0.036140,
-0.110964,
0.130440,
0.127742,
0.063794,
0.020526,
0.001282,
-0.072638,
0.022688,
0.002681,
0.130005,
0.086157,
-0.028111,
-0.032477,
0.033463,
0.060571,
0.035090,
0.012969,
0.062114,
0.079269,
0.026281,
0.085337,
-0.003805,
0.011624,
-0.027821,
-0.000680,
0.012087,
-0.001655,
-0.048075,
-0.026218,
-0.009473,
-0.110392,
0.010652,
-0.030166,
0.021534,
-0.043471,
0.102840,
0.026180,
-0.074971,
0.019126,
-0.015439,
0.005879,
-0.119410,
-0.081948,
0.087713,
0.084620,
0.031353,
0.073662,
0.064782,
0.063637,
0.017518,
0.029950,
0.116200,
-0.064724,
0.087929,
-0.078936,
0.003460,
0.004858,
0.032115,
-0.035183,
0.047736,
0.026952,
-0.082621,
-0.037310,
-0.035010,
-0.035548,
0.156933,
-0.000160,
-0.049933,
-0.011002,
-0.019405,
-0.108096,
-0.061801,
0.010093,
0.008306,
0.011630,
-0.040559,
0.075666,
0.077491,
0.110882,
0.035128,
0.092510,
0.012844,
0.013933,
-0.040823,
0.094244,
-0.070860,
0.037387,
-0.117388,
0.045099,
0.062051,
0.010062,
0.012890,
0.047039,
0.031253,
-0.135598,
-0.084854,
0.053787,
-0.076740,
0.062942,
0.102418,
0.011766,
-0.000480,
-0.038869,
-0.061222,
-0.017127,
0.017928,
-0.042221,
0.009732,
-0.009731,
0.075705,
0.140139,
0.010787,
-0.034121,
0.027840,
0.049530,
0.097382,
0.031616,
0.020481,
-0.098841,
0.031667,
-0.064990,
0.037706,
-0.036066,
-0.017657,
-0.109162,
0.041072,
0.026350,
-0.083427,
0.004280,
0.174472,
0.080456,
0.067426,
-0.054315,
-0.079967,
-0.121333,
-0.014099,
0.000166,
-0.043802,
0.044364,
-0.050512,
0.003655,
-0.066897,
0.026112,
-0.078630,
-0.010614,
-0.002338,
0.137432,
-0.042746,
0.077492,
0.032214,
-0.001860,
-0.000273,
-0.019288,
0.075899,
-0.044773,
-0.026950,
0.002691,
0.110637,
-0.145687,
0.080882,
0.062379,
-0.012892,
0.003264,
-0.013987,
-0.018246,
-0.033125,
-0.087830,
0.066141,
0.036853,
-0.029670,
0.017971,
-0.028528,
-0.046006,
0.004589,
0.092317,
0.034680,
0.091620,
0.023131,
0.150059,
0.093499,
-0.057451,
0.061051,
-0.014816,
-0.079748,
-0.051055,
-0.049872,
0.047802,
0.006319,
-0.008950,
0.068887,
-0.026314,
-0.058595,
0.016068,
-0.005524,
0.009373,
0.002714,
0.047250,
-0.132309,
-0.111139,
0.006494,
0.005514,
0.072509,
-0.034411,
-0.024173,
-0.077474,
0.007003,
-0.061289,
0.018714,
-0.014447,
-0.039999,
0.082457,
0.059359,
-0.011790,
0.049724,
-0.063161,
-0.062028,
0.054466,
0.024352,
0.075083,
-0.045917,
-0.040542,
-0.006265,
-0.201380,
0.063831,
-0.035622,
0.042086,
-0.049347,
0.107049,
-0.065021,
0.080944,
0.063214,
0.028432,
0.024999,
-0.034429,
-0.087423,
0.043012,
-0.063934,
-0.033368,
-0.112073,
0.075958,
0.074707,
0.064206,
0.193008,
0.101563,
-0.010993,
-0.037577,
0.020582,
0.033991,
0.023382,
0.117369,
-0.006788,
-0.071255,
-0.074496,
0.019306,
0.016262,
0.036447,
-0.004784,
-0.018446,
0.021611,
-0.072754,
-0.049461,
-0.101902,
-0.151372,
0.035113,
-0.083292,
0.034524,
-0.001004,
-0.027907,
-0.024412,
0.113243,
0.003011,
-0.052821,
0.015670,
-0.045083,
0.001810,
0.019371,
0.003865,
-0.033459,
-0.019487,
0.026139,
-0.013206,
0.006373,
0.070508,
-0.047854,
-0.004417,
0.134144,
-0.174715,
-0.014991,
-0.013992,
-0.009977,
0.061292,
-0.003248,
0.065918,
0.067016,
0.022413,
-0.074118,
0.054255,
0.132970,
0.049960,
-0.016103,
-0.047350,
-0.088587,
-0.049370,
0.069302,
-0.023567,
0.075428,
0.064200,
0.088108,
0.070447,
-0.075694,
-0.083293,
-0.086941,
0.098191,
-0.041746,
-0.049919,
0.007957,
-0.111012,
0.077824,
0.061837,
0.032180,
-0.016016,
-0.029718,
0.012320,
0.051700,
0.078566,
-0.093714,
-0.001594,
-0.027070,
0.044303,
0.064784,
0.079762,
-0.038651,
-0.023331,
0.063914,
0.044045,
-0.020287,
-0.048047,
-0.024377,
0.086190,
0.114168,
-0.150783,
-0.062263,
0.055194,
0.056641,
-0.002540,
0.066886,
0.007031,
-0.006340,
-0.037438,
0.071951,
0.025935,
0.057209,
0.065571,
-0.019430,
-0.008808,
-0.004775,
-0.017260,
0.004594,
-0.085832,
0.041947,
-0.006600,
0.012243,
-0.017589,
-0.043495,
-0.026065,
0.016722,
-0.024584,
0.021102,
0.087605,
0.047817,
0.175917,
0.026076,
-0.033753,
0.009952,
-0.060655,
-0.000121,
0.083059,
0.054863,
-0.075556,
0.039707,
0.025856,
-0.003637,
0.012903,
-0.035831,
-0.105020,
-0.138511,
-0.088806,
0.090543,
0.009929,
-0.029592,
-0.028233,
-0.045692,
-0.059692,
0.089424,
0.064877,
0.075034,
-0.029900,
0.086383,
0.031525,
0.032294,
0.013070,
-0.070028,
0.056449,
0.045069,
-0.047176,
0.005049,
-0.033638,
0.018142,
-0.021633,
-0.030950,
0.005298,
-0.035804,
0.092481,
0.105660,
-0.077571,
0.029260,
-0.021553,
0.057322,
0.044433,
0.060553,
-0.030448,
0.099716,
0.050613,
0.026586,
0.008069,
0.015230,
-0.016209,
-0.022330,
0.018432,
-0.015785,
-0.093430,
-0.011425,
0.072571,
-0.091303,
0.159454,
0.080386,
0.037413,
0.027344,
-0.001955,
0.032050,
0.073205,
-0.041248,
-0.042048,
0.022593,
0.029232,
0.021754,
-0.067412,
0.039065,
-0.023584,
-0.055277,
-0.110856,
-0.015363,
0.057862,
0.024280,
-0.081435,
-0.073608,
-0.051246,
0.009561,
-0.067507,
-0.047591,
0.008089,
-0.045841,
0.072213,
-0.042105,
0.013482,
-0.089335,
0.035831,
0.055855,
-0.048845,
0.018690,
-0.002574,
-0.083831,
0.049512,
0.040564,
-0.049435,
-0.045429,
-0.010093,
0.035617,
-0.033947,
0.050372,
0.087619,
-0.004291,
-0.049275,
-0.092863,
-0.063377,
-0.048012,
-0.064528,
-0.008035,
-0.068776,
-0.041060,
-0.093315,
0.023267,
-0.015477,
-0.006552,
-0.027704,
-0.026795,
-0.059942,
-0.071583,
0.080813,
0.004679,
-0.002660,
-0.056954,
0.048704,
-0.042323,
0.039953,
-0.059314,
0.014899,
-0.080355,
-0.088856,
0.070360,
0.055418,
0.051875,
0.002155,
0.019034,
-0.022616,
-0.033359,
0.021196,
-0.025060,
-0.022983,
-0.038266,
-0.029064,
0.053294,
-0.082943,
-0.019363,
0.005677,
-0.004153,
-0.019175,
-0.026487,
-0.032884,
-0.090791,
-0.051169,
0.074254,
-0.071989,
-0.007381,
0.059241,
-0.008519,
0.084475,
-0.048168,
0.071074,
-0.024472,
0.070757,
-0.036875,
-0.058331,
-0.068212,
-0.046341,
0.017342,
0.001232,
0.011066,
-0.103005,
0.043906,
-0.084136,
-0.029049,
0.014811,
-0.030157,
0.065983,
0.051197,
-0.038432,
-0.037295,
-0.098987,
-0.060676,
-0.050653,
0.030535,
0.050002,
0.051957,
-0.025861,
-0.080477,
-0.025636,
-0.041095,
-0.028452,
0.048667,
-0.018403,
-0.061643,
0.007396,
-0.059866,
0.050850,
0.061387,
-0.062808,
0.003473,
-0.045379,
0.069931,
0.028442,
-0.073011,
-0.026825,
0.058717,
0.016175,
0.041007,
-0.029827,
0.010613,
0.000974,
0.039879,
0.082529,
-0.035731,
-0.006898,
-0.028894,
-0.045446,
0.110999,
-0.027991,
-0.023307,
0.011613,
0.038960,
0.026238,
0.033095,
-0.061249,
-0.019122,
-0.058553,
0.040198,
0.052876,
-0.038750,
0.071717,
0.088660,
0.014373,
0.066688,
0.028650,
-0.071088,
0.046866,
0.010306,
0.064875,
-0.050959,
0.075475,
0.002186,
0.029880,
0.002620,
-0.076914,
-0.017247,
0.045348,
-0.077607,
0.041718,
-0.025695,
-0.013358,
-0.058389,
-0.021729,
-0.018075,
0.058844,
0.036664,
-0.059067,
0.057074,
-0.008472,
0.076553,
-0.093296,
-0.029222,
0.037747,
0.051243,
-0.057243,
-0.035173,
-0.041651,
-0.009132,
-0.077757,
0.003923,
0.083038,
0.044171,
-0.091969,
0.041919,
0.053751,
-0.026719,
0.027152,
-0.057258,
0.049715,
-0.004095,
-0.041758,
-0.003427,
0.067574,
-0.038561,
-0.008713,
-0.021670,
-0.071897,
0.022759,
-0.060564,
-0.046233,
0.086175,
-0.067529,
0.050151,
-0.060456,
0.093347,
0.035889,
-0.070976,
0.080120,
-0.033850,
-0.012595,
0.010244,
-0.022676,
0.009700,
-0.001540,
0.017782,
-0.044485,
-0.105087,
-0.012323,
0.041648,
-0.048702,
-0.004755,
-0.050232,
-0.051164,
0.038647,
-0.003852,
0.036854,
-0.016112,
-0.061255,
0.020884,
0.047233,
-0.013746,
-0.001721,
0.026306,
0.009273,
-0.064926,
-0.043461,
-0.031957,
-0.056531,
-0.079746,
0.030419,
0.084192,
0.069853,
-0.052938,
0.072694,
0.044810,
0.079018,
-0.081374,
-0.062066,
0.014480,
-0.069313,
0.015729,
0.031985,
-0.032705,
-0.032893,
0.076204,
-0.036012,
0.042515,
0.007541,
0.043067,
0.012245,
0.023978,
0.000331,
-0.077603,
-0.029971,
-0.063142,
-0.033832,
-0.020464,
0.053054,
-0.062000,
0.039448,
-0.041784,
0.016758,
-0.034682,
-0.040275,
0.050195,
-0.066935,
0.027700,
0.012981,
0.039329,
0.019081,
-0.050064,
0.002010,
-0.025954,
-0.044134,
0.054292,
-0.061657,
0.075512,
-0.050730,
-0.043873,
-0.028642,
-0.047706,
0.052806,
-0.034598,
0.005127,
0.065147,
-0.062367,
0.076371,
0.071727,
-0.033864,
-0.039191,
0.074526,
-0.075561,
0.063017,
0.084842,
-0.058979,
-0.024196,
0.061452,
-0.046748,
-0.062598,
-0.015733,
-0.064586,
-0.000242,
-0.075014,
0.075329,
-0.061402,
0.019819,
0.003533,
-0.018640,
-0.084388,
-0.025708,
0.006707,
-0.017957,
0.055255,
0.078525,
0.061586,
0.000846,
-0.059788,
0.002642,
-0.078821,
0.027660,
-0.021394,
0.078387,
-0.075411,
-0.015885,
-0.057834,
0.041969,
0.071226,
-0.059060,
0.025838,
-0.051820,
-0.079065,
0.077420,
0.008407,
-0.085150,
-0.042172,
0.061848,
0.011520,
-0.030213,
-0.029888,
-0.031948,
-0.008929,
-0.027662,
-0.079723,
0.072317,
0.071237,
0.067525,
0.000943,
-0.075084,
-0.060071,
0.015218,
0.085919,
-0.012158,
-0.035453,
-0.075055,
-0.034410,
0.061698,
0.009180,
-0.040474,
0.001736,
-0.077290,
-0.077872,
-0.065687,
-0.081139,
-0.056660,
-0.013453,
0.013044,
0.015833,
-0.087787,
-0.039704,
-0.026473,
0.071534,
0.083578,
0.040886,
-0.026482,
-0.028938,
-0.085497,
0.054831,
-0.057561,
0.069931,
0.059574,
-0.017895,
-0.071370,
-0.074078,
-0.053441,
-0.020351,
0.010671,
0.000575,
-0.057633,
0.041632,
-0.028827,
0.003575,
-0.057161,
0.056819,
0.028897,
-0.066321,
-0.077701,
0.061636,
0.004123,
0.034234,
0.028708,
-0.056805,
0.057650,
-0.018863,
0.019657,
-0.030187,
0.018212,
-0.053803,
0.039716,
0.040130,
-0.025913,
-0.057909,
0.079856,
0.083873,
0.012100,
-0.053887,
-0.037093,
-0.013812,
0.037446,
-0.009808,
0.048417,
0.021645,
0.002791,
-0.019024,
-0.074956,
0.030452,
-0.049944,
0.036166,
0.001486,
-0.119124,
0.031614,
-0.039398,
-0.055720,
0.002211,
-0.115422,
0.065061,
-0.021471,
-0.026666,
0.069467,
-0.047937,
-0.064220,
0.054497,
-0.055153,
-0.003475,
0.012601,
-0.055000,
-0.025870,
0.073743,
0.029581,
0.021787,
0.049251,
0.022193,
0.013914,
-0.012275,
-0.012593,
0.008403,
0.076443,
0.080902,
0.041128,
0.064169,
0.017943,
-0.054555,
0.022873,
0.040660,
0.092348,
-0.084774,
0.008171,
-0.066214,
0.034738,
-0.030076,
-0.014700,
-0.073213,
0.015682,
0.034949,
0.074710,
0.091199,
0.063770,
0.011295,
0.064561,
0.003228,
0.083646,
0.080387,
-0.016645,
-0.043055,
0.038560,
0.074766,
0.036452,
0.005012,
-0.039461,
-0.001477,
0.058966,
0.053522,
-0.041781,
-0.012666,
0.065967,
0.051545,
-0.017042,
-0.093503,
-0.085509,
-0.015478,
0.092902,
0.018273,
0.007965,
-0.007319,
-0.041493,
0.062004,
0.028457,
0.037086,
0.050376,
-0.085077,
-0.040140,
0.029236,
-0.070146,
0.073640,
0.015010,
-0.013975,
0.069693,
0.000759,
-0.046384,
-0.084979,
-0.046490,
-0.057571,
0.011709,
0.022964,
0.036456,
-0.003739,
0.004077,
0.008398,
0.033865,
0.001433,
-0.068232,
0.064850,
-0.053714,
-0.016856,
-0.076029,
-0.011667,
0.028452,
0.017465,
-0.009233,
-0.065203,
-0.040622,
0.015445,
0.053746,
0.029210,
0.013069,
0.056644,
-0.029094,
-0.005992,
0.030401,
-0.004465,
0.067845,
0.018514,
-0.035846,
-0.015135,
0.017262,
0.046475,
-0.063968,
-0.002763,
-0.082158,
-0.021192,
0.059817,
0.020051,
-0.132896,
-0.012474,
0.039600,
-0.083342,
-0.040118,
-0.014546,
0.047625,
-0.051505,
-0.083943,
-0.091514,
0.121603,
0.032374,
-0.102815,
-0.055027,
0.020271,
0.003142,
0.035873,
-0.000979,
0.055685,
0.037817,
0.000891,
0.050527,
0.037120,
-0.019844,
-0.029902,
0.042439,
-0.067347,
-0.100302,
-0.008644,
0.023267,
-0.026459,
0.021311,
0.042021,
-0.012589,
0.060567,
-0.049416,
-0.082511,
-0.076785,
0.033576,
0.030226,
-0.096510,
0.060972,
0.063922,
-0.059601,
0.011046,
0.007198,
-0.063558,
-0.055886,
-0.019393,
-0.091577,
0.025863,
-0.068134,
0.053856,
-0.056656,
0.051646,
0.009805,
-0.017038,
0.005352,
0.078937,
-0.119363,
-0.083683,
0.016185,
-0.061175,
-0.084806,
-0.111693,
-0.036082,
0.012645,
-0.076193,
-0.047201,
0.049057,
0.080948,
-0.007007,
-0.018705,
0.010590,
0.077318,
0.003099,
-0.015546,
0.070977,
-0.007209,
-0.036026,
-0.007306,
-0.036103,
-0.040878,
-0.035451,
-0.047315,
-0.042335,
0.024021,
-0.066374,
0.035414,
0.025808,
0.047968,
-0.070672,
-0.030070,
-0.045569,
0.050399,
-0.001121,
0.041915,
0.086611,
-0.069126,
-0.104254,
-0.098754,
0.038761,
-0.107623,
0.114276,
0.028587,
0.007607,
0.032193,
0.052062,
0.010192,
-0.041187,
-0.078477,
-0.043917,
0.009347,
-0.054102,
0.051507,
-0.072941,
0.082800,
-0.022196,
0.041048,
0.010303,
-0.011269,
0.009126,
0.083939,
-0.048010,
-0.088225,
0.058709,
-0.119317,
-0.041336,
-0.184694,
-0.111473,
0.037503,
0.024760,
0.061318,
0.038811,
0.070426,
-0.043012,
0.056552,
-0.112335,
0.104053,
0.022768,
-0.081217,
-0.049215,
0.010738,
-0.022873,
0.021426,
-0.056565,
0.048462,
0.125520,
-0.047646,
-0.056294,
-0.046509,
0.052173,
0.026809,
-0.011850,
0.035277,
0.046346,
-0.044481,
-0.075668,
0.084837,
-0.017271,
0.027515,
-0.007351,
0.018533,
-0.055270,
-0.005118,
0.011815,
-0.056241,
0.072563,
-0.039413,
0.084552,
-0.003528,
-0.052775,
0.087507,
-0.032818,
-0.068073,
0.002915,
0.091712,
0.038240,
-0.052132,
-0.028976,
0.070585,
0.040128,
-0.051135,
0.009845,
0.036262,
0.046662,
-0.003137,
-0.089074,
-0.068293,
0.072180,
-0.057964,
-0.065343,
-0.168384,
-0.119625,
0.061853,
-0.010411,
-0.022037,
-0.063170,
-0.069714,
-0.041296,
-0.045046,
-0.032106,
0.174406,
-0.035273,
0.024830,
0.048286,
0.046872,
-0.081667,
-0.084508,
0.042107,
0.070608,
0.045600,
0.052600,
-0.085557,
-0.003120,
-0.073096,
-0.007617,
0.017891,
-0.028973,
-0.059725,
0.021940,
0.020198,
-0.060887,
-0.042293,
0.040291,
0.038748,
0.097371,
0.011806,
-0.096314,
-0.001836,
-0.059554,
0.088613,
0.019206,
0.091462,
-0.059283,
-0.074531,
-0.001679,
-0.071444,
0.022836,
0.079362,
0.105089,
-0.090169,
0.072764,
-0.060324,
-0.009172,
-0.011225,
-0.060266,
0.087771,
-0.017273,
0.025469,
-0.070162,
-0.023051,
-0.046144,
0.060708,
-0.121759,
0.078904,
-0.133692,
-0.068606,
0.062912,
-0.025980,
0.111768,
-0.016613,
0.045627,
0.018932,
-0.027792,
-0.154179,
0.166441,
-0.039443,
-0.075201,
0.044656,
0.060297,
-0.070296,
-0.082156,
-0.038313,
0.073166,
0.062657,
-0.078238,
-0.040301,
0.020515,
0.044682,
-0.047733,
0.007025,
0.019288,
0.057777,
0.038705,
0.001335,
-0.042447,
-0.011494,
-0.028150,
0.057371,
0.040792,
-0.034641,
-0.037947,
-0.116983,
0.025859,
-0.036832,
-0.003693,
0.068425,
0.037789,
0.102334,
0.054097,
0.047697,
-0.025420,
-0.054506,
-0.052360,
0.030218,
-0.027992,
0.039774,
0.067694,
0.032262,
0.047038,
0.083592,
0.060698,
0.085667,
0.093441,
0.016862,
-0.012686,
0.044823,
-0.033224,
0.049533,
-0.127852,
-0.023420,
-0.027885,
-0.020251,
0.108597,
0.061078,
-0.018568,
-0.116914,
0.075474,
-0.062541,
0.220443,
-0.005379,
-0.018627,
-0.044282,
0.027502,
0.066533,
-0.026288,
0.004797,
0.022787,
0.134718,
-0.068835,
-0.109372,
0.001685,
-0.075863,
0.019343,
0.123372,
-0.017911,
-0.073773,
-0.091259,
-0.082724,
-0.019590,
0.048336,
-0.026967,
0.066598,
-0.030859,
-0.025237,
0.032565,
-0.146295,
-0.039486,
0.070274,
0.057844,
-0.046932,
-0.093545,
-0.037089,
-0.078206,
0.025352,
0.003692,
-0.003137,
-0.053903,
-0.093176,
-0.025213,
0.068946,
0.067991,
0.030952,
-0.044974,
-0.005814,
0.006281,
0.031187,
0.001800,
-0.084745,
-0.015852,
0.004779,
-0.191063,
0.139103,
-0.072164,
-0.056935,
0.047911,
-0.094567,
-0.008975,
0.056637,
-0.034032,
-0.030386,
-0.051855,
-0.086941,
0.206099,
-0.049067,
0.108825,
0.038481,
-0.037053,
0.108973,
-0.075532,
-0.061163,
0.044383,
0.039483,
0.026096,
-0.074750,
-0.057350,
0.076245,
0.028408,
-0.046596,
-0.061963,
0.001505,
-0.095062,
-0.094317,
0.047137,
0.012000,
0.001555,
0.055884,
0.051869,
-0.095533,
-0.017123,
-0.000464,
-0.061878,
0.008247,
0.089383,
0.132655,
0.029733,
-0.053222,
0.062195,
-0.126237,
0.016359,
0.134991,
-0.029782,
0.043163,
-0.013580,
-0.103164,
0.034832,
0.007777,
-0.038933,
0.043805,
0.042473,
0.003556,
0.005776,
-0.224332,
0.082892,
0.036947,
-0.078202,
0.049061,
-0.014872,
-0.082047,
-0.040825,
0.083039,
0.004456,
0.035862,
0.067744,
-0.144963,
0.004410,
-0.126560,
0.259639,
-0.023029,
0.103034,
-0.036000,
-0.012361,
0.091804,
-0.009788,
-0.044756,
-0.029349,
-0.029629,
-0.007628,
-0.033936,
-0.016610,
-0.007737,
0.081807,
0.024092,
-0.052296,
0.050065,
0.005203,
0.031011,
0.020930,
-0.099113,
0.071761,
0.044886,
0.045587,
0.011457,
0.052201,
0.035403,
0.090108,
-0.084432,
0.036277,
0.050202,
-0.043350,
-0.041868,
0.087006,
0.033953,
-0.102927,
-0.006441,
0.002918,
-0.007607,
-0.004004,
-0.128226,
-0.040754,
0.075156,
0.029058,
-0.032796,
0.010031,
-0.000759,
0.009246,
-0.157315,
0.088338,
-0.063213,
0.041505,
-0.064041,
-0.004413,
-0.104107,
-0.102761,
-0.029526,
0.003320,
0.020552,
-0.029456,
-0.038892,
-0.006127,
-0.060691,
0.192528,
-0.042915,
0.139034,
0.049167,
-0.005737,
0.135605,
0.055618,
0.066909,
0.073307,
-0.079518,
0.015344,
-0.046010,
0.025595,
-0.056272,
0.026018,
-0.050345,
-0.000729,
0.042096,
0.068858,
-0.013799,
-0.016814,
-0.092745,
-0.024781,
0.065771,
0.062571,
-0.082694,
-0.032094,
0.049711,
-0.024448,
0.018076,
0.064208,
0.075776,
0.032363,
0.030841,
-0.079100,
-0.043553,
-0.055428,
0.076085,
-0.001983,
0.053560,
-0.018771,
-0.262762,
-0.003828,
-0.037337,
0.139451,
0.009651,
-0.027504,
0.055645,
0.063264,
-0.098931,
0.060512,
-0.105899,
0.091837,
-0.104358,
-0.047221,
0.090041,
-0.091495,
0.022987,
-0.120024,
0.045208,
0.058938,
-0.083226,
0.085479,
-0.141128,
0.100216,
-0.056964,
-0.001546,
0.002201,
-0.063210,
0.213824,
-0.013114,
0.047661,
0.083435,
-0.018727,
0.007559,
-0.072279,
0.019102,
-0.076945,
-0.103890,
-0.013429,
0.006608,
-0.083271,
-0.046842,
-0.048792,
0.032215,
0.016049,
-0.025123,
-0.053217,
0.087707,
-0.096436,
0.024630,
0.074059,
-0.003498,
-0.003044,
-0.035699,
-0.003298,
-0.073143,
-0.089748,
-0.017304,
0.024369,
-0.056537,
0.045260,
0.059596,
-0.081699,
0.088816,
0.054656,
-0.005785,
-0.001473,
0.061450,
0.011813,
0.014337,
-0.038684,
0.032909,
-0.039014,
0.042500,
0.053420,
0.061939,
0.020111,
-0.012809,
0.144714,
-0.003720,
-0.059239,
-0.161091,
-0.049060,
0.034752,
-0.004773,
-0.019486,
0.003257,
0.041578,
-0.020538,
-0.081428,
-0.023303,
0.018705,
0.127556,
-0.055240,
-0.030583,
0.067883,
0.049797,
-0.058869,
-0.027828,
-0.018880,
0.025635,
-0.052183,
0.027975,
0.029983,
0.033451,
0.082574,
0.013906,
0.079722,
0.052629,
0.055265,
-0.060130,
-0.000390,
-0.067865,
0.035406,
0.017599,
0.018353,
-0.044386,
-0.005426,
0.051746,
0.018024,
0.018072,
-0.084376,
0.004497,
0.001749,
-0.015237,
-0.094821,
-0.025199,
0.105979,
0.046004,
-0.011431,
0.028774,
0.025428,
-0.088760,
-0.048769,
0.024861,
0.008719,
0.066173,
-0.003722,
-0.028819,
0.086786,
-0.033240,
0.019989,
0.133393,
0.068343,
-0.071830,
-0.101247,
0.071180,
-0.014962,
-0.042637,
-0.019577,
-0.061257,
0.072244,
-0.014769,
0.048274,
-0.032782,
-0.012504,
0.013137,
-0.085268,
-0.032549,
0.003756,
0.110889,
0.031608,
0.044410,
0.024329,
-0.015193,
0.032052,
-0.054843,
-0.055654,
-0.106077,
-0.051577,
0.062598,
0.025665,
0.080996,
-0.079849,
-0.028939,
-0.075510,
-0.160326,
0.037094,
-0.090338,
-0.127458,
0.048942,
0.020462,
0.025709,
-0.017069,
0.016984,
-0.033866,
0.008299,
-0.000739,
0.018699,
0.051198,
0.013195,
0.105292,
0.140605,
-0.018123,
0.017969,
0.035431,
-0.043612,
-0.005904,
0.008541,
-0.032885,
0.075081,
-0.075679,
0.088451,
-0.074458,
0.073151,
0.027613,
0.015900,
-0.031219,
0.058757,
0.013712,
-0.019045,
0.005572,
0.069495,
0.006377,
-0.009115,
0.007314,
-0.099687,
-0.004802,
-0.057839,
0.121529,
-0.108031,
-0.100255,
-0.105880,
0.073930,
0.021288,
-0.016791,
-0.012601,
0.035669,
0.018592,
0.099520,
-0.022059,
-0.002941,
-0.056311,
0.009033,
0.010943,
-0.010493,
0.123115,
0.065523,
-0.050952,
0.056999,
0.026983,
0.015654,
-0.071551,
-0.083102,
0.029167,
0.098802,
-0.040770,
-0.091063,
-0.063427,
-0.039668,
-0.018579,
-0.082366,
0.036073,
-0.065389,
0.023752,
0.181793,
-0.042546,
-0.066741,
0.040822,
-0.037129,
-0.057538,
-0.058721,
-0.007126,
0.011747,
0.009091,
-0.022105,
0.088634,
0.006546,
0.067533,
0.064550,
0.103286,
0.035476,
0.115321,
-0.065562,
0.036975,
-0.042278,
0.005226,
-0.037728,
0.042410,
-0.026567,
0.000469,
0.002739,
-0.006023,
-0.000982,
-0.216040,
-0.029912,
-0.043411,
0.057665,
-0.017291,
0.019484,
0.087489,
0.060120,
0.071931,
0.004137,
-0.071243,
-0.037796,
0.026160,
0.027824,
0.038769,
0.024199,
0.056920,
-0.064758,
0.008657,
0.057590,
-0.047326,
0.003509,
0.079125,
0.028050,
0.018238,
0.042753,
0.022413,
0.027463,
-0.052560,
-0.012757,
-0.045292,
0.033677,
0.056293,
0.082389,
0.004050,
0.047190,
-0.045350,
-0.071314,
0.068015,
-0.128301,
-0.108532,
-0.006476,
-0.108383,
0.099517,
0.029343,
-0.034450,
-0.005502,
-0.014247,
-0.042107,
-0.044887,
-0.002688,
-0.032264,
0.028202,
0.026208,
0.000091,
0.034826,
0.035609,
-0.056342,
-0.043304,
-0.050301,
0.022648,
-0.056783,
0.064018,
0.008566,
-0.218686,
0.111603,
-0.005908,
0.069489,
-0.061253,
0.006652,
0.007650,
0.032712,
-0.062488,
0.130500,
-0.085819,
0.001309,
-0.019221,
0.021613,
0.041490,
-0.009963,
0.036095,
-0.003905,
0.088984,
0.039737,
0.020004,
0.038260,
-0.067334,
-0.025069,
-0.065912,
-0.043039,
-0.017417,
0.027097,
-0.047100,
-0.054705,
0.007093,
-0.040029,
-0.055729,
0.092165,
0.034234,
0.043056,
0.014679,
0.019742,
0.018350,
-0.169985,
-0.088098,
0.032234,
0.041074,
0.061687,
0.001227,
-0.071744,
0.066062,
-0.085960,
-0.075363,
0.103310,
0.082021,
0.040980,
0.003892,
0.098543,
0.000355,
0.029949,
0.058794,
-0.082383,
-0.019861,
-0.029604,
-0.048883,
0.058367,
-0.052119,
0.053112,
-0.118315,
0.068732,
-0.089101,
-0.025864,
-0.014543,
0.013714,
0.000385,
0.090650,
-0.032561,
0.086615,
0.048116,
0.124150,
0.056044,
-0.032232,
0.085365,
-0.035733,
0.004075,
0.002567,
0.017949,
0.025470,
0.076769,
0.029920,
-0.036732,
-0.079295,
-0.086998,
-0.024061,
-0.025700,
-0.040589,
0.048721,
0.069464,
0.019477,
-0.018592,
-0.039702,
0.009767,
-0.096031,
-0.036583,
-0.080977,
0.077288,
-0.047480,
-0.118063,
0.012044,
0.001499,
-0.059570,
0.032298,
-0.042020,
-0.082512,
-0.008105,
-0.070659,
0.040583,
-0.045972,
0.118382,
-0.000033,
0.117328,
0.092137,
-0.031291,
-0.028624,
-0.012581,
-0.132772,
0.087997,
0.053289,
-0.092537,
0.015366,
-0.054710,
-0.021895,
-0.092657,
0.127823,
0.048041,
0.052730,
-0.007492,
0.109914,
-0.025393,
0.046031,
-0.097738,
0.067011,
0.025637,
0.071075,
-0.001380,
-0.011693,
-0.065616,
-0.002067,
-0.028404,
0.053330,
0.067070,
-0.011906,
0.037694,
0.125753,
0.026143,
-0.058892,
0.065501,
-0.073931,
0.067297,
-0.025370,
-0.035225,
0.015317,
-0.107206,
0.022646,
-0.077579,
0.084696,
-0.077943,
-0.026299,
-0.052118,
-0.018892,
0.015278,
-0.050895,
-0.037625,
-0.020112,
0.000043,
0.037831,
0.002769,
-0.057232,
-0.019317,
-0.060446,
-0.069733,
0.075182,
0.000042,
-0.039601,
-0.002507,
0.007856,
-0.051368,
0.013996,
-0.056057,
0.000896,
-0.047007,
-0.004291,
0.024217,
0.035757,
0.102989,
0.093381,
0.003699,
0.046134,
-0.054379,
0.040023,
0.012411,
0.057355,
-0.002061,
-0.013877,
-0.084473,
0.092613,
-0.081283,
0.022240,
0.014845,
0.088918,
-0.024248,
0.016529,
-0.093792,
-0.040956,
-0.060919,
0.032440,
0.019605,
0.024363,
-0.000472,
0.019310,
0.016880,
-0.063414,
0.029648,
-0.076154,
0.035773,
0.021752,
-0.013029,
0.037400,
-0.011937,
0.005508,
-0.118784,
-0.081327,
0.015420,
0.038460,
0.042366,
0.014158,
-0.097049,
0.004860,
-0.098003,
0.065680,
0.085754,
0.081697,
-0.050832,
-0.077690,
0.014598,
-0.086534,
-0.074870,
-0.029657,
0.011670,
0.122074,
-0.019234,
0.053892,
-0.064426,
-0.110466,
0.007892,
0.023889,
0.028227,
0.084544,
0.028068,
-0.047470,
0.015276,
0.092005,
0.070568,
-0.012232,
0.049804,
-0.039747,
-0.034680,
0.055722,
-0.077089,
-0.024518,
-0.015675,
0.004946,
-0.043053,
-0.023175,
0.071644,
-0.001836,
-0.103455,
-0.041745,
-0.013701,
0.008716,
0.091987,
0.107020,
0.031468,
-0.100294,
0.044034,
-0.019958,
-0.001967,
0.079103,
-0.055030,
0.007839,
0.009035,
-0.029895,
0.076123,
0.068776,
-0.050366,
-0.125353,
-0.048803,
0.048678,
0.005965,
-0.069088,
-0.025417,
0.054074,
-0.087209,
-0.013117,
0.017665,
0.083693,
0.066576,
0.057014,
-0.006922,
-0.018256,
0.040639,
0.058922,
0.053710,
0.024655,
-0.057599,
0.034610,
-0.059183,
-0.101253,
0.047409,
-0.103581,
-0.058402,
0.014953,
0.000324,
0.068656,
0.034468,
0.098097,
-0.063182,
0.041779,
-0.034878,
-0.067974,
-0.036789,
0.036002,
0.019508,
0.112307,
-0.015967,
0.041351,
0.028864,
0.057072,
0.000599,
0.029052,
-0.074472,
-0.075853,
0.041010,
-0.012506,
0.120258,
-0.006093,
-0.035730,
0.031397,
-0.009309,
0.045384,
-0.001859,
0.058362,
-0.021748,
-0.031375,
-0.028669,
0.033699,
-0.023084,
0.060643,
-0.017736,
-0.097693,
0.027117,
0.039585,
-0.070051,
0.036201,
-0.050797,
0.006090,
-0.060051,
-0.065817,
-0.048491,
0.062781,
0.040608,
0.049525,
-0.035502,
0.023371,
-0.050532,
-0.068876,
0.022266,
0.029291,
0.066590,
-0.024416,
-0.022649,
0.028658,
-0.011570,
0.042959,
-0.002551,
0.076076,
-0.010843,
0.093493,
0.059439,
-0.000942,
0.089348,
0.066935,
0.072536,
-0.012034,
-0.054769,
0.061798,
-0.083876,
0.078259,
-0.035117,
-0.002694,
-0.071592,
0.080006,
0.053863,
-0.012137,
0.036338,
-0.058858,
-0.025471,
0.019881,
0.089459,
0.131151,
0.009112,
-0.080346,
-0.054382,
0.029317,
-0.043573,
-0.003428,
0.013997,
0.032744,
0.004076,
0.081308,
-0.095322,
-0.050660,
-0.011789,
0.033387,
-0.022069,
-0.029543,
0.043887,
-0.062857,
-0.062489,
0.047067,
-0.039457,
-0.004389,
0.054353,
0.077672,
-0.067059,
0.041088,
0.024667,
0.012740,
-0.055843,
0.028413,
-0.038127,
0.022875,
0.006936,
-0.080128,
0.072560,
-0.010093,
0.013417,
0.000251,
0.016166,
-0.032452,
-0.075293,
0.067693,
0.011667,
-0.077493,
0.089158,
-0.036261,
-0.045134,
0.006921,
0.003959,
0.078268,
0.017839,
-0.020730,
0.056788,
-0.075712,
-0.096045,
0.081267,
-0.065660,
-0.016308,
0.011640,
-0.070983,
-0.054036,
0.082690,
0.027400,
0.073887,
0.055656,
0.067460,
0.061642,
0.059386,
-0.076535,
-0.022845,
-0.022970,
-0.035179,
0.029583,
0.023482,
-0.082290,
0.095259,
-0.028692,
-0.018499,
0.052434,
-0.019601,
-0.089013,
-0.078253,
-0.018298,
-0.019206,
-0.011685,
0.030405,
0.033018,
0.052872,
-0.008307,
0.065979,
0.063280,
0.042473,
-0.056774,
0.054886,
-0.036369,
0.006809,
0.054760,
-0.025908,
0.012379,
-0.010851,
0.061035,
0.054683,
-0.043391,
0.005163,
0.022068,
0.000803,
-0.081992,
0.073713,
-0.069605,
-0.062900,
0.088452,
-0.013197,
0.023654,
-0.022191,
-0.065638,
-0.051620,
-0.024843,
-0.066305,
-0.085616,
-0.034568,
0.004194,
0.040083,
0.069448,
-0.066586,
-0.076395,
0.056099,
0.014606,
-0.043376,
-0.089381,
-0.038387,
-0.008181,
-0.016359,
-0.001161,
0.032256,
-0.051876,
0.053202,
0.072302,
0.057540,
-0.037787,
-0.058553,
0.011702,
-0.028404,
0.030294,
-0.019480,
-0.059156,
-0.023809,
0.015724,
0.005474,
0.077656,
-0.013742,
-0.046044,
0.085047,
-0.039751,
-0.012403,
-0.064808,
0.080770,
0.041878,
-0.025649,
0.008905,
0.022328,
-0.016725,
0.031031,
-0.029062,
-0.081500,
-0.063898,
-0.019234,
-0.030307,
-0.019620,
-0.005051,
-0.014827,
-0.038261,
0.060827,
-0.020721,
0.021229,
-0.040303,
0.085625,
0.016455,
-0.083765,
-0.045457,
0.052433,
-0.045810,
0.030336,
0.078159,
0.025504,
-0.078646,
-0.024447,
0.034609,
0.006829,
-0.027866,
0.087121,
0.083642,
-0.053926,
0.064379,
-0.072526,
-0.049219,
-0.038789,
-0.039007,
0.002107,
0.034966,
0.021289,
0.041576,
-0.011831,
0.000343,
0.061272,
-0.066246,
-0.010694,
-0.082129,
0.015701,
-0.085169,
-0.031462,
-0.018367,
0.014233,
0.016959,
-0.022819,
0.064914,
0.033275,
-0.076388,
-0.085114,
-0.082131,
0.032042,
-0.052680,
0.055446,
-0.062113,
0.061478,
0.015209,
-0.005489,
0.067190,
-0.040850,
-0.067749,
0.075282,
-0.048995,
-0.060223,
-0.065077,
0.052743,
-0.035930,
-0.030238,
-0.032777,
0.009450,
0.008660,
-0.005495,
-0.058620,
-0.053774,
0.079397,
-0.035946,
-0.021110,
-0.067599,
0.044703,
-0.038016,
0.018422,
-0.046652,
0.038804,
-0.074060,
-0.019777,
-0.023316,
-0.072153,
-0.043260,
0.060150,
0.074098,
0.066275,
-0.059654,
0.073385,
0.047437,
-0.051184,
-0.002717,
0.029264,
-0.050452,
-0.081933,
0.065306,
0.038227,
-0.025696,
0.053850,
0.046076,
0.040033,
-0.074931,
0.003741,
-0.078373,
0.026371,
0.060544,
0.004247,
0.024852,
-0.066009,
0.014678,
-0.060495,
-0.014967,
0.058487,
0.030592,
0.032759,
-0.026168,
-0.077645,
0.003323,
0.049696,
-0.005809,
0.040828,
-0.050590,
0.065196,
0.014007,
0.026079,
-0.011879,
0.060558,
0.057795,
0.003844,
0.089465,
0.015458,
0.023682,
-0.039959,
0.006374,
-0.049695,
0.048510,
0.037815,
-0.050417,
0.013974,
0.071222,
-0.067640,
-0.052161,
-0.030146,
0.054354,
0.053066,
-0.046917,
0.057562,
0.074822,
-0.055298,
-0.085777,
0.062771,
0.079611,
0.073343,
0.058593,
0.032557,
0.036257,
-0.014038,
0.001050,
-0.012917,
0.083728,
0.073883,
-0.047687,
-0.057368,
0.016463,
-0.023314,
-0.014174,
0.038592,
0.002867,
0.012452,
0.015344,
-0.006135,
0.052778,
-0.056815,
0.002265,
-0.079731,
-0.068589,
-0.042068,
0.004238,
0.022411,
-0.009059,
-0.062609,
0.002570,
0.048428,
-0.037778,
-0.006523,
0.034001,
0.037406,
-0.080496,
-0.064906,
0.066438,
0.048729,
0.067451,
-0.030403,
-0.006847,
0.078214,
0.065267,
-0.031328,
-0.033965,
-0.067865,
-0.044111,
0.081686,
-0.005572,
-0.086905,
0.031459,
-0.042148,
-0.030557,
-0.073373,
0.064094,
-0.005615,
0.010441,
-0.099104,
0.065683,
-0.079486,
0.055874,
0.106038,
0.045251,
-0.002668,
0.108686,
-0.050329,
0.047134,
-0.031512,
-0.046614,
-0.076382,
0.000736,
0.066370,
0.030819,
0.015572,
-0.024410,
0.001607,
-0.023831,
0.081128,
-0.085122,
-0.090164,
-0.062881,
-0.135092,
-0.021835,
-0.043441,
-0.063453,
-0.085179,
-0.030121,
-0.076801,
0.075991,
-0.046158,
-0.071480,
0.034198,
0.074231,
0.016295,
0.002592,
0.043571,
0.055443,
-0.050122,
0.014227,
0.039297,
-0.018137,
-0.087474,
-0.084158,
0.031638,
0.038527,
0.062732,
0.045226,
-0.091974,
0.015435,
0.033655,
0.025343,
0.000442,
-0.000076,
0.045537,
-0.016847,
0.002952,
0.008289,
-0.106755,
-0.042519,
-0.020285,
-0.014681,
-0.044043,
-0.044372,
0.004832,
-0.021698,
-0.006892,
-0.004472,
-0.073860,
-0.000101,
0.033106,
0.058258,
0.055529,
-0.023934,
-0.046264,
-0.048331,
-0.019622,
-0.046633,
0.024528,
-0.000521,
-0.042077,
0.015961,
0.006701,
-0.068952,
0.003715,
0.040816,
-0.070696,
0.049977,
0.052734,
0.019362,
0.011666,
-0.088076,
0.011375,
0.036014,
0.032563,
0.054521,
0.021753,
0.020347,
-0.003519,
0.062474,
-0.064657,
0.048458,
0.001584,
-0.072589,
-0.078401,
0.000421,
0.067658,
0.065105,
-0.028813,
0.024900,
0.041199,
-0.077991,
0.018581,
0.036795,
-0.038595,
-0.037287,
0.050117,
0.087312,
-0.022872,
0.001125,
-0.089545,
0.058996,
0.034334,
0.006391,
0.091200,
0.009428,
-0.056782,
-0.052235,
-0.063092,
-0.108448,
0.102924,
0.019536,
0.079667,
-0.033366,
0.054685,
0.067727,
-0.016613,
-0.042221,
0.059456,
-0.004472,
-0.028856,
0.066908,
0.001685,
0.081016,
-0.003069,
-0.055667,
0.021120,
-0.093212,
0.039226,
0.079768,
-0.103299,
0.030148,
-0.021570,
-0.083479,
0.027800,
-0.105975,
-0.110268,
0.056496,
-0.081971,
-0.043632,
0.024678,
0.013325,
0.066931,
-0.035460,
-0.095999,
0.121232,
-0.043938,
0.002553,
0.040166,
0.046672,
-0.029614,
-0.077482,
-0.025427,
0.015374,
0.053512,
-0.044176,
-0.055983,
-0.030516,
0.012840,
0.047133,
-0.054256,
-0.037072,
-0.012164,
0.013785,
-0.053775,
-0.056859,
-0.092747,
0.011423,
0.076109,
0.084457,
0.055971,
0.000619,
-0.031564,
-0.049249,
-0.019676,
-0.082495,
0.001843,
-0.058133,
-0.093322,
0.003038,
0.015453,
0.059943,
-0.047238,
-0.037020,
-0.004542,
-0.078028,
0.045498,
0.112081,
-0.072119,
0.026885,
0.006672,
0.011441,
-0.053970,
-0.030084,
-0.077467,
0.050126,
0.047286,
-0.057832,
-0.119249,
-0.069376,
0.001610,
0.036869,
-0.007331,
-0.008759,
-0.086978,
0.019948,
-0.067321,
0.080482,
-0.050892,
0.163420,
0.021065,
-0.135599,
-0.105070,
0.050467,
-0.079532,
0.021604,
-0.015171,
0.046711,
-0.000070,
0.017470,
-0.081009,
0.061252,
-0.025779,
0.028795,
0.026219,
-0.070641,
0.046067,
-0.001997,
-0.059781,
-0.058149,
-0.105991,
0.034651,
-0.014880,
0.085120,
-0.036226,
0.029727,
0.023253,
-0.004160,
0.013218,
-0.041754,
-0.069880,
-0.007894,
0.066191,
0.073826,
0.035754,
-0.053310,
0.071685,
0.046094,
0.005436,
0.048606,
-0.062416,
0.043540,
0.033672,
0.077902,
0.028972,
-0.106336,
0.060118,
-0.059552,
-0.090840,
-0.055176,
-0.019728,
-0.119970,
0.030006,
-0.078065,
-0.006244,
0.024146,
0.054024,
0.098474,
0.074192,
-0.047194,
-0.016829,
-0.013649,
-0.107061,
0.080975,
0.008053,
-0.103772,
0.016942,
-0.038427,
0.047511,
-0.033368,
-0.033024,
0.015623,
0.079158,
0.011194,
-0.148747,
-0.002494,
0.062368,
-0.000002,
0.112462,
-0.011559,
-0.074741,
0.062721,
0.030549,
0.053495,
-0.006716,
0.064560,
-0.066486,
0.022499,
-0.005818,
-0.054132,
0.041998,
-0.015005,
0.065647,
-0.036816,
0.047901,
-0.068138,
-0.019733,
0.018366,
-0.051509,
-0.004200,
0.064608,
-0.033315,
0.033632,
0.021894,
0.043804,
0.012426,
-0.017015,
0.004608,
0.059039,
-0.055507,
0.013778,
-0.000453,
-0.209867,
-0.033412,
0.017941,
-0.119096,
0.065140,
0.087857,
-0.018637,
-0.007359,
-0.067834,
0.030929,
0.017744,
0.059327,
-0.009886,
0.082722,
-0.044084,
0.102404,
-0.046124,
-0.106955,
-0.000063,
-0.074202,
-0.054220,
0.073691,
0.070968,
0.025591,
0.047062,
-0.010581,
-0.134714,
0.042364,
0.073474,
0.041642,
0.075273,
0.047893,
-0.089401,
0.029153,
0.049999,
0.073345,
-0.070745,
-0.048928,
-0.029805,
-0.003319,
-0.049625,
0.048245,
-0.010050,
0.026541,
0.100033,
0.036059,
0.053697,
0.023828,
-0.007550,
-0.064318,
-0.051400,
0.049284,
0.070228,
0.076288,
-0.074273,
0.044144,
0.025793,
0.048335,
-0.033512,
0.066928,
-0.028232,
-0.094186,
-0.015183,
-0.011400,
-0.218658,
0.023188,
0.019207,
-0.050527,
0.047197,
0.014434,
-0.164330,
0.044234,
-0.037577,
0.102709,
-0.066065,
0.015763,
-0.115483,
-0.019314,
0.013473,
0.117306,
0.009721,
-0.039165,
-0.018787,
0.027253,
-0.040422,
-0.083537,
-0.001179,
-0.065536,
0.116968,
0.008889,
-0.108830,
-0.052022,
0.022477,
-0.016971,
-0.023267,
0.009465,
0.018272,
-0.060225,
0.059620,
-0.004523,
-0.063387,
-0.023263,
-0.061846,
0.029194,
0.027549,
0.005665,
-0.082460,
0.054111,
0.026265,
-0.036714,
-0.035107,
-0.029571,
0.069468,
0.082715,
-0.109154,
0.008455,
-0.002709,
-0.007876,
-0.039815,
-0.008485,
0.006984,
-0.033360,
-0.039965,
0.055416,
0.099670,
0.006060,
0.097253,
0.078224,
-0.246748,
-0.107697,
0.017423,
-0.004164,
0.044300,
0.097155,
-0.160705,
-0.043969,
0.000520,
0.077614,
-0.030938,
0.060228,
-0.098858,
-0.005489,
0.007314,
0.070234,
-0.106397,
0.081162,
-0.040303,
0.002018,
-0.002129,
-0.011325,
0.059275,
0.005677,
0.026110,
-0.099209,
-0.121469,
-0.052975,
-0.049702,
0.049957,
0.063888,
-0.021246,
-0.106096,
-0.020256,
-0.093903,
0.034955,
-0.056136,
-0.075687,
-0.048149,
-0.017064,
0.011930,
0.023344,
-0.014288,
-0.060236,
-0.061248,
0.100118,
0.061308,
0.004461,
0.067772,
0.048347,
-0.007100,
0.054766,
-0.004240,
0.083068,
0.008739,
-0.060716,
0.023446,
-0.039377,
0.106307,
-0.064825,
-0.031186,
-0.078047,
0.011730,
0.081756,
-0.251098,
0.001568,
-0.055598,
0.001584,
0.097320,
0.141546,
-0.001041,
-0.111427,
-0.032061,
0.018062,
-0.058566,
-0.084718,
0.001250,
-0.001940,
0.061612,
0.116490,
-0.036191,
0.106214,
-0.036076,
-0.079805,
0.102901,
-0.082511,
-0.022074,
0.028982,
-0.005814,
-0.079190,
-0.108754,
0.010439,
-0.054882,
0.029328,
-0.140268,
-0.055709,
-0.051872,
-0.027109,
0.009898,
-0.044039,
-0.079245,
0.000773,
0.024791,
0.036428,
0.011629,
0.016011,
0.081341,
0.046382,
-0.048333,
0.071085,
0.016210,
0.020763,
-0.043692,
-0.053923,
-0.056647,
0.051713,
0.062968,
-0.025630,
-0.092822,
-0.020485,
-0.105496,
-0.123541,
-0.027167,
0.026783,
0.075865,
-0.087707,
0.060107,
0.077274,
-0.217808,
-0.097588,
0.023825,
-0.029924,
0.009344,
0.188352,
-0.118677,
-0.141378,
-0.058491,
0.041933,
0.000348,
0.079142,
-0.092405,
0.037947,
-0.012834,
0.127567,
-0.090430,
0.141709,
0.074039,
-0.077720,
0.130741,
0.064653,
-0.052152,
0.045209,
-0.049144,
-0.138541,
-0.118330,
0.010001,
0.018826,
0.042666,
-0.186969,
0.079107,
-0.049391,
0.047028,
0.068618,
-0.089651,
-0.165867,
-0.057279,
0.090715,
0.009091,
-0.026883,
0.046061,
-0.013661,
-0.023915,
0.046202,
0.022513,
0.067859,
-0.026022,
-0.023613,
-0.089329,
-0.020381,
-0.048438,
0.082071,
0.012879,
-0.032829,
0.012429,
-0.125532,
-0.166754,
0.053146,
0.026081,
0.099804,
-0.025305,
0.050546,
-0.016625,
-0.151733,
-0.072543,
-0.046678,
0.074243,
-0.127675,
0.139275,
-0.049493,
-0.082710,
-0.077819,
-0.111485,
-0.056142,
0.056348,
-0.093121,
-0.002825,
-0.001238,
-0.036859,
-0.085690,
0.044218,
-0.028545,
-0.152444,
0.174074,
-0.082688,
0.097883,
0.053072,
-0.045681,
-0.052475,
-0.147589,
0.074948,
-0.026124,
-0.056928,
-0.124160,
-0.060914,
-0.015371,
0.025733,
-0.042144,
0.025741,
-0.089884,
-0.032866,
-0.045238,
0.027324,
-0.096345,
0.092757,
-0.039270,
-0.092060,
0.019156,
0.077054,
0.120833,
-0.055585,
-0.101470,
0.071212,
-0.025943,
-0.036090,
-0.039339,
0.114970,
-0.050718,
0.167938,
-0.053672,
-0.191550,
0.014417,
0.186983,
0.123237,
-0.074318,
0.044586,
0.084774,
-0.062054,
-0.049656,
-0.038789,
-0.023481,
-0.081741,
0.089529,
0.143226,
-0.033657,
-0.190982,
-0.122957,
-0.017072,
0.048739,
-0.044440,
-0.099366,
-0.073927,
-0.005206,
-0.005918,
0.037548,
-0.078079,
-0.123461,
-0.021336,
0.001839,
-0.070538,
0.072029,
0.029946,
-0.086452,
-0.085682,
0.008173,
-0.048853,
-0.043738,
0.006818,
0.004884,
-0.075001,
0.093780,
-0.053178,
-0.059720,
0.087022,
-0.090019,
-0.036940,
-0.005888,
-0.109884,
0.045385,
-0.083285,
-0.091021,
0.051714,
0.061200,
-0.017514,
0.035978,
-0.063665,
-0.042798,
-0.040064,
0.038542,
0.058482,
-0.057490,
-0.138422,
0.147173,
0.094629,
-0.002074,
-0.074101,
0.050631,
0.006021,
0.044861,
-0.024952,
0.013050,
-0.012419,
0.002671,
0.052164,
-0.032139,
0.071461,
-0.015588,
-0.008235,
0.027772,
-0.046573,
-0.015526,
-0.023116,
-0.061193,
-0.059237,
-0.049749,
-0.075459,
0.027431,
0.005146,
0.016096,
0.044273,
-0.010204,
-0.086771,
-0.129705,
-0.042743,
-0.009345,
0.048472,
-0.040277,
-0.058572,
-0.002414,
0.015854,
-0.030681,
-0.033834,
-0.113628,
-0.052001,
-0.014583,
-0.044164,
0.051410,
0.057539,
0.045763,
-0.021607,
0.022322,
-0.124594,
0.094567,
0.016343,
-0.127059,
0.040384,
-0.004375,
-0.048699,
0.036025,
0.030135,
-0.029319,
0.016489,
-0.094728,
-0.005996,
0.052208,
-0.035033,
0.234161,
-0.002066,
0.039611,
-0.124087,
0.019398,
0.081826,
-0.109327,
0.022887,
0.011214,
-0.012586,
-0.042600,
0.066013,
0.035980,
0.002812,
0.004378,
0.120908,
0.033604,
-0.043165,
0.021862,
-0.021249,
0.062916,
0.060695,
-0.162366,
0.015451,
-0.059277,
0.031093,
0.042794,
0.068474,
0.062385,
-0.212385,
-0.119612,
-0.149841,
0.094412,
-0.090411,
-0.086847,
0.063521,
-0.043162,
-0.000344,
0.109318,
0.096887,
-0.111010,
-0.020663,
-0.028695,
0.099699,
0.092340,
0.096817,
-0.017274,
0.067933,
-0.079179,
-0.055683,
0.081031,
-0.024019,
-0.063231,
0.024022,
-0.002330,
0.006805,
0.014850,
0.047111,
-0.040187,
-0.045783,
-0.056436,
-0.005304,
0.083432,
-0.108283,
0.110319,
0.018296,
0.011234,
-0.055607,
-0.035776,
0.098487,
0.047934,
-0.027004,
-0.014925,
-0.122088,
-0.002075,
0.082353,
-0.044676,
-0.031606,
-0.004811,
-0.014525,
-0.077836,
0.122541,
0.066441,
0.091593,
0.032197,
0.063803,
-0.141757,
0.050051,
0.041404,
-0.056602,
0.015498,
-0.070620,
0.016670,
-0.141952,
-0.001154,
-0.026613,
0.009805,
-0.123791,
0.073463,
-0.020490,
0.055261,
0.038153,
0.012926,
0.061986,
0.052087,
0.061935,
0.051859,
0.044088,
-0.024723,
0.089372,
0.077870,
0.062548,
0.037975,
-0.116283,
0.004388,
-0.033266,
-0.124244,
-0.002932,
-0.017855,
-0.035520,
-0.096964,
-0.020645,
-0.012671,
-0.000446,
0.045385,
-0.009311,
-0.050074,
-0.000000,
-0.009035,
0.077929,
0.064492,
-0.070892,
-0.124140,
0.086182,
-0.047734,
0.068644,
0.045124,
0.032547,
-0.033616,
-0.051930,
-0.036320,
-0.040818,
0.045779,
-0.004898,
-0.007393,
0.135550,
-0.033138,
0.121795,
0.043481,
0.035072,
-0.143433,
0.002351,
0.059447,
-0.007836,
0.004658,
-0.017303,
-0.036453,
-0.171466,
0.043694,
-0.075517,
0.014166,
-0.040822,
-0.006794,
-0.000056,
0.006693,
0.021716,
0.057662,
0.010223,
-0.029383,
-0.014962,
0.065545,
-0.050396,
0.040520,
0.045157,
0.112392,
-0.056720,
-0.022080,
-0.031578,
-0.048180,
-0.005514,
-0.106748,
-0.012669,
0.097043,
0.019753,
-0.004141,
0.079321,
-0.076947,
0.050198,
-0.038069,
0.015749,
0.026160,
-0.110023,
-0.071101,
-0.046584,
0.024450,
-0.031779,
-0.126217,
-0.008081,
0.004513,
-0.014694,
0.022126,
-0.001027,
0.092356,
-0.002777,
-0.032601,
0.059287,
-0.005677,
-0.022111,
0.003566,
0.046091,
0.001487,
0.028229,
0.026873,
0.034886,
-0.069978,
-0.034047,
-0.023329,
-0.053821,
0.057873,
0.034203,
0.075232,
-0.105323,
-0.026056,
-0.039796,
-0.040702,
0.023222,
0.026360,
0.079747,
-0.038998,
0.074468,
0.015561,
-0.075272,
0.132356,
-0.093647,
0.102112,
0.023435,
-0.031821,
-0.060995,
0.069685,
-0.061220,
-0.048251,
0.096538,
0.061567,
0.010952,
-0.002361,
0.046476,
0.024817,
0.028123,
-0.028186,
-0.041100,
0.017062,
-0.037682,
0.043122,
0.003989,
0.062332,
0.017465,
-0.011651,
-0.076178,
-0.042598,
0.022850,
-0.040172,
-0.052589,
-0.017821,
-0.077674,
0.100944,
-0.050618,
0.044669,
-0.044456,
-0.070533,
-0.038074,
-0.053527,
0.116121,
0.044623,
0.099805,
-0.001398,
0.075657,
-0.044074,
-0.112663,
-0.028211,
-0.036642,
0.077216,
0.020357,
0.062812,
0.043843,
-0.041115,
-0.076582,
-0.020398,
-0.094962,
-0.007525,
-0.070069,
0.027960,
0.051196,
0.046770,
-0.061034,
0.104098,
0.023779,
-0.013396,
0.050782,
-0.010375,
0.085688,
-0.046484,
-0.052480,
-0.056845,
0.093370,
0.064005,
0.136642,
-0.019733,
0.031229,
-0.129124,
0.056442,
-0.018098,
-0.044840,
-0.055919,
-0.057152,
-0.053819,
-0.031615,
-0.011240,
-0.022532,
0.074887,
0.020628,
-0.116760,
-0.016430,
0.065134,
0.017946,
-0.028319,
0.033768,
-0.008406,
0.035620,
0.103060,
-0.052579,
-0.074122,
0.012931,
0.032218,
0.048979,
0.007251,
-0.001770,
0.038599,
0.085381,
0.112339,
-0.078060,
-0.075309,
0.010853,
-0.040322,
-0.001488,
0.055303,
0.022952,
0.063182,
0.042717,
0.036313,
-0.110032,
0.075078,
0.032566,
-0.076750,
-0.034060,
0.091253,
-0.008352,
-0.054846,
0.053260,
-0.033717,
-0.085519,
-0.017542,
-0.066552,
0.077479,
0.069125,
0.000096,
-0.071382,
-0.039332,
-0.014779,
0.033356,
0.011266,
0.059656,
0.033931,
-0.153630,
0.027862,
0.057429,
0.030787,
-0.079745,
0.022755,
0.010356,
0.011658,
-0.008993,
-0.054254,
-0.020452,
-0.028009,
-0.077608,
-0.015319,
-0.041496,
-0.054524,
0.015561,
0.006254,
0.003800,
-0.071933,
0.037097,
-0.047865,
-0.054203,
-0.073334,
0.038734,
-0.014179,
-0.020325,
0.020041,
-0.043178,
-0.065635,
0.063655,
0.039987,
0.090807,
-0.084373,
0.023835,
-0.051206,
0.034662,
0.001723,
0.000357,
-0.030261,
-0.016664,
0.062073,
0.022379,
-0.049242,
-0.063451,
-0.045759,
-0.025909,
0.019150,
-0.043035,
0.075984,
0.136224,
-0.068902,
0.020912,
-0.020051,
0.066314,
0.047751,
-0.064537,
-0.032092,
-0.043581,
-0.060631,
0.022264,
0.147150,
-0.046548,
-0.070200,
-0.104222,
0.091032,
0.041595,
0.032953,
-0.055646,
-0.050843,
-0.084926,
-0.043206,
0.044433,
0.066735,
0.052127,
-0.036829,
-0.138487,
-0.066954,
0.034244,
-0.007506,
-0.021847,
0.069379,
0.001682,
0.007016,
0.100933,
-0.067034,
0.028710,
0.038399,
-0.005489,
-0.019420,
0.013217,
0.026139,
-0.004761,
-0.059607,
0.053427,
-0.100298,
-0.063389,
-0.046347,
0.009082,
0.062050,
-0.013355,
-0.052973,
-0.053297,
-0.076745,
0.031146,
-0.074531,
0.016624,
0.066413,
-0.053432,
0.069304,
-0.019237,
0.042718,
0.035009,
0.044832,
-0.048999,
0.047437,
0.080033,
-0.102678,
0.003621,
0.069654,
-0.036444,
-0.055910,
-0.103906,
-0.030296,
-0.087640,
0.021882,
0.096555,
-0.062102,
-0.027827,
-0.014319,
-0.026477,
0.073462,
-0.089157,
0.019918,
0.050941,
-0.015942,
0.012371,
0.068203,
0.081764,
-0.034353,
0.005218,
0.049293,
0.069242,
-0.071970,
-0.066788,
0.053062,
-0.058384,
0.031411,
0.050715,
-0.015622,
-0.072258,
-0.067720,
0.053396,
-0.021860,
-0.085689,
0.037311,
-0.013979,
-0.001776,
-0.043859,
-0.061921,
-0.031955,
-0.022380,
-0.095129,
0.068770,
0.027480,
0.078425,
0.004542,
0.076096,
0.096273,
0.080638,
-0.061600,
0.016596,
0.071082,
0.036025,
0.070263,
-0.048365,
0.011825,
0.013115,
-0.065576,
0.060279,
-0.024139,
-0.038488,
0.066659,
-0.025977,
-0.016325,
-0.028170,
0.010537,
-0.017244,
-0.010724,
-0.022079,
-0.001010,
0.057645,
-0.065248,
-0.051803,
0.082542,
0.097187,
-0.087935,
-0.035703,
-0.076498,
-0.068325,
0.050793,
0.069182,
-0.056113,
-0.049898,
-0.111004,
-0.063514,
-0.020575,
0.019897,
0.044694,
0.090909,
-0.070961,
-0.082304,
0.027851,
-0.030954,
-0.060162,
0.031902,
0.013528,
0.026891,
-0.042930,
0.057490,
-0.066095,
0.055687,
0.034793,
0.010069,
-0.057722,
-0.084162,
0.057650,
0.056411,
-0.058150,
0.036084,
-0.053536,
0.001571,
-0.006459,
0.034859,
0.057827,
0.063011,
0.075716,
-0.081539,
-0.077221,
-0.042289,
0.053599,
0.063104,
0.065783,
0.054874,
-0.003729,
-0.023442,
-0.018299,
-0.030675,
-0.104668,
0.055492,
0.015982,
0.058440,
0.026848,
0.109440,
0.008105,
0.037638,
-0.085238,
0.008806,
-0.021684,
-0.077669,
0.031668,
-0.007058,
-0.044009,
0.031160,
-0.045557,
0.011637,
0.023962,
-0.022673,
-0.032919,
-0.089620,
-0.019420,
0.061764,
-0.026768,
0.082171,
0.038784,
0.073329,
-0.008580,
0.037126,
0.082253,
0.001488,
0.062799,
0.053116,
-0.054164,
0.074009,
0.042151,
0.073101,
-0.023849,
-0.017664,
-0.009310,
-0.059041,
0.044279,
-0.003242,
-0.014939,
0.032191,
0.068305,
-0.081280,
0.072072,
-0.071132,
0.067743,
-0.010982,
0.093906,
-0.083085,
0.018456,
-0.064824,
0.039743,
-0.057205,
0.043924,
0.072393,
0.067508,
-0.035005,
0.023650,
0.038079,
-0.081632,
-0.046007,
-0.004102,
0.000449,
-0.077973,
-0.003655,
-0.030636,
0.038120,
0.061015,
0.020990,
-0.043245,
0.084111,
0.067080,
-0.014617,
0.029138,
0.039722,
-0.074003,
0.079326,
0.075438,
-0.052167,
0.001673,
-0.051087,
-0.024833,
0.060952,
-0.055865,
-0.066135,
0.073418,
-0.009345,
-0.017265,
-0.013474,
0.042110,
-0.065215,
-0.055944,
0.020140,
0.072524,
0.047379,
0.024248,
-0.066601,
-0.037526,
-0.003447,
-0.063318,
-0.078065,
0.039409,
-0.023646,
0.068972,
0.001088,
-0.045096,
0.044012,
-0.037877,
0.088109,
0.057778,
-0.074351,
0.007127,
0.068607,
0.082185,
0.043081,
0.062666,
0.026107,
0.022771,
0.087678,
-0.008604,
-0.053057,
0.084888,
-0.059768,
0.067540,
0.040495,
0.074048,
-0.007098,
0.011801,
-0.038357,
0.067593,
0.016624,
-0.028455,
-0.073489,
-0.040415,
0.064754,
0.022643,
0.047603,
0.035448,
0.027291,
0.057798,
-0.038991,
-0.050906,
-0.020786,
0.058567,
-0.082615,
-0.043791,
-0.012213,
-0.042237,
0.039533,
-0.002628,
-0.006346,
-0.003470,
-0.045850,
0.068309,
0.038601,
0.029637,
0.017856,
0.046945,
0.020357,
-0.035133,
0.085904,
-0.034807,
0.084657,
-0.036531,
0.004046,
0.040275,
-0.050138,
-0.073860,
-0.005461,
0.027540,
0.023087,
-0.083535,
0.041414,
-0.074303,
0.031649,
0.010687,
0.053540,
0.053106,
0.052353,
-0.007955,
-0.030837,
-0.019682,
-0.056236,
-0.056572,
-0.068246,
-0.075813,
-0.090564,
0.089829,
-0.047228,
0.052683,
-0.024594,
0.009735,
-0.079685,
0.085566,
0.038635,
-0.075416,
0.084687,
0.024721,
0.013068,
0.089794,
0.001991,
0.024226,
0.076699,
0.090482,
0.014372,
0.019967,
0.063785,
0.077315,
0.069168,
-0.033927,
-0.075027,
0.025324,
0.035869,
0.029798,
0.084948,
0.006529,
-0.010008,
0.051096,
-0.042901,
-0.068052,
-0.049481,
-0.004250,
0.043139,
0.047596,
0.071238,
-0.067799,
-0.079363,
-0.010882,
-0.020791,
-0.029028,
-0.019915,
0.009323,
0.059261,
-0.040338,
0.070428,
0.010669,
-0.080566,
-0.072188,
0.055260,
0.051738,
-0.047575,
-0.059113,
0.002769,
-0.048684,
-0.019224,
0.001504,
0.036453,
0.001575,
-0.072961,
0.029250,
-0.059034,
0.071543,
-0.034907,
0.045908,
0.063931,
0.035435,
-0.037036,
0.082765,
-0.053319,
0.008430,
-0.066842,
-0.074342,
0.020180,
0.061491,
0.041449,
-0.046806,
-0.001494,
0.008580,
-0.047364,
0.028358,
-0.024994,
-0.032034,
0.048301,
-0.086685,
-0.043041,
0.066458,
0.054096,
-0.048478,
0.003341,
-0.011910,
-0.003010,
-0.074072,
-0.033668,
-0.027650,
-0.073269,
-0.100670,
-0.045721,
0.001430,
-0.081795,
0.059471,
0.033508,
0.048510,
0.048920,
-0.062370,
-0.003983,
0.065580,
0.015182,
0.023191,
-0.006921,
0.016965,
-0.037210,
0.065656,
0.051062,
0.073757,
-0.061207,
-0.015971,
-0.040495,
0.045479,
-0.084020,
0.003194,
0.063148,
-0.018461,
0.015029,
0.043888,
-0.003582,
0.083849,
-0.062669,
-0.061809,
-0.063986,
0.006062,
0.006232,
0.062305,
0.053867,
0.050668,
0.054284,
-0.060171,
-0.030906,
-0.006674,
-0.030966,
0.043254,
0.042260,
-0.022689,
0.078999,
-0.013688,
-0.082306,
0.081064,
-0.043886,
0.003656,
-0.003048,
-0.067818,
-0.013605,
-0.054743,
0.058689,
0.007402,
-0.109112,
0.010151,
0.118930,
-0.085613,
-0.044661,
-0.067420,
0.055496,
0.011650,
-0.059689,
-0.005740,
-0.025313,
-0.073755,
0.048643,
-0.070771,
-0.030371,
0.001193,
0.015363,
0.023209,
-0.020450,
0.012862,
0.068287,
-0.043262,
0.064149,
0.093119,
-0.022630,
0.014611,
-0.105224,
0.021932,
0.044152,
-0.020721,
0.032053,
-0.055958,
-0.044783,
-0.092772,
-0.008887,
-0.020199,
0.047579,
0.044916,
0.082545,
0.074925,
-0.080826,
0.036185,
0.029922,
-0.045764,
-0.029353,
-0.109281,
-0.056909,
-0.006691,
0.026935,
-0.076294,
-0.084014,
0.098502,
-0.016533,
-0.056550,
0.046466,
-0.001246,
0.005834,
-0.066682,
0.008980,
-0.016991,
0.009283,
0.005470,
-0.083352,
0.049543,
-0.190493,
0.030717,
-0.001297,
-0.012170,
0.061741,
-0.000691,
-0.070365,
-0.021105,
0.014017,
-0.002140,
-0.052124,
-0.035688,
0.038391,
-0.050710,
0.050397,
-0.003810,
-0.040905,
-0.098562,
0.011613,
0.012039,
-0.030089,
-0.072234,
-0.083089,
0.026303,
-0.049203,
-0.004638,
-0.145739,
-0.020256,
-0.080938,
0.027264,
0.048787,
-0.025566,
-0.107566,
0.015814,
-0.031421,
-0.042566,
-0.062295,
0.047797,
0.021894,
0.064187,
-0.028505,
-0.112891,
-0.016766,
0.027358,
0.009637,
-0.010144,
0.002477,
0.057056,
0.029884,
0.046964,
-0.095059,
0.070080,
0.061817,
0.015593,
-0.089486,
0.066013,
0.018517,
-0.017238,
-0.041476,
-0.062463,
-0.005501,
0.018059,
0.066594,
0.045542,
-0.165701,
0.013014,
-0.041315,
-0.135845,
0.045233,
0.026781,
0.049405,
0.039417,
-0.032180,
-0.081395,
0.093005,
-0.037544,
0.060384,
-0.071646,
0.054705,
0.009126,
0.063801,
-0.009850,
-0.009663,
-0.043891,
-0.083070,
0.080951,
-0.088382,
-0.021078,
0.092046,
-0.066353,
-0.142724,
0.038829,
0.055831,
-0.097935,
0.076380,
0.057127,
-0.085709,
-0.087088,
-0.071304,
-0.000463,
0.043560,
-0.017013,
0.015217,
0.048859,
0.011305,
-0.056585,
-0.047613,
-0.001253,
0.123310,
-0.143156,
-0.050902,
-0.059424,
-0.019428,
-0.003861,
-0.026440,
-0.055624,
-0.081555,
-0.045588,
-0.090352,
0.035996,
0.039364,
0.056473,
-0.022618,
-0.048769,
0.043039,
0.006213,
-0.068023,
-0.049306,
-0.204143,
-0.029435,
-0.046916,
-0.084311,
-0.029391,
-0.005561,
-0.146142,
0.031739,
-0.085766,
-0.042620,
-0.062154,
0.070049,
-0.010848,
-0.016230,
0.059529,
0.023454,
0.051479,
-0.043107,
-0.040903,
-0.010342,
0.031907,
-0.000339,
-0.019314,
0.029321,
-0.048222,
0.013937,
-0.143365,
0.047285,
0.015099,
-0.088776,
0.048894,
0.105463,
-0.014249,
0.004591,
-0.083640,
0.008428,
0.044610,
-0.075926,
0.038430,
0.036100,
-0.013794,
0.017453,
0.027669,
-0.068440,
0.036021,
-0.061728,
-0.031432,
0.042185,
0.064110,
0.031498,
-0.126533,
-0.047783,
0.015713,
-0.010523,
0.020329,
0.055210,
0.043884,
-0.058574,
-0.084532,
0.110972,
-0.000462,
0.016953,
0.004600,
0.057062,
-0.161505,
0.037792,
0.018529,
-0.082307,
0.029350,
0.136597,
-0.071973,
0.070253,
-0.027758,
0.115640,
0.072782,
-0.021677,
-0.074465,
0.088822,
0.068144,
-0.004208,
-0.031569,
-0.095102,
-0.033034,
-0.054459,
-0.012194,
-0.001007,
0.057797,
0.046126,
0.071688,
0.036112,
-0.023783,
0.056871,
-0.034452,
0.019799,
-0.024986,
-0.018004,
-0.105796,
0.075771,
-0.043219,
-0.049481,
0.076664,
-0.038251,
-0.021599,
-0.061060,
0.021710,
0.005601,
-0.008979,
-0.018758,
0.032349,
0.004775,
0.089390,
0.042022,
-0.011827,
0.026560,
0.031576,
-0.055107,
-0.039777,
0.065978,
-0.036158,
-0.030216,
0.014885,
-0.059486,
0.075451,
-0.035460,
-0.056780,
-0.091158,
0.054582,
0.018100,
-0.121021,
-0.007118,
-0.051313,
0.026876,
-0.066439,
0.110128,
-0.038997,
0.037813,
-0.062458,
0.021679,
-0.017411,
-0.006123,
-0.021276,
-0.041058,
0.065793,
-0.051138,
-0.030732,
-0.072905,
0.058946,
-0.026798,
0.069498,
-0.021253,
-0.062333,
0.014595,
0.056035,
0.064213,
-0.128389,
-0.036631,
-0.009684,
0.015618,
0.125165,
-0.074722,
-0.034325,
-0.051251,
-0.052208,
0.005406,
0.027517,
-0.085665,
0.029912,
0.003101,
-0.027455,
-0.034730,
0.016533,
-0.136873,
0.071340,
-0.088328,
0.061132,
-0.014530,
0.053994,
-0.057821,
-0.090852,
-0.062200,
0.086705,
-0.019889,
0.017631,
-0.046083,
0.035801,
-0.092124,
0.025257,
0.075612,
-0.011370,
-0.001217,
0.116941,
-0.009053,
-0.227802,
0.046124,
0.064078,
-0.091967,
-0.000499,
0.044343,
-0.048908,
0.036312,
-0.042045,
0.085097,
-0.021650,
0.045317,
-0.033817,
-0.002444,
0.086832,
-0.020842,
-0.082441,
-0.131851,
-0.036907,
-0.012025,
0.042901,
0.048015,
0.014309,
0.030155,
0.059707,
-0.097975,
-0.107448,
0.020666,
-0.065360,
0.019370,
-0.059003,
-0.036952,
-0.004687,
-0.007190,
-0.034732,
0.048729,
0.042710,
0.021333,
-0.015587,
-0.030542,
0.019036,
0.093031,
-0.022914,
-0.063143,
0.064154,
0.012920,
0.126834,
-0.090547,
0.055628,
0.024262,
-0.077431,
0.033926,
0.019537,
0.068236,
-0.006429,
-0.069983,
-0.014598,
-0.021048,
0.063001,
-0.009037,
-0.030813,
-0.054016,
0.109164,
-0.051098,
-0.192365,
-0.053899,
0.019010,
-0.087650,
0.065678,
0.194219,
-0.140533,
-0.021031,
-0.055727,
0.113361,
-0.043971,
0.042968,
-0.069686,
0.044639,
0.111690,
-0.072615,
0.053876,
-0.120941,
0.017787,
-0.138359,
0.002122,
0.024993,
0.055889,
0.032427,
0.000391,
-0.003360,
-0.108393,
0.032038,
0.064239,
0.127162,
-0.075684,
-0.024184,
-0.091959,
-0.003116,
-0.082961,
-0.076028,
0.068797,
0.053395,
0.030434,
-0.120476,
0.038646,
-0.007021,
0.059459,
-0.022472,
0.012753,
-0.040321,
-0.002271,
-0.083412,
-0.018751,
-0.073234,
-0.036850,
0.021518,
0.055172,
-0.037612,
-0.012590,
-0.020014,
0.054434,
-0.097090,
0.015257,
-0.012136,
-0.006955,
-0.044192,
0.023547,
-0.043698,
-0.013852,
-0.110864,
-0.077209,
0.040593,
-0.021721,
0.073238,
-0.170094,
-0.089256,
-0.011598,
0.031591,
-0.113729,
-0.033985,
0.052115,
0.056128,
0.143495,
-0.143163,
-0.027345,
-0.013741,
-0.011231,
-0.140174,
0.065524,
-0.054730,
-0.057153,
0.039952,
-0.056684,
-0.124670,
-0.059697,
0.022611,
-0.026865,
-0.085738,
-0.079231,
-0.061639,
-0.022880,
-0.013288,
-0.000879,
0.027372,
-0.088008,
0.000814,
-0.041147,
-0.011541,
0.029200,
0.045998,
0.054517,
-0.063136,
0.083357,
0.085945,
0.016225,
0.002236,
0.016623,
0.069537,
0.013827,
0.073257,
-0.030490,
-0.033264,
-0.001875,
0.041552,
-0.077200,
-0.188104,
0.061599,
-0.042777,
0.068836,
-0.035087,
-0.047023,
-0.015425,
-0.113414,
0.010308,
0.009720,
0.050204,
0.042485,
0.069948,
-0.135853,
-0.109362,
0.086955,
0.033106,
0.009919,
-0.054678,
0.058480,
0.001960,
0.110866,
-0.126137,
0.023705,
0.049269,
-0.057715,
-0.102707,
0.119879,
-0.075593,
-0.007684,
-0.033450,
-0.160196,
-0.093877,
-0.009209,
0.041662,
0.014621,
-0.048030,
-0.193753,
0.038776,
-0.014783,
0.076265,
0.023080,
-0.072137,
-0.151400,
0.010855,
-0.073753,
0.022102,
0.048787,
0.028934,
0.033171,
0.014059,
0.023118,
-0.059187,
-0.002179,
-0.042803,
-0.050385,
-0.037942,
-0.022978,
0.060125,
0.085866,
0.001424,
-0.017422,
-0.003444,
-0.087954,
-0.124019,
-0.074054,
0.025526,
-0.010576,
0.073191,
-0.041118,
-0.004469,
0.022372,
-0.059756,
-0.065714,
0.106109,
-0.065434,
0.046433,
0.057869,
-0.112119,
0.009471,
-0.005056,
0.007379,
-0.003847,
-0.032757,
-0.020606,
0.005903,
-0.094621,
-0.020765,
-0.038329,
-0.014769,
-0.088109,
0.117834,
0.046305,
0.076838,
-0.068791,
-0.001971,
-0.056612,
-0.010404,
-0.019911,
-0.085535,
-0.057877,
0.001241,
-0.041780,
0.015213,
0.027820,
0.117165,
-0.006738,
-0.063781,
0.019192,
-0.073083,
-0.001867,
-0.003232,
0.046383,
0.015138,
0.048378,
0.046287,
0.069872,
0.027639,
-0.060719,
-0.007494,
0.025582,
-0.007073,
-0.063917,
-0.066221,
0.043282,
-0.012357,
0.128458,
0.010020,
-0.120492,
-0.122141,
0.073378,
0.012107,
-0.049337,
-0.028050,
-0.131362,
0.040967,
0.090071,
0.070780,
0.118665,
-0.069714,
0.010469,
0.161226,
-0.056576,
-0.204872,
-0.022216,
-0.025416,
-0.046510,
0.041840,
-0.052884,
0.021937,
-0.051045,
0.050478,
0.032190,
0.049789,
-0.046613,
-0.077618,
-0.079394,
0.069075,
0.066022,
0.067841,
-0.021570,
0.001329,
0.051663,
-0.020899,
0.012478,
-0.069386,
-0.054986,
-0.014655,
0.108477,
0.028274,
0.025459,
0.031479,
0.056065,
-0.050701,
0.049608,
-0.025041,
-0.007204,
0.020097,
-0.072247,
0.073543,
0.062618,
-0.008119,
-0.014859,
-0.014443,
-0.082315,
0.051906,
-0.027407,
0.026210,
0.115981,
0.018904,
0.202933,
-0.060142,
0.036574,
-0.010587,
0.076052,
0.063787,
0.042701,
0.011563,
-0.083029,
0.032457,
0.095698,
0.032296,
-0.041678,
0.075138,
-0.028457,
-0.004988,
0.019396,
-0.149162,
-0.041588,
-0.067007,
0.005566,
0.082263,
-0.005502,
-0.080673,
-0.066980,
-0.029485,
0.028075,
-0.050223,
-0.055138,
-0.100365,
-0.027839,
-0.101804,
-0.034554,
0.100440,
0.031391,
0.069813,
0.073499,
-0.004999,
0.099437,
-0.032052,
-0.079425,
0.040550,
-0.024176,
-0.008183,
0.033506,
0.023953,
-0.048046,
0.003831,
-0.023143,
-0.098665,
0.007642,
-0.068894,
-0.077684,
-0.051548,
0.019078,
-0.046623,
0.043782,
-0.101421,
0.084064,
-0.088731,
0.000645,
-0.057617,
-0.041823,
-0.120837,
0.109564,
-0.010348,
-0.042091,
0.036078,
0.024628,
0.083859,
0.004966,
0.025795,
-0.017380,
0.032001,
0.123829,
0.070851,
-0.004463,
-0.013869,
-0.024596,
0.129019,
0.070716,
-0.020248,
0.075591,
0.051627,
-0.013301,
-0.068992,
-0.110948,
-0.005122,
0.004820,
-0.063754,
0.075251,
-0.081904,
-0.035980,
-0.067562,
-0.128741,
0.008960,
0.086602,
0.025434,
-0.068964,
0.056150,
-0.040880,
-0.024322,
0.043155,
0.014898,
-0.081381,
0.074230,
0.082689,
-0.088053,
-0.024373,
0.073286,
0.026960,
0.022795,
-0.056791,
-0.057802,
-0.034193,
-0.008843,
0.009963,
0.071680,
0.018822,
0.038565,
0.054882,
0.045428,
-0.002824,
-0.036349,
-0.060318,
-0.035529,
0.079640,
-0.061224,
0.007516,
-0.036606,
0.040079,
-0.002843,
-0.027065,
0.064217,
0.011729,
0.047070,
0.033524,
-0.074634,
0.087162,
0.041304,
-0.119645,
-0.051854,
-0.058079,
0.119901,
-0.044584,
0.047925,
0.099280,
0.085798,
0.002012,
-0.037291,
-0.095515,
-0.084130,
-0.004714,
-0.010296,
0.020576,
-0.018854,
-0.099409,
-0.145414,
-0.002992,
-0.109746,
0.113345,
-0.134846,
0.046586,
0.018919,
0.029117,
-0.092245,
0.148509,
0.028168,
0.073203,
-0.044250,
0.022976,
0.022224,
0.056585,
0.119559,
0.099165,
0.073896,
-0.079208,
0.037111,
-0.095706,
0.003694,
-0.020780,
0.046614,
0.064651,
0.044881,
-0.042166,
-0.008424,
-0.065659,
-0.011691,
0.008838,
0.048495,
-0.001549,
-0.060169,
0.036180,
-0.005867,
0.047188,
0.037558,
-0.027468,
-0.025094,
0.090646,
0.069787,
-0.046531,
0.028002,
0.071199,
-0.041823,
-0.101474,
0.054172,
0.021184,
0.107458,
0.067540,
0.134478,
0.017177,
0.062386,
0.069669,
-0.000295,
-0.023782,
0.036128,
0.011826,
0.022440,
0.042005,
-0.009090,
0.036668,
-0.106933,
0.082826,
-0.155248,
0.040410,
-0.015168,
0.138776,
-0.052659,
0.020793,
0.005679,
0.007875,
-0.079217,
0.052853,
0.039712,
-0.080245,
0.032252,
0.030338,
-0.037674,
0.010216,
0.018517,
-0.005097,
-0.068328,
0.052204,
0.008288,
-0.053916,
0.014818,
0.031246,
-0.031359,
0.045044,
-0.021963,
-0.050228,
0.047122,
0.045639,
0.031899,
0.037201,
-0.041519,
-0.110001,
-0.006402,
-0.041682,
-0.072610,
-0.125054,
0.049472,
-0.006025,
0.069434,
-0.022912,
0.001065,
-0.015987,
-0.003741,
-0.087332,
-0.028144,
0.000940,
-0.019197,
-0.075836,
0.092065,
0.084647,
-0.001147,
-0.059634,
0.029716,
-0.057754,
-0.079218,
-0.003324,
-0.038258,
-0.043843,
0.062573,
-0.005472,
-0.036465,
-0.046968,
-0.116659,
-0.041582,
-0.059740,
-0.014101,
0.024937,
-0.030312,
0.048297,
0.122129,
0.056313,
0.035697,
-0.019163,
-0.074851,
-0.044912,
-0.062265,
0.065182,
0.008490,
-0.033732,
0.046380,
0.044677,
-0.055189,
-0.090663,
-0.010771,
0.079358,
0.067753,
-0.029104,
-0.070183,
0.065833,
0.071214,
-0.061671,
-0.041840,
-0.047246,
0.012624,
-0.086373,
-0.151754,
0.039342,
-0.008667,
0.035194,
-0.122192,
-0.006869,
0.003409,
-0.000539,
0.030451,
0.037722,
0.027015,
0.029777,
-0.113983,
-0.074431,
-0.000772,
-0.004955,
-0.042185,
-0.062188,
0.062999,
0.048445,
-0.045929,
0.010155,
-0.102262,
-0.054304,
-0.038447,
0.018962,
-0.019512,
-0.052874,
-0.056117,
-0.001703,
0.111322,
-0.037454,
0.030280,
-0.047007,
0.061876,
-0.089230,
-0.046625,
-0.034109,
0.082942,
0.033079,
0.007115,
-0.048137,
0.081884,
0.049353,
-0.018669,
-0.083726,
-0.007628,
0.016738,
-0.073701,
0.089000,
-0.091458,
0.069957,
-0.029594,
0.014849,
-0.068650,
-0.015517,
0.030891,
-0.056002,
-0.000891,
0.025105,
0.080549,
0.038605,
-0.067821,
0.003564,
-0.049507,
0.084552,
-0.055659,
-0.031854,
-0.082178,
-0.049692,
-0.033036,
-0.035354,
0.087108,
0.039513,
-0.007792,
-0.039840,
-0.053077,
-0.048951,
-0.022409,
0.015423,
-0.003902,
-0.018755,
0.069112,
-0.063930,
0.055935,
-0.007861,
-0.102747,
0.054282,
-0.045919,
-0.107158,
-0.037379,
-0.058412,
0.050279,
0.070779,
0.037544,
-0.034343,
-0.007868,
0.052933,
-0.064461,
-0.064535,
-0.054314,
0.052531,
0.094273,
-0.009016,
0.003711,
0.008219,
0.031254,
-0.007040,
-0.066048,
-0.078712,
-0.035882,
-0.077296,
0.053063,
0.064719,
0.046558,
-0.066767,
-0.007971,
0.128939,
0.067640,
-0.040796,
0.022588,
0.086507,
-0.064509,
-0.008847,
-0.080467,
-0.036073,
0.059346,
-0.034256,
-0.152366,
-0.004903,
0.000509,
-0.098840,
-0.004790,
0.046615,
-0.038425,
-0.084624,
0.100247,
-0.011135,
-0.038812,
0.030803,
-0.056494,
0.023409,
-0.007476,
-0.053348,
-0.066614,
-0.023845,
0.010356,
-0.004286,
-0.029205,
-0.052395,
-0.099588,
0.047323,
-0.026168,
0.000484,
0.102382,
-0.073136,
-0.000544,
0.035870,
0.055509,
-0.080045,
0.012962,
0.045726,
-0.020939,
-0.033375,
0.012047,
0.016619,
-0.001284,
-0.087758,
0.005885,
0.023637,
0.009530,
0.016758,
-0.002941,
-0.105090,
0.022648,
0.003394,
-0.000431,
0.088680,
0.030064,
-0.084742,
-0.018256,
-0.027684,
-0.055056,
-0.010334,
0.007401,
0.067590,
0.008883,
-0.018525,
0.070519,
-0.000829,
0.003854,
-0.064661,
-0.094713,
-0.021964,
0.045338,
-0.026772,
0.065033,
-0.035257,
0.082008,
-0.030968,
-0.056270,
0.030857,
-0.003852,
0.076974,
-0.038201,
-0.072179,
0.041123,
0.007567,
-0.011904,
0.050647,
-0.040335,
-0.055178,
-0.037935,
-0.094550,
-0.015941,
-0.081441,
-0.053373,
-0.062021,
0.008150,
0.017208,
-0.024058,
0.001823,
0.048103,
0.051023,
0.023079,
-0.071491,
-0.026145,
-0.071563,
-0.004689,
0.022269,
0.062782,
-0.002617,
0.036633,
0.006976,
0.102701,
-0.075239,
-0.047345,
-0.007828,
-0.063739,
0.084863,
0.064717,
0.118460,
-0.025565,
-0.035675,
-0.085067,
-0.049771,
0.026665,
0.056121,
0.017772,
0.017889,
-0.061526,
-0.113401,
-0.076968,
-0.041658,
-0.068743,
-0.015711,
-0.070121,
0.018782,
0.035196,
-0.062991,
-0.007507,
0.016612,
-0.004926,
-0.108154,
0.105664,
0.069817,
0.024943,
-0.024211,
0.011967,
0.047470,
-0.075632,
0.036152,
-0.059286,
-0.018637,
0.042767,
-0.004259,
0.066511,
-0.081626,
-0.098762,
-0.030242,
-0.032222,
0.013024,
-0.016178,
0.055030,
-0.028455,
0.076910,
0.021248,
0.045765,
-0.023033,
0.072012,
-0.053829,
-0.026944,
0.000191,
-0.018404,
0.043560,
-0.095876,
0.014471,
-0.081154,
0.055560,
0.075729,
-0.019556,
-0.032856,
0.010556,
-0.052939,
-0.058699,
-0.031771,
0.087305,
0.015780,
-0.001522,
0.005676,
-0.016270,
0.020145,
-0.027065,
0.006229,
-0.046836,
-0.082911,
-0.046823,
0.068091,
0.003893,
-0.034417,
0.043746,
0.022319,
-0.069635,
0.002297,
0.028803,
0.019072,
-0.079847,
-0.022419,
0.021473,
-0.075628,
-0.008659,
0.087415,
-0.026591,
0.010994,
0.032943,
0.068860,
0.040883,
-0.010197,
-0.052724,
0.036815,
0.061201,
-0.034219,
0.035121,
0.066181,
-0.037332,
-0.012973,
0.050503,
0.039450,
0.045848,
0.045352,
-0.020428,
-0.032955,
0.082766,
0.036506,
0.044685,
0.013995,
-0.078746,
0.083152,
-0.045928,
0.050555,
-0.044419,
-0.021422,
0.065301,
0.062055,
0.032308,
-0.068131,
-0.100687,
-0.013892,
-0.019178,
0.030011,
0.026234,
-0.082484,
-0.072064,
0.056132,
0.009572,
-0.033427,
-0.099763,
0.084284,
-0.015206,
-0.061110,
0.071265,
0.080565,
0.084275,
-0.074274,
0.043845,
0.054164,
0.031700,
-0.002243,
0.021051,
0.096046,
0.077696,
-0.008805,
-0.077878,
-0.018658,
-0.041425,
-0.008033,
0.065245,
-0.062516,
0.012540,
-0.011838,
-0.063375,
0.010374,
0.041992,
0.067808,
-0.052582,
-0.068640,
0.059715,
-0.068197,
-0.034350,
0.061616,
0.008677,
-0.073998,
0.062312,
0.067769,
-0.076625,
-0.037518,
0.056165,
-0.063627,
0.050807,
0.054136,
0.016194,
-0.049883,
-0.046644,
0.040922,
0.046237,
0.066779,
-0.059332,
-0.052152,
0.064508,
0.052926,
-0.021739,
0.049511,
-0.046749,
0.034054,
-0.045586,
-0.034263,
-0.045896,
0.048054,
0.028932,
0.021905,
-0.059588,
0.032723,
0.068575,
0.046098,
-0.038912,
-0.053136,
-0.073318,
0.038292,
0.064253,
-0.064269,
-0.034371,
-0.005091,
-0.032687,
-0.025045,
-0.048192,
-0.017629,
-0.021405,
-0.020075,
-0.062810,
0.070463,
-0.006420,
0.011622,
-0.066703,
0.065894,
0.008820,
-0.061346,
0.032771,
-0.047542,
-0.078253,
0.009057,
-0.087022,
0.002860,
0.079067,
-0.083137,
0.077922,
-0.034530,
-0.010728,
0.031997,
-0.049782,
-0.071888,
0.007333,
-0.028433,
-0.059307,
0.079676,
0.006141,
0.024503,
0.033583,
-0.075053,
-0.047114,
0.022396,
0.026154,
-0.043425,
0.072393,
0.005900,
0.066708,
0.053066,
0.001118,
0.049193,
0.022692,
0.015285,
0.047035,
-0.061395,
0.011593,
-0.051908,
-0.012407,
0.020851,
0.067961,
-0.080889,
0.055414,
-0.013483,
-0.066171,
0.070698,
0.076987,
-0.016200,
0.064517,
0.012501,
0.048014,
0.019983,
0.026716,
-0.043081,
0.024150,
-0.034808,
-0.005271,
-0.074279,
0.058788,
-0.077760,
-0.082696,
0.072986,
0.025117,
0.070976,
0.063816,
-0.051718,
-0.045591,
-0.081219,
0.082295,
-0.054151,
0.006536,
-0.029870,
0.019488,
0.077625,
0.029185,
0.055358,
0.017336,
-0.061680,
-0.070863,
0.007526,
-0.053355,
-0.082809,
0.073517,
-0.062426,
-0.002070,
0.058539,
-0.063292,
0.016421,
-0.049866,
0.014292,
-0.041580,
-0.026056,
0.067429,
0.077936,
0.059539,
0.032613,
-0.053874,
0.080829,
-0.070529,
0.010392,
0.002572,
0.065523,
-0.071791,
-0.066680,
-0.022021,
-0.057824,
-0.067929,
0.039081,
0.019741,
0.038968,
-0.056504,
-0.027400,
0.012437,
0.060881,
0.042567,
-0.029627,
0.061916,
0.078491,
-0.031054,
-0.030212,
0.056005,
-0.059775,
0.061235,
0.070293,
0.077791,
0.037602,
-0.008200,
0.045900,
-0.037924,
-0.051807,
0.008906,
0.006083,
-0.030521,
0.083220,
0.043977,
-0.056281,
-0.043178,
0.046620,
0.080101,
0.082164,
0.083749,
-0.065800,
-0.029119,
-0.083575,
-0.041000,
-0.062939,
-0.068381,
0.086641,
0.033164,
-0.021307,
-0.035565,
-0.022960,
-0.009591,
0.065986,
-0.050197,
0.047867,
-0.027646,
-0.046883,
0.026831,
-0.053820,
0.044691,
-0.022807,
0.030157,
0.031031,
0.054189,
-0.046030,
0.008235,
0.030181,
0.035328,
-0.001466,
-0.040203,
0.086258,
0.004302,
-0.031571,
0.016649,
-0.060507,
-0.066810,
0.085372,
0.008101,
0.081308,
-0.002993,
-0.040766,
-0.085289,
-0.108214,
0.076541,
0.074044,
0.062493,
-0.094327,
0.053139,
-0.079723,
0.110170,
0.041817,
-0.021808,
-0.010962,
-0.001632,
-0.029036,
0.054571,
-0.012173,
0.005506,
-0.106602,
-0.033879,
0.078546,
-0.033661,
0.042378,
0.083978,
-0.041819,
0.055703,
-0.027700,
-0.073056,
0.017150,
-0.025960,
-0.054154,
0.051349,
-0.018440,
-0.030670,
-0.075176,
0.045063,
-0.011066,
-0.073660,
0.044944,
-0.023406,
-0.071734,
0.099044,
-0.005433,
-0.029716,
0.056391,
-0.094006,
0.036370,
0.048830,
0.003718,
0.037512,
-0.058913,
0.031167,
-0.054533,
0.006000,
-0.001290,
0.020220,
-0.041873,
0.037400,
-0.017628,
-0.064872,
-0.053183,
-0.028352,
0.072413,
0.056855,
0.059772,
-0.065607,
-0.088514,
0.039566,
-0.021068,
-0.071645,
-0.064928,
0.018840,
-0.043666,
0.103301,
0.035232,
-0.022590,
-0.015484,
0.014745,
0.033779,
-0.022133,
0.031322,
0.017360,
0.039045,
0.066263,
-0.054533,
-0.029315,
0.054024,
-0.063789,
0.051969,
0.014589,
0.011126,
0.037335,
-0.020947,
-0.017694,
0.037672,
-0.046770,
-0.010317,
0.027647,
-0.093593,
0.060230,
-0.093517,
0.001265,
-0.075620,
0.062298,
-0.044310,
0.082826,
0.061354,
0.015458,
0.075424,
-0.057457,
-0.013168,
-0.005434,
0.013629,
-0.065601,
-0.065957,
0.041594,
-0.109782,
-0.050594,
0.055130,
-0.085604,
-0.093614,
0.020309,
-0.009561,
-0.090567,
-0.009397,
0.080474,
0.050327,
0.040376,
-0.012846,
0.046320,
-0.093480,
0.000584,
0.040149,
-0.070462,
0.052948,
0.046125,
-0.074534,
0.083356,
-0.011111,
0.000156,
0.021290,
-0.049330,
0.006453,
0.074028,
0.020647,
-0.054972,
-0.073022,
-0.043950,
0.059233,
0.070443,
-0.023989,
-0.063242,
-0.028849,
-0.016971,
-0.031859,
-0.003829,
-0.020516,
0.097262,
-0.011503,
0.012948,
0.022920,
-0.038163,
-0.003121,
0.064669,
-0.050462,
0.063337,
0.074964,
-0.005839,
-0.003495,
0.084240,
-0.007032,
-0.031261,
0.030823,
-0.048224,
-0.017985,
-0.120846,
0.007378,
0.062364,
0.034356,
-0.063069,
-0.125392,
-0.016640,
0.041753,
-0.090537,
0.022990,
-0.017097,
-0.044527,
-0.086241,
0.033661,
-0.007036,
0.001843,
-0.002103,
-0.040468,
-0.014207,
-0.130213,
0.087407,
-0.032823,
-0.116258,
-0.081416,
0.064825,
-0.065195,
0.095979,
-0.096313,
-0.052861,
-0.037190,
0.003595,
0.041922,
0.006709,
0.039243,
-0.097187,
-0.009124,
0.038794,
0.023198,
0.005298,
-0.013544,
0.034339,
0.061779,
0.075135,
0.040013,
-0.017465,
-0.059113,
-0.069251,
-0.057305,
-0.067411,
0.025006,
0.022960,
-0.055007,
-0.026908,
0.015334,
0.029755,
-0.014339,
0.005127,
-0.018092,
0.037584,
0.033109,
-0.092736,
0.020389,
-0.058676,
0.018794,
-0.120852,
0.025090,
0.049691,
-0.066627,
0.025559,
-0.008214,
-0.042729,
0.020337,
-0.040100,
-0.105995,
0.016777,
0.018363,
-0.032308,
-0.048743,
0.059421,
0.039488,
0.030625,
0.016331,
-0.037352,
-0.157282,
-0.076397,
-0.004387,
-0.089031,
-0.077150,
0.106391,
-0.056720,
0.025970,
0.079605,
-0.029701,
0.085376,
0.025359,
-0.046113,
0.067450,
0.085800,
-0.087039,
-0.001925,
-0.093689,
0.058623,
0.081399,
0.041034,
0.041818,
-0.018543,
0.022279,
0.100191,
0.037018,
0.032972,
0.081690,
-0.075622,
0.014864,
-0.072825,
0.004502,
0.022983,
-0.080110,
-0.122219,
0.015059,
-0.028955,
-0.076451,
0.009143,
0.073669,
-0.046002,
0.064914,
0.029050,
-0.078057,
0.014711,
-0.075490,
0.049008,
-0.000175,
0.068647,
-0.017896,
-0.098878,
-0.058364,
-0.050154,
-0.047021,
0.010826,
-0.062246,
-0.057432,
-0.061485,
-0.020294,
-0.034218,
-0.051620,
0.038093,
0.045547,
0.024257,
-0.206561,
-0.029893,
-0.020808,
0.039283,
-0.004753,
0.037053,
-0.041631,
0.050918,
-0.001840,
-0.055113,
0.066364,
0.085824,
-0.031931,
-0.012109,
0.141972,
-0.096079,
0.092801,
-0.013082,
0.077130,
-0.039983,
0.047751,
0.056737,
0.043226,
-0.019710,
-0.034078,
-0.108104,
-0.088871,
-0.003817,
-0.011760,
-0.014069,
-0.025133,
0.014822,
0.040412,
0.095737,
-0.061411,
0.021368,
-0.002088,
0.027309,
-0.075909,
-0.026888,
-0.040275,
0.022992,
0.016211,
0.026469,
-0.027324,
-0.061119,
-0.030562,
-0.077071,
0.003458,
-0.086567,
-0.030275,
0.055634,
0.029770,
0.083257,
0.013820,
-0.028478,
-0.006767,
-0.046234,
0.059192,
0.067430,
-0.054838,
-0.077898,
0.037358,
-0.020281,
-0.099853,
0.010784,
-0.017271,
-0.037820,
0.064071,
0.082058,
-0.119653,
0.041528,
-0.004089,
-0.055208,
-0.064977,
0.065988,
0.012961,
-0.063683,
0.030694,
-0.114292,
-0.050783,
-0.112150,
-0.056673,
-0.026099,
-0.056453,
0.037161,
-0.018541,
-0.073657,
0.065640,
-0.011603,
0.029425,
-0.107888,
-0.031056,
-0.041700,
-0.076290,
0.064965,
-0.091192,
0.060483,
-0.076678,
-0.007862,
0.009217,
0.015152,
-0.098231,
-0.073209,
0.025410,
-0.004520,
0.004810,
0.029720,
0.000007,
-0.032157,
-0.016141,
0.047770,
-0.023866,
-0.053266,
0.026167,
-0.003274,
0.052586,
-0.027838,
-0.040047,
0.041340,
0.088799,
-0.031437,
-0.044780,
-0.069568,
-0.077261,
0.049095,
-0.045147,
0.019745,
-0.083053,
-0.030009,
0.055702,
-0.076942,
0.035144,
0.110022,
-0.121696,
0.056947,
0.029061,
0.066145,
-0.096271,
0.021671,
0.028184,
0.075943,
0.069727,
-0.124407,
0.092422,
-0.177582,
0.016913,
0.066612,
0.033608,
-0.107959,
0.034021,
0.083128,
0.097516,
-0.074623,
0.018174,
-0.029247,
-0.061607,
0.077886,
-0.096641,
0.060847,
0.009839,
-0.020624,
0.071601,
-0.060746,
0.003744,
-0.046369,
0.046695,
0.039871,
-0.033445,
-0.019019,
-0.048492,
0.049661,
-0.021206,
0.005038,
-0.024486,
0.070843,
0.040386,
0.005336,
-0.018296,
-0.074308,
0.002720,
-0.034489,
0.033016,
-0.054201,
0.066706,
-0.050504,
0.002156,
0.036662,
-0.006285,
0.051528,
0.047904,
0.051281,
-0.063163,
-0.068299,
0.053685,
-0.102832,
0.009860,
-0.037987,
-0.130722,
0.029432,
-0.007819,
0.064799,
-0.019704,
0.046077,
0.078848,
-0.043663,
0.049760,
-0.155742,
-0.031832,
-0.093105,
-0.039300,
0.005732,
0.028409,
-0.102120,
0.075302,
-0.024680,
-0.085289,
0.033867,
0.028818,
-0.010229,
0.033603,
-0.030666,
-0.053220,
-0.045608,
-0.005682,
0.015847,
0.047069,
0.047246,
-0.009047,
0.051420,
0.013557,
0.018458,
0.038708,
0.090142,
0.061662,
0.023889,
0.056473,
0.058705,
0.011355,
0.040265,
0.000087,
-0.090748,
0.045822,
0.043574,
0.043905,
-0.005334,
-0.014838,
0.074278,
0.055368,
-0.015050,
-0.037457,
-0.010227,
-0.015559,
-0.002189,
0.071016,
-0.077924,
0.078437,
-0.124668,
-0.038666,
-0.080328,
0.136301,
-0.000573,
-0.024481,
-0.193344,
0.084468,
0.090267,
-0.063432,
0.000188,
0.030666,
0.027097,
0.121760,
-0.172143,
0.030327,
-0.034325,
-0.052459,
-0.018851,
-0.005079,
0.046608,
0.062771,
0.037879,
-0.051321,
-0.008814,
0.093592,
0.055378,
0.056732,
0.005149,
-0.107550,
0.064683,
-0.005842,
0.035868,
0.060265,
-0.120574,
-0.057575,
-0.070872,
-0.026307,
0.034862,
-0.045137,
0.054564,
0.087432,
0.066156,
-0.016760,
0.055774,
0.004168,
0.000676,
-0.083198,
0.016013,
0.016338,
-0.061857,
0.056948,
0.066681,
0.008610,
0.000811,
-0.051087,
-0.119271,
0.029894,
0.030631,
0.072457,
0.003556,
0.065025,
0.016408,
0.009538,
-0.136412,
-0.045168,
-0.020440,
-0.044726,
0.009222,
-0.063140,
-0.112206,
0.025456,
0.145251,
-0.012482,
0.130271,
0.022233,
0.016290,
0.017886,
-0.058006,
-0.023671,
-0.002515,
0.044068,
-0.011103,
0.101280,
0.043944,
0.058075,
-0.033204,
-0.022918,
-0.035701,
0.014914,
0.067507,
0.030789,
-0.023557,
-0.087520,
-0.039650,
0.052363,
0.000100,
-0.021163,
-0.018532,
-0.058006,
0.046195,
0.038574,
-0.037017,
-0.076879,
0.041062,
-0.022473,
-0.016933,
-0.064134,
0.042817,
-0.069490,
-0.095575,
-0.035911,
-0.015231,
0.011994,
-0.079640,
-0.092571,
0.053124,
0.056098,
0.086770,
0.026743,
-0.171909,
0.015950,
-0.012686,
0.097998,
0.063875,
0.068312,
0.034430,
0.010287,
0.009218,
-0.082729,
0.056199,
-0.017401,
-0.070904,
-0.012629,
0.033055,
-0.112267,
0.052965,
0.003244,
0.042602,
-0.049877,
-0.100934,
-0.000705,
-0.074986,
0.077817,
0.100643,
0.010064,
-0.146202,
0.041454,
0.052081,
0.063901,
0.082559,
0.075730,
0.000989,
0.064122,
-0.032269,
-0.053888,
0.057223,
0.020713,
-0.000354,
0.043027,
0.124086,
0.034604,
-0.042888,
-0.093494,
-0.041223,
0.016596,
-0.041894,
0.013187,
0.008823,
-0.078704,
-0.077947,
-0.101214,
-0.025739,
0.014384,
-0.092266,
-0.115984,
0.021929,
-0.080409,
0.054338,
0.015847,
0.071459,
-0.015722,
0.058721,
-0.021796,
-0.020274,
-0.013553,
-0.011563,
0.019430,
0.010963,
0.013969,
-0.079897,
0.054471,
0.115996,
0.062118,
-0.024032,
-0.058424,
-0.020146,
0.128119,
-0.024621,
-0.235301,
-0.012304,
-0.067970,
0.011483,
0.043404,
-0.078490,
0.050891,
-0.034779,
0.028972,
0.040714,
-0.069526,
-0.156652,
-0.025957,
-0.053832,
-0.004083,
0.023555,
0.091676,
0.036570,
0.000565,
0.078806,
-0.037052,
0.011928,
0.031967,
-0.052009,
0.097133,
-0.031867,
0.035526,
0.010090,
0.085123,
0.047625,
-0.053407,
0.041356,
-0.019329,
-0.007654,
-0.049146,
0.038122,
0.050540,
-0.030788,
0.058043,
-0.019568,
-0.063572,
-0.073709,
-0.040758,
-0.054191,
-0.063151,
-0.015977,
-0.012397,
0.167260,
0.014441,
-0.022232,
0.014297,
0.025128,
0.015244,
0.034363,
0.118395,
-0.046342,
-0.009378,
0.106626,
-0.055869,
-0.013455,
-0.002465,
-0.007951,
0.023176,
-0.019951,
-0.151297,
0.104773,
-0.051663,
-0.009125,
-0.071276,
0.017905,
-0.024474,
0.080115,
-0.025230,
-0.027413,
0.025309,
-0.132816,
-0.095737,
-0.052796,
0.086991,
0.067603,
0.038175,
0.040038,
-0.074894,
0.018524,
0.006609,
0.005632,
-0.022020,
-0.122710,
0.090126,
-0.079395,
-0.031457,
0.062946,
0.014309,
-0.028619,
-0.052448,
-0.063690,
0.020021,
-0.079617,
0.035762,
-0.060849,
-0.057587,
-0.043868,
-0.002075,
0.064301,
-0.111595,
-0.064960,
0.024579,
0.076698,
-0.054620,
-0.018445,
-0.079066,
0.002235,
-0.079624,
0.051359,
0.078085,
-0.079170,
-0.011409,
-0.072294,
0.037429,
-0.132337,
-0.046925,
0.133716,
-0.103924,
-0.071335,
0.022726,
0.015157,
0.043588,
0.083290,
-0.020181,
0.030578,
0.038276,
-0.006756,
0.047225,
0.005592,
0.027051,
-0.010484,
-0.068689,
-0.004026,
-0.054802,
-0.148600,
-0.074750,
0.037932,
-0.093556,
0.036474,
-0.045840,
-0.010293,
0.032655,
-0.077985,
0.014386,
-0.028620,
-0.055062,
0.050791,
0.026890,
-0.013754,
-0.080992,
-0.000909,
0.017810,
0.113182,
0.028684,
-0.014141,
-0.037610,
-0.077027,
0.019148,
-0.062554,
0.079838,
-0.122799,
0.035479,
-0.088734,
0.032441,
0.045582,
0.032774,
-0.096366,
-0.070923,
0.012905,
0.013294,
-0.035873,
0.052094,
-0.081843,
0.098010,
-0.079539,
0.063094,
-0.028658,
0.143691,
-0.018160,
0.029303,
0.126043,
0.025209,
-0.106679,
0.073776,
-0.056619,
-0.047027,
0.000910,
-0.009155,
0.069780,
0.095671,
0.053576,
0.027955,
-0.026542,
-0.052442,
-0.008421,
0.097946,
-0.067992,
-0.095235,
-0.053432,
-0.102452,
0.009609,
-0.066347,
0.012430,
-0.004849,
0.059957,
0.005148,
0.043713,
-0.063588,
0.095419,
-0.060300,
0.086020,
0.001510,
-0.060005,
-0.034148,
0.083272,
0.127261,
0.041340,
-0.026271,
0.006255,
-0.046180,
-0.097747,
0.072410,
0.022786,
0.074211,
-0.025326,
-0.114570,
-0.068738,
-0.016100,
0.045424,
-0.043133,
-0.030807,
0.057461,
0.036292,
0.078138,
-0.167715,
0.041181,
-0.054473,
0.041538,
0.018581,
0.080837,
0.067589,
-0.009381,
-0.007718,
0.050218,
-0.039090,
-0.031151,
-0.120449,
-0.072130,
0.052099,
0.040278,
-0.083683,
0.100013,
0.033150,
0.089596,
0.006795,
-0.105376,
0.009844,
-0.061620,
0.044555,
-0.001127,
-0.020467,
-0.030310,
-0.016198,
0.029160,
0.042633,
-0.087159,
0.009584,
0.033713,
0.016788,
-0.012523,
-0.084258,
0.048122,
0.078234,
-0.050987,
0.052849,
-0.078316,
-0.011945,
0.009277,
-0.063482,
0.052049,
0.036090,
0.001443,
0.008898,
-0.003432,
0.002855,
-0.058214,
0.005823,
-0.054839,
0.041351,
-0.089447,
-0.044539,
-0.044332,
0.058805,
-0.068709,
0.008983,
-0.081040,
-0.096594,
0.024705,
-0.110092,
0.024471,
-0.010547,
-0.012744,
-0.024068,
0.007299,
0.016074,
0.058778,
0.043709,
-0.049718,
-0.000474,
-0.009991,
-0.167580,
0.069450,
0.036196,
-0.022642,
0.023032,
-0.026814,
0.076145,
0.019055,
0.026795,
-0.075947,
0.003347,
-0.012586,
0.057216,
0.048030,
-0.021842,
0.034261,
0.006663,
0.047689,
-0.015112,
-0.072436,
-0.027265,
0.009077,
-0.019093,
0.007485,
0.039542,
0.075303,
-0.029225,
-0.069283,
0.115100,
-0.065284,
0.004004,
0.005126,
-0.035963,
-0.007184,
0.038874,
-0.058736,
0.009378,
0.063501,
-0.021168,
-0.004759,
-0.090269,
0.107232,
-0.062401,
0.000398,
0.001239,
-0.045327,
-0.031820,
0.054766,
0.050371,
-0.065326,
-0.084370,
-0.038821,
-0.194043,
0.009885,
0.035658,
-0.105775,
0.004585,
0.102062,
0.086974,
-0.007067,
0.088808,
0.077350,
-0.075420,
0.050542,
-0.095425,
-0.043398,
0.013693,
-0.005842,
-0.028660,
-0.010641,
0.000450,
0.034302,
0.003441,
0.012923,
-0.057758,
-0.017618,
0.084396,
0.051554,
0.088999,
0.048416,
-0.044729,
0.073068,
0.053954,
-0.099593,
0.000445,
0.049660,
0.033955,
0.028474,
0.021939,
-0.053102,
-0.016179,
-0.046732,
0.125635,
0.001874,
-0.105648,
0.032426,
-0.076905,
-0.084457,
-0.098212,
-0.088669,
0.103714,
0.002337,
-0.090456,
0.070494,
-0.106411,
0.066682,
0.034051,
-0.002473,
0.035572,
-0.014518,
0.047068,
-0.039969,
0.071999,
-0.005944,
-0.026596,
0.035549,
-0.154740,
0.034491,
0.072362,
-0.046509,
-0.025336,
-0.031127,
0.039707,
0.072136,
-0.034407,
0.027551,
0.071299,
-0.066229,
-0.121130,
-0.016482,
-0.002522,
-0.074651,
-0.045579,
-0.057616,
0.017110,
0.064382,
-0.049923,
0.019203,
-0.100644,
-0.015610,
-0.044697,
0.022960,
0.025135,
-0.041121,
-0.055637,
0.106555,
0.053342,
-0.056798,
-0.065270,
-0.003163,
-0.053300,
0.056767,
0.035359,
0.023443,
0.083319,
-0.120057,
-0.016456,
-0.064194,
0.028992,
-0.073291,
0.006974,
-0.004369,
-0.084109,
-0.074947,
0.038662,
-0.029407,
-0.055204,
0.060099,
-0.127196,
-0.010806,
-0.044131,
-0.029716,
-0.025576,
-0.022265,
-0.023909,
0.005305,
0.069020,
0.022280,
-0.057640,
0.018077,
-0.087857,
0.010590,
0.042903,
-0.056924,
0.043035,
0.059337,
0.058574,
-0.051260,
0.046445,
-0.066429,
0.029324,
-0.001856,
-0.123242,
-0.003139,
-0.011394,
0.028922,
-0.040161,
-0.005675,
-0.014854,
0.055676,
0.107203,
-0.038456,
0.043077,
-0.035796,
-0.002073,
0.026328,
-0.057808,
0.066850,
0.021132,
-0.055721,
0.050157,
-0.111481,
0.040747,
-0.031997,
0.045470,
-0.041345,
0.046080,
-0.010573,
-0.010727,
-0.024946,
-0.080601,
-0.057234,
-0.074003,
-0.059118,
-0.065030,
0.002104,
-0.022050,
-0.067861,
-0.009519,
0.053779,
-0.001704,
-0.048175,
-0.085531,
0.075222,
-0.039550,
-0.004310,
-0.010965,
-0.045675,
0.016452,
0.019010,
0.039734,
-0.064003,
-0.104361,
0.017698,
-0.103773,
0.038355,
0.038466,
0.039563,
0.003381,
0.051678,
0.031202,
0.035200,
-0.000624,
-0.017806,
0.068437,
0.001813,
-0.114742,
0.068646,
-0.013188,
0.010566,
0.004783,
0.073419,
0.071457,
-0.083461,
0.052608,
-0.036881,
-0.054335,
-0.018372,
-0.019861,
0.058021,
0.006322,
0.038407,
-0.002040,
0.045895,
-0.010601,
-0.009076,
-0.087076,
-0.091950,
-0.026017,
0.051875,
-0.057417,
-0.056825,
-0.005088,
-0.063044,
-0.045283,
-0.029634,
0.086986,
-0.053946,
-0.040618,
-0.094034,
0.022857,
-0.012243,
0.012969,
0.025377,
0.069502,
0.052178,
-0.064371,
-0.045988,
0.010060,
0.039667,
0.062587,
0.030681,
0.059134,
0.053652,
-0.064460,
-0.083729,
0.023988,
-0.066349,
0.013879,
-0.043162,
0.032234,
-0.039391,
-0.090641,
-0.016368,
-0.021500,
0.018016,
-0.061242,
-0.019080,
0.023676,
0.029633,
-0.005449,
-0.092798,
0.044335,
-0.023541,
0.002180,
-0.008556,
-0.005978,
-0.035839,
0.026437,
0.067938,
-0.077253,
0.074936,
-0.010324,
0.063872,
-0.000445,
0.021147,
-0.050437,
-0.051316,
0.032483,
0.065833,
0.010883,
-0.084765,
-0.041274,
-0.082130,
0.077745,
0.009815,
-0.012446,
0.018397,
0.024224,
-0.027949,
-0.067638,
-0.036324,
0.002930,
-0.047440,
-0.030429,
0.008797,
-0.041659,
-0.006340,
0.012863,
0.016228,
-0.021643,
0.014617,
-0.081362,
0.072488,
-0.018337,
-0.041268,
0.020808,
-0.010170,
0.080804,
0.013403,
0.010497,
-0.068880,
-0.083445,
0.037336,
0.048411,
-0.079319,
-0.063741,
0.009244,
0.092298,
-0.073180,
-0.059796,
-0.054935,
0.079556,
0.038088,
0.020917,
0.023266,
0.051024,
0.080892,
0.074437,
0.060401,
0.049181,
0.078477,
0.074153,
0.068334,
-0.060540,
0.022700,
0.073038,
0.067142,
0.024640,
0.065506,
0.007044,
0.026808,
0.060021,
-0.040366,
-0.034996,
0.028218,
-0.017662,
0.078061,
0.058398,
-0.057531,
-0.051294,
-0.064047,
0.050332,
-0.046601,
-0.036980,
0.025353,
0.056878,
-0.029409,
-0.080093,
0.066915,
-0.058875,
0.057525,
0.053209,
-0.021430,
0.047548,
0.025791,
-0.073966,
-0.064566,
-0.052441,
0.070349,
-0.043672,
-0.032781,
-0.057064,
0.054595,
-0.049659,
-0.046755,
-0.015821,
0.007760,
-0.055414,
0.066580,
-0.001259,
0.072249,
-0.043403,
-0.054320,
0.064117,
0.044737,
-0.033149,
-0.053599,
-0.021777,
-0.082967,
-0.049031,
-0.053422,
0.063939,
0.022177,
0.035543,
0.008516,
0.074197,
-0.076319,
-0.082761,
0.015644,
0.041274,
0.049331,
-0.056916,
-0.018665,
0.010637,
0.081484,
-0.003436,
-0.024311,
0.003488,
0.041445,
-0.082058,
0.081719,
0.081164,
0.084794,
-0.020334,
-0.075938,
0.006459,
-0.063009,
0.025619,
-0.019946,
-0.035147,
0.081072,
0.065239,
-0.026786,
0.037293,
-0.001098,
0.040043,
-0.018543,
-0.003371,
-0.013055,
0.060051,
0.011947,
-0.053020,
0.031660,
-0.053761,
0.080283,
-0.043226,
-0.038393,
0.020288,
0.015779,
0.050425,
0.077044,
-0.085656,
-0.053454,
-0.050202,
-0.040245,
-0.038303,
-0.023534,
0.046282,
0.045304,
0.065076,
0.073530,
0.033981,
0.067905,
0.030005,
0.010405,
-0.010544,
0.082891,
0.025841,
-0.042901,
-0.018340,
0.069525,
-0.034669,
-0.085075,
-0.078257,
-0.069656,
-0.061722,
-0.062129,
-0.044796,
0.065387,
0.048196,
-0.004940,
-0.016760,
-0.083506,
0.047191,
-0.022659,
-0.035870,
-0.025770,
0.022207,
-0.002131,
-0.007819,
0.077617,
0.020560,
-0.042332,
0.038346,
0.086445,
-0.084793,
-0.056176,
-0.085075,
-0.043843,
0.046044,
-0.064723,
-0.078231,
-0.021879,
-0.010147,
0.070811,
-0.025668,
-0.021185,
0.046424,
-0.010710,
0.000391,
0.005528,
0.083774,
-0.069929,
-0.047947,
-0.047282,
-0.042866,
-0.005205,
-0.058795,
-0.073834,
-0.063008,
-0.040514,
0.072187,
-0.028267,
0.031597,
0.013274,
0.078075,
0.024569,
-0.012458,
-0.019298,
-0.029461,
-0.045968,
0.053911,
-0.071719,
0.032876,
0.082555,
-0.003463,
0.029642,
0.075026,
0.029964,
0.043715,
-0.021569,
-0.039290,
0.002211,
-0.058265,
0.009875,
-0.074158,
-0.082889,
0.036906,
-0.003208,
0.082407,
-0.045447,
0.019089,
-0.044899,
0.073660,
0.084422,
-0.045203,
-0.065768,
0.072543,
-0.038270,
-0.073832,
-0.012298,
0.019245,
-0.046188,
0.018102,
0.002279,
-0.012762,
0.056952,
0.032228,
-0.076865,
-0.008838,
0.045551,
0.077157,
0.086219,
0.014034,
-0.070753,
0.004090,
-0.037159,
0.037613,
-0.022738,
0.078623,
-0.008726,
0.032456,
-0.051912,
-0.053443,
0.008594,
0.074545,
-0.102147,
-0.005710,
-0.020401,
-0.034154,
-0.029926,
0.062081,
0.000032,
0.071719,
-0.038665,
-0.010291,
-0.026587,
-0.016952,
0.035869,
-0.086214,
-0.018713,
0.048718,
0.063787,
-0.074499,
-0.011336,
-0.034153,
-0.055394,
-0.030357,
-0.049307,
-0.012291,
-0.004688,
-0.074879,
0.019525,
0.025308,
-0.083229,
-0.025127,
0.064726,
-0.072464,
0.045607,
0.067106,
0.052350,
-0.016621,
0.046515,
0.025927,
-0.077801,
-0.003539,
0.082593,
0.071630,
0.019536,
0.073797,
0.007502,
-0.059018,
-0.040059,
0.084912,
-0.078945,
-0.035967,
0.050464,
0.082286,
-0.028723,
-0.084613,
-0.082863,
-0.040130,
0.049320,
-0.019373,
-0.035455,
0.021562,
0.038228,
-0.018070,
-0.045436,
0.015016,
-0.001858,
-0.022770,
0.085987,
-0.068733,
-0.061468,
-0.028455,
-0.003493,
0.052456,
-0.009852,
0.042692,
-0.037759,
0.058288,
-0.101340,
0.006213,
0.102755,
-0.125873,
0.015144,
-0.064436,
0.051489,
-0.064321,
-0.030957,
0.047083,
0.056153,
0.070148,
-0.053367,
0.052739,
-0.063257,
-0.041766,
0.011992,
-0.018946,
0.074194,
0.063499,
0.005323,
0.048752,
-0.043417,
0.026932,
-0.039362,
-0.073650,
0.058950,
0.010062,
0.023282,
-0.016387,
0.021620,
0.023985,
-0.032603,
-0.019616,
0.095936,
-0.024234,
0.078195,
-0.069780,
0.014697,
-0.055511,
0.057351,
-0.047837,
-0.059458,
0.056495,
-0.017548,
-0.052446,
-0.029855,
0.031487,
-0.091952,
-0.002522,
-0.015005,
-0.033497,
-0.021652,
0.056216,
0.108953,
0.029469,
-0.008688,
0.075956,
-0.022183,
0.036556,
0.009925,
-0.119724,
0.075467,
-0.064269,
-0.043217,
-0.037932,
0.130408,
-0.147814,
-0.079583,
-0.013632,
0.003865,
0.103159,
-0.049109,
0.033887,
-0.080385,
-0.082195,
-0.050040,
-0.085809,
-0.027237,
-0.040824,
0.033626,
0.038911,
-0.092356,
0.065006,
0.027653,
-0.018798,
-0.050964,
-0.010191,
0.020068,
-0.005879,
0.056671,
-0.040023,
0.069869,
0.018774,
-0.022443,
0.055181,
-0.063670,
-0.012128,
0.069159,
0.036708,
-0.014588,
0.021484,
0.061307,
-0.022468,
0.067408,
-0.030637,
0.062497,
0.037745,
-0.023632,
-0.156867,
-0.028460,
-0.039071,
-0.004008,
-0.040894,
-0.047999,
0.065148,
-0.085361,
0.059771,
0.003993,
-0.051766,
0.024307,
0.061732,
0.018760,
-0.033226,
-0.024153,
-0.053307,
0.015913,
-0.081313,
-0.043942,
-0.029627,
0.013873,
-0.012830,
-0.063653,
-0.018598,
0.024569,
0.067782,
0.059084,
0.025086,
-0.058416,
0.055513,
0.106713,
-0.045549,
-0.073322,
-0.003165,
0.062380,
0.003870,
-0.024891,
0.042126,
0.010798,
-0.045237,
-0.036619,
-0.088188,
-0.052724,
-0.068438,
-0.091754,
-0.056697,
-0.041594,
0.007734,
0.040952,
-0.061936,
-0.007438,
-0.127363,
0.034273,
-0.020870,
-0.011546,
-0.009380,
-0.103843,
-0.010606,
-0.058881,
-0.071117,
0.030389,
-0.048217,
-0.003517,
-0.079920,
-0.009884,
0.019026,
-0.073753,
0.007046,
0.022141,
0.088719,
-0.010941,
0.028818,
0.028555,
-0.075461,
0.028385,
0.060368,
0.068682,
0.020989,
0.041137,
0.033414,
-0.016001,
-0.001279,
-0.045040,
0.012263,
0.127031,
-0.117553,
0.079332,
-0.046583,
-0.004982,
-0.036011,
-0.030110,
0.033579,
-0.097815,
0.028945,
-0.025406,
0.024269,
-0.035195,
-0.045217,
0.042224,
-0.014350,
0.025045,
0.029289,
0.010971,
0.083786,
0.017175,
0.082957,
0.035754,
-0.040291,
-0.094020,
-0.044947,
0.030617,
0.090391,
0.046535,
0.001884,
0.067320,
-0.167668,
0.005493,
-0.044751,
-0.066134,
-0.020388,
-0.083405,
-0.090978,
0.015719,
-0.099770,
0.040446,
-0.004851,
0.064976,
-0.071429,
-0.009151,
0.050524,
-0.101434,
0.033083,
-0.022035,
0.018692,
-0.009369,
-0.045029,
-0.017188,
0.011681,
-0.014306,
0.043214,
-0.006111,
0.018531,
-0.068955,
-0.014059,
0.064214,
-0.026768,
0.027739,
-0.124300,
0.109182,
-0.171310,
-0.030680,
-0.014424,
-0.054493,
-0.026859,
-0.062757,
0.112693,
-0.007936,
-0.006031,
0.108689,
-0.006191,
0.086289,
0.003940,
0.044108,
0.080896,
-0.018891,
-0.035552,
0.081883,
-0.006420,
-0.009718,
-0.064339,
0.043622,
-0.004147,
-0.095539,
0.075644,
-0.010517,
-0.074376,
-0.063285,
0.075657,
-0.071606,
-0.160734,
0.033046,
0.058329,
-0.058689,
0.022770,
-0.000780,
0.074331,
-0.009262,
-0.091912,
-0.066292,
-0.065225,
0.016478,
-0.156957,
-0.089266,
-0.023137,
-0.060220,
0.016244,
0.018972,
0.031865,
-0.061026,
0.035739,
0.019335,
-0.015331,
-0.108828,
0.054652,
-0.085047,
0.116815,
0.003749,
-0.028060,
-0.045070,
0.016914,
0.054829,
0.025882,
0.027732,
-0.063680,
-0.034073,
-0.067449,
-0.025365,
0.035688,
-0.017736,
-0.041878,
0.008219,
0.098666,
-0.021996,
-0.107643,
-0.010308,
-0.078796,
0.035623,
0.055125,
0.027315,
-0.037266,
0.090629,
-0.033863,
0.032501,
0.009636,
-0.069611,
0.022575,
0.043314,
0.048910,
0.066537,
0.063518,
0.061338,
-0.084339,
0.040156,
-0.196855,
-0.006293,
0.025276,
-0.082935,
-0.076058,
-0.053279,
0.016299,
-0.002107,
-0.062099,
0.011347,
-0.016172,
0.004069,
-0.037089,
0.034890,
0.008036,
-0.059904,
-0.055882,
0.115526,
-0.023427,
0.088142,
0.050181,
0.032294,
-0.104635,
-0.092003,
0.050336,
-0.019619,
0.095494,
-0.093521,
0.041181,
0.045879,
-0.023314,
0.083358,
0.013295,
0.099602,
-0.072255,
0.075340,
-0.112965,
0.104955,
0.028836,
-0.044517,
0.061828,
0.067949,
-0.028475,
0.055623,
0.040616,
0.041520,
-0.054972,
0.022353,
0.006299,
-0.102623,
0.086180,
0.020137,
-0.013252,
-0.053901,
-0.041310,
-0.001356,
-0.052944,
-0.088123,
-0.041472,
0.038604,
0.063372,
-0.009514,
-0.015927,
0.075511,
-0.236529,
0.050394,
0.054590,
0.071561,
-0.057716,
-0.009344,
-0.053330,
-0.025605,
0.039089,
0.031662,
0.081832,
-0.001044,
-0.131680,
-0.021116,
-0.076226,
0.019664,
0.058047,
0.058233,
0.049317,
0.066868,
-0.047186,
-0.024842,
-0.039710,
0.017663,
0.042130,
-0.000890,
0.051192,
0.021335,
0.089751,
0.046888,
-0.031690,
0.017076,
0.003249,
0.098686,
0.024985,
-0.018094,
-0.019488,
0.046314,
-0.029255,
-0.028466,
-0.033243,
-0.059951,
0.005258,
-0.000584,
-0.013898,
-0.006650,
0.028056,
-0.054008,
-0.063954,
-0.146862,
0.081582,
-0.012640,
-0.043010,
0.025568,
-0.026990,
-0.073104,
-0.060452,
-0.059053,
0.037227,
-0.078006,
0.088775,
0.097219,
-0.017842,
0.088827,
-0.156650,
-0.043616,
-0.054964,
0.104175,
0.081098,
0.057238,
-0.021659,
0.051735,
0.063561,
-0.039104,
0.080451,
-0.025860,
-0.115490,
0.074798,
-0.095967,
-0.018343,
-0.018315,
0.074525,
-0.034233,
0.059607,
0.014905,
0.079350,
-0.024046,
0.094369,
-0.079021,
-0.081411,
-0.120077,
-0.034230,
0.053721,
-0.027651,
0.034390,
0.017184,
0.033684,
0.057407,
-0.070630,
-0.008340,
-0.073002,
-0.018157,
0.019839,
0.011746,
0.039798,
0.041781,
-0.002318,
0.020371,
-0.055204,
0.006135,
-0.086950,
-0.064990,
-0.018787,
-0.175709,
0.030288,
-0.126480,
-0.080576,
-0.083216,
0.067553,
0.022207,
-0.089557,
0.007976,
-0.001242,
0.014497,
0.103393,
-0.004936,
-0.046950,
0.092680,
-0.058631,
-0.119648,
0.028539,
-0.005450,
-0.060356,
-0.078062,
0.003449,
0.062431,
0.002670,
-0.093628,
0.038658,
-0.029630,
-0.088441,
0.043380,
-0.057008,
0.103849,
0.006045,
0.043143,
-0.008519,
0.077176,
-0.028506,
0.003295,
0.057889,
0.025499,
-0.009902,
-0.140125,
-0.119663,
0.080407,
0.121333,
-0.052819,
0.000592,
-0.103545,
-0.059941,
0.041755,
0.030625,
0.047086,
-0.026429,
0.017750,
0.100184,
0.009573,
0.028825,
-0.040367,
-0.027405,
-0.131050,
-0.055511,
0.027192,
-0.011077,
0.012507,
-0.078756,
-0.083189,
-0.007308,
0.006671,
-0.002328,
0.002183,
-0.117480,
-0.075237,
-0.087605,
-0.069596,
0.096451,
-0.014793,
-0.017153,
-0.033191,
0.022159,
0.020149,
0.067017,
-0.115216,
-0.082461,
0.048508,
0.027313,
0.050539,
0.059109,
0.000683,
0.137823,
-0.050928,
0.034409,
0.070655,
-0.141710,
0.017479,
0.064475,
-0.028721,
0.083361,
0.010158,
0.024763,
0.018533,
-0.086685,
-0.041312,
-0.037770,
0.060779,
-0.020948,
-0.139346,
-0.046229,
0.004163,
0.066842,
-0.047087,
0.084641,
-0.008567,
0.062306,
-0.017426,
-0.044519,
0.051182,
0.085331,
0.019042,
0.074350,
0.052389,
-0.049945,
-0.045763,
-0.054340,
-0.060951,
0.012719,
-0.004281,
0.030671,
-0.006997,
-0.043353,
-0.008343,
-0.058011,
0.011007,
0.023760,
0.087449,
-0.059273,
-0.024199,
-0.013973,
-0.067659,
-0.031750,
0.056421,
0.046198,
0.000021,
-0.008467,
-0.096061,
0.002761,
-0.064795,
-0.071090,
-0.066934,
-0.037964,
-0.039771,
-0.071031,
-0.027670,
0.028282,
0.014276,
0.097037,
0.016190,
-0.144604,
-0.073447,
0.072530,
0.000566,
0.026316,
0.120238,
-0.135236,
0.053379,
-0.088417,
-0.025226,
0.044200,
-0.043342,
-0.024665,
0.036557,
-0.082395,
-0.097138,
0.091601,
-0.057440,
0.047891,
-0.006242,
-0.108620,
-0.001974,
-0.012297,
0.049906,
0.055383,
0.028083,
0.009677,
0.033218,
0.060202,
0.038555,
-0.068152,
0.020317,
-0.029188,
0.067822,
0.032238,
0.016179,
0.017300,
-0.014310,
0.015528,
0.101384,
-0.050102,
0.041078,
-0.083742,
0.019747,
0.068026,
-0.075719,
-0.064932,
-0.043238,
0.036653,
-0.013542,
-0.006388,
-0.115127,
0.052626,
0.038703,
0.023046,
-0.017349,
-0.082312,
-0.096736,
0.002656,
-0.009335,
-0.002583,
-0.005939,
0.031157,
0.037661,
0.011123,
-0.061855,
0.042379,
0.062681,
0.000771,
-0.003029,
-0.053122,
0.008176,
-0.069115,
-0.052315,
-0.011040,
0.031660,
-0.026666,
0.020689,
-0.054081,
-0.107913,
0.005025,
-0.085535,
0.032213,
-0.037869,
0.001613,
0.057709,
0.052501,
0.054732,
0.063462,
-0.019843,
-0.079911,
-0.040825,
0.035060,
0.026790,
0.075025,
0.027503,
-0.009347,
-0.021539,
-0.040936,
0.042207,
0.018862,
0.012272,
-0.048997,
0.081544,
0.061053,
0.003688,
0.066002,
-0.020228,
0.132036,
-0.040792,
0.066141,
0.016886,
0.020701,
0.045398,
0.020869,
-0.101523,
-0.027931,
-0.038228,
-0.063040,
-0.070978,
0.005808,
-0.076203,
0.068764,
-0.045128,
0.033659,
0.060320,
-0.005222,
0.051541,
-0.024725,
0.127406,
0.047588,
-0.034265,
0.067281,
0.028321,
-0.062440,
0.054327,
0.004083,
-0.053427,
0.024883,
-0.071343,
-0.092302,
0.081614,
-0.058251,
-0.021166,
0.001325,
0.030820,
0.075784,
-0.002338,
-0.066821,
0.070006,
-0.029550,
0.043560,
0.020054,
0.029000,
-0.099981,
-0.068828,
0.007486,
0.091259,
-0.003023,
0.079479,
-0.033165,
0.040902,
0.025217,
-0.059064,
0.042556,
-0.078069,
-0.047326,
0.013229,
0.040766,
0.036735,
0.069864,
0.001066,
0.012085,
0.062294,
-0.060039,
-0.058962,
0.021411,
-0.033240,
-0.054816,
0.028207,
0.015267,
0.004222,
0.039789,
-0.059473,
-0.057361,
-0.032901,
0.027336,
0.013470,
-0.009671,
-0.071619,
-0.043605,
0.014731,
0.009689,
0.075319,
0.044359,
0.020624,
-0.059544,
0.007613,
-0.104051,
-0.059044,
0.003790,
0.024931,
-0.069129,
0.056186,
-0.045422,
-0.057041,
-0.036434,
-0.078406,
-0.001685,
0.048066,
0.040150,
-0.097071,
0.043008,
-0.056579,
-0.033870,
0.081717,
-0.006443,
0.056386,
-0.095603,
0.012114,
-0.050911,
-0.035705,
0.001060,
0.020903,
0.036337,
-0.056848,
0.003181,
-0.025799,
0.048159,
0.001731,
-0.087495,
0.070461,
-0.003251,
0.076985,
0.049554,
0.145008,
0.022254,
0.015939,
0.074222,
0.021652,
0.018729,
-0.043268,
0.038945,
0.078536,
-0.000594,
0.019043,
0.045144,
0.028771,
0.053345,
-0.090039,
-0.117452,
0.072434,
-0.014995,
-0.001110,
-0.068354,
-0.030659,
-0.029440,
0.081467,
-0.011002,
0.081130,
-0.025254,
0.151955,
0.008671,
0.086021,
0.019669,
-0.073436,
-0.103011,
0.029421,
-0.036419,
0.009821,
0.039057,
0.101205,
0.077269,
0.047951,
0.040844,
0.049694,
0.045734,
-0.056055,
-0.017435,
0.018124,
-0.029162,
0.035997,
-0.022229,
-0.034583,
-0.004204,
-0.065509,
0.034021,
-0.089366,
0.047334,
0.008264,
0.015985,
-0.005737,
-0.067120,
0.022509,
0.091020,
0.050441,
-0.065954,
-0.054213,
0.099071,
0.019464,
0.086990,
-0.022087,
0.030410,
-0.092563,
0.018866,
-0.042210,
-0.099841,
0.015302,
-0.054836,
-0.071052,
0.067820,
0.038502,
-0.051983,
0.030443,
0.015833,
-0.007715,
0.007995,
-0.019994,
-0.072307,
0.009957,
-0.028219,
-0.040607,
-0.135879,
-0.067427,
0.028577,
-0.001034,
-0.084784,
-0.001488,
0.012459,
-0.006790,
-0.015109,
-0.051364,
-0.019659,
0.057293,
0.040142,
0.070790,
0.086313,
-0.041120,
0.030612,
0.004866,
-0.018794,
-0.084587,
-0.000720,
-0.082795,
-0.074167,
0.026932,
-0.069004,
0.050615,
0.083839,
-0.094769,
-0.077139,
-0.034010,
-0.026952,
0.023506,
-0.101923,
-0.013863,
-0.020423,
0.043454,
0.111150,
-0.034698,
-0.011506,
-0.027979,
0.031142,
-0.014026,
-0.073547,
-0.052531,
0.063759,
0.031879,
-0.057724,
0.068453,
0.031246,
-0.060132,
0.005657,
-0.003444,
0.003760,
-0.054729,
-0.065342,
-0.051957,
0.028121,
0.050817,
-0.033498,
0.065577,
-0.115892,
-0.075924,
0.022337,
-0.019343,
0.006934,
0.028845,
0.054122,
0.124275,
0.003601,
0.014928,
0.067882,
0.065866,
-0.078551,
0.023033,
-0.062173,
-0.039963,
-0.018009,
-0.020239,
-0.011490,
-0.002002,
0.005285,
-0.076676,
0.037562,
0.021768,
-0.028101,
0.024318,
-0.043879,
-0.024781,
-0.098034,
-0.022099,
-0.027835,
0.018485,
0.032281,
-0.066948,
0.049294,
0.048387,
-0.023125,
-0.076737,
0.020096,
0.040601,
-0.004540,
-0.040547,
-0.046865,
0.002195,
-0.001378,
0.018389,
-0.083097,
0.007913,
0.007814,
0.088988,
-0.125002,
-0.056425,
0.013255,
-0.005126,
-0.063612,
-0.068034,
0.052925,
0.052498,
-0.004424,
-0.085059,
-0.032991,
-0.026020,
-0.051640,
-0.006007,
-0.069833,
0.017535,
-0.085747,
-0.030433,
-0.110271,
0.041266,
-0.060689,
0.025019,
0.047861,
-0.020479,
0.042931,
0.007138,
-0.048601,
0.019568,
0.031477,
0.080227,
-0.049689,
0.040034,
0.045319,
-0.056250,
0.058490,
-0.014028,
0.015543,
-0.013775,
0.009976,
0.025169,
0.082845,
0.025846,
-0.051336,
0.006922,
0.052674,
-0.059274,
-0.003513,
0.093612,
0.015972,
0.114491,
0.021179,
0.056015,
0.069060,
-0.036610,
-0.045991,
0.056364,
0.011865,
0.039645,
-0.013529,
-0.099639,
-0.036226,
-0.011637,
0.032621,
0.008224,
-0.047797,
-0.012055,
-0.054224,
-0.046340,
-0.042372,
0.000936,
-0.007362,
-0.025105,
-0.042194,
-0.008251,
0.074404,
0.026421,
-0.035473,
-0.067840,
-0.025486,
-0.075857,
-0.000057,
-0.028778,
-0.026007,
-0.022099,
0.078601,
-0.035368,
0.016845,
0.019632,
0.075630,
0.027504,
-0.143327,
-0.011060,
0.093872,
0.033314,
0.065349,
0.001650,
0.083453,
-0.029260,
-0.040568,
-0.084301,
0.014521,
-0.062637,
-0.059180,
-0.022025,
-0.063920,
0.040337,
-0.163446,
0.028418,
0.006986,
0.001218,
0.005576,
0.028091,
0.036787,
-0.049025,
-0.017234,
0.041176,
-0.049459,
0.000826,
-0.020464,
0.030956,
-0.071042,
0.024555,
-0.000079,
-0.001635,
-0.079603,
-0.054680,
-0.075828,
0.066176,
-0.047102,
0.024034,
-0.018024,
0.088916,
-0.027876,
0.022334,
0.063485,
0.006383,
-0.011750,
0.008696,
-0.050386,
0.011467,
-0.001050,
-0.034612,
-0.113704,
-0.026378,
-0.051719,
-0.019009,
-0.082837,
0.012143,
0.093723,
0.037382,
0.049501,
0.052580,
0.030618,
0.022896,
-0.012678,
-0.090623,
-0.037241,
0.057727,
0.056446,
0.046078,
0.080096,
-0.042003,
0.083046,
-0.043348,
-0.059896,
0.012007,
0.063383,
0.001913,
0.069424,
-0.085808,
-0.060393,
-0.004444,
-0.071162,
-0.051225,
-0.027842,
0.046844,
-0.098868,
0.050986,
-0.040116,
-0.068343,
0.052029,
0.019549,
-0.054290,
0.048772,
0.003312,
0.041408,
-0.034797,
-0.018082,
-0.053318,
-0.037215,
-0.037276,
0.092369,
-0.114436,
-0.048983,
-0.083012,
-0.001853,
0.109792,
-0.045679,
-0.048455,
-0.004369,
0.060093,
-0.023360,
-0.079469,
-0.008829,
-0.005350,
-0.059251,
-0.061799,
-0.006700,
0.080006,
-0.020779,
0.058072,
-0.006863,
-0.002737,
0.046402,
0.039548,
-0.038527,
-0.013681,
0.047828,
-0.088054,
-0.050575,
0.028733,
-0.039303,
0.084680,
-0.092948,
0.064273,
0.061535,
-0.079593,
-0.045811,
0.050101,
0.010050,
-0.021239,
-0.008751,
0.049001,
-0.002594,
-0.130514,
-0.045527,
0.076989,
-0.039958,
-0.082119,
-0.085950,
-0.075074,
0.020981,
-0.011857,
0.008236,
0.066817,
0.021225,
-0.012372,
-0.033254,
-0.001513,
0.047074,
-0.073093,
0.070011,
-0.073610,
-0.060310,
-0.110097,
0.066405,
-0.074043,
-0.031932,
0.030269,
-0.009853,
0.042070,
0.037032,
-0.054049,
-0.042731,
-0.026181,
-0.000367,
-0.029198,
-0.018309,
-0.019031,
-0.048549,
-0.006279,
0.048564,
-0.035192,
0.010958,
0.075584,
-0.030304,
0.098287,
-0.019367,
0.008289,
-0.073112,
-0.054180,
-0.066673,
-0.085612,
-0.019782,
0.008327,
0.056682,
-0.017683,
-0.068628,
0.019465,
-0.012960,
0.018554,
-0.001040,
0.005335,
0.032364,
-0.001447,
-0.037717,
0.074144,
0.014413,
-0.090266,
-0.050145,
0.049554,
-0.032905,
-0.078650,
0.062422,
-0.056309,
-0.029104,
0.003121,
0.004855,
-0.059720,
-0.106600,
-0.066336,
-0.026108,
0.041962,
0.102399,
0.061716,
0.004844,
-0.063821,
0.078633,
0.016016,
-0.016531,
0.084212,
0.044981,
-0.011883,
0.077795,
0.075991,
-0.060551,
0.017885,
-0.021287,
0.066927,
-0.019952,
-0.041581,
0.063727,
-0.079225,
-0.066787,
0.047959,
0.040979,
0.019817,
-0.047114,
-0.087658,
0.063940,
0.096197,
0.006854,
-0.037132,
0.084481,
0.026620,
0.056881,
0.062470,
-0.061052,
0.014890,
0.037906,
0.008507,
0.094503,
-0.090260,
0.023261,
0.006318,
-0.044847,
-0.077484,
-0.022531,
0.043551,
0.041869,
0.063231,
0.071686,
-0.071569,
-0.048374,
0.006650,
-0.069974,
-0.034135,
0.077835,
0.061981,
-0.031111,
-0.076482,
0.050353,
-0.005521,
0.053755,
0.069104,
0.035248,
-0.052766,
0.003035,
-0.024496,
0.027124,
-0.035058,
0.053156,
0.036104,
0.078007,
-0.044198,
-0.023015,
-0.067318,
-0.031629,
0.016188,
0.067035,
0.044167,
-0.046205,
0.045223,
-0.028523,
-0.061601,
0.032356,
-0.012661,
0.017854,
-0.062516,
-0.025133,
0.054268,
-0.041515,
0.077731,
-0.019281,
0.015081,
-0.077838,
0.054067,
-0.055866,
-0.079751,
-0.083391,
-0.055708,
-0.021936,
0.004734,
-0.006397,
0.007791,
0.030602,
0.016929,
0.026193,
0.080836,
-0.054099,
-0.035471,
0.039767,
0.040334,
-0.057657,
-0.074942,
-0.067734,
0.067583,
0.001122,
-0.058362,
-0.052302,
0.064609,
0.073858,
-0.024965,
-0.043279,
0.005507,
0.070102,
0.038973,
-0.070427,
0.070034,
-0.016521,
0.057981,
-0.056120,
0.060999,
0.065700,
0.025402,
0.047472,
0.064463,
0.081950,
0.084098,
-0.026661,
-0.002309,
-0.035664,
0.031654,
0.046365,
0.029341,
-0.052888,
-0.073710,
0.015141,
0.076342,
-0.076967,
0.078137,
0.064335,
-0.005716,
0.083172,
0.055968,
0.078209,
0.026913,
-0.075326,
0.023062,
-0.013570,
0.006899,
-0.048795,
-0.049718,
0.003688,
-0.051574,
-0.085575,
0.034090,
0.043993,
-0.065156,
0.020316,
-0.026639,
-0.057262,
0.055968,
-0.064060,
-0.029069,
-0.064882,
0.069081,
0.028328,
-0.042904,
0.060515,
-0.009335,
0.086836,
0.026944,
0.042040,
0.058314,
-0.087470,
0.028560,
-0.038357,
0.008141,
0.039421,
0.025113,
-0.038294,
-0.032678,
0.078018,
0.061090,
-0.067516,
0.037374,
0.017878,
0.030649,
0.036395,
-0.013421,
-0.013898,
0.002703,
0.080287,
0.081165,
0.038868,
0.009804,
0.072021,
-0.031468,
-0.077118,
0.079809,
-0.012167,
-0.077886,
0.013320,
-0.036510,
-0.075345,
-0.048177,
0.036331,
-0.012662,
0.015500,
-0.022369,
-0.027960,
0.000656,
-0.044710,
0.000114,
-0.023302,
-0.014300,
0.060348,
-0.075226,
0.050088,
0.015995,
-0.080440,
-0.012801,
-0.003751,
-0.058764,
-0.045684,
-0.067369,
0.019410,
-0.066478,
0.024348,
0.037990,
-0.059523,
0.060366,
-0.021551,
0.004902,
0.044985,
0.036397,
0.001967,
-0.009446,
-0.057239,
0.084227,
0.056986,
-0.076915,
0.056039,
-0.012282,
0.027796,
0.065042,
-0.071716,
0.063157,
0.044353,
0.050086,
-0.042951,
0.029689,
-0.021236,
0.085171,
0.028246,
-0.074452,
-0.030390,
0.068842,
0.060386,
-0.037931,
-0.085817,
0.007382,
0.070129,
-0.069306,
0.012556,
0.012065,
0.003854,
-0.046482,
-0.051094,
0.061285,
-0.073291,
0.032864,
0.060088,
-0.004241,
0.080653,
0.076840,
0.082316,
-0.005496,
-0.065672,
-0.046820,
0.041926,
0.035102,
0.050108,
0.034271,
0.074196,
-0.041467,
0.041921,
0.051758,
-0.005669,
0.006815,
0.044509,
-0.081373,
0.071914,
-0.009146,
0.042238,
0.045742,
-0.053947,
-0.069982,
-0.027498,
0.008437,
0.000217,
0.026921,
0.024263,
0.070737,
0.027298,
-0.001682,
0.082128,
-0.009907,
-0.049800,
0.084138,
-0.042756,
-0.009438,
0.024327,
0.044766,
0.056291,
0.032588,
0.057286,
0.065495,
0.019256,
0.073527,
0.037948,
-0.070426,
-0.038897,
0.082737,
0.055107,
0.026813,
0.087073,
0.014544,
-0.001458,
-0.083951,
0.002079,
0.074009,
-0.054462,
-0.006649,
-0.018548,
-0.113650,
0.001007,
0.067096,
-0.048838,
0.090411,
-0.047887,
-0.017740,
0.028611,
-0.057064,
-0.046640,
-0.020525,
0.002927,
0.051588,
-0.023580,
0.087878,
-0.053832,
0.013355,
0.030221,
-0.068662,
-0.039160,
0.031385,
0.083226,
-0.105591,
-0.085818,
-0.057210,
0.002997,
-0.052888,
0.036156,
-0.015280,
-0.062360,
0.069211,
-0.063090,
-0.071580,
-0.047269,
0.023944,
-0.078933,
-0.037314,
-0.055341,
-0.024903,
-0.074908,
-0.043537,
0.016005,
-0.085102,
0.057214,
-0.063272,
-0.005438,
0.034689,
-0.049919,
-0.003596,
0.015865,
-0.015900,
-0.044655,
0.047751,
0.012149,
-0.005121,
-0.030408,
-0.033604,
0.077973,
-0.023374,
0.005688,
-0.073313,
0.021614,
-0.028148,
0.043492,
-0.084139,
-0.007213,
0.081044,
-0.052708,
0.081482,
0.042626,
0.050529,
0.062136,
-0.067008,
-0.006019,
-0.019003,
0.040938,
-0.068447,
0.087857,
0.000224,
0.048378,
-0.109315,
-0.003576,
-0.060267,
-0.028594,
-0.011196,
0.019383,
-0.007128,
-0.083879,
0.012606,
-0.070849,
-0.064871,
-0.035879,
-0.018297,
0.000483,
0.038300,
0.038496,
-0.064520,
-0.083610,
0.094453,
-0.060101,
-0.067023,
-0.027094,
0.019380,
0.065068,
0.023959,
-0.021417,
0.004499,
0.020103,
-0.098320,
0.050912,
0.063138,
-0.054374,
-0.025771,
-0.028871,
0.009295,
0.011094,
0.025379,
-0.075033,
-0.004344,
0.010095,
-0.072510,
-0.022719,
0.019136,
-0.026412,
0.042263,
-0.091419,
0.025188,
0.048515,
-0.024936,
0.017785,
-0.058696,
-0.016821,
-0.021796,
-0.067959,
0.086418,
-0.080910,
-0.075555,
-0.062832,
0.006005,
-0.104272,
-0.064555,
-0.034035,
-0.068768,
-0.009847,
-0.056735,
0.060828,
0.038635,
-0.024385,
-0.090340,
0.052026,
-0.097451,
-0.039961,
0.039373,
-0.042645,
-0.064604,
-0.030637,
0.063472,
0.036009,
0.006825,
-0.000371,
-0.068059,
0.040344,
-0.032646,
0.023520,
-0.013170,
-0.062132,
-0.008944,
-0.069025,
0.048084,
0.079416,
-0.018325,
0.041167,
-0.102666,
-0.040751,
0.009807,
0.086128,
0.001928,
0.050712,
0.042471,
-0.120602,
-0.064050,
0.038621,
-0.061203,
-0.048393,
-0.017538,
-0.069954,
0.058171,
-0.028760,
0.015273,
-0.101460,
-0.070277,
0.051536,
-0.190279,
0.062204,
-0.055559,
-0.059631,
-0.010470,
0.042827,
-0.010364,
0.070425,
-0.040845,
-0.026449,
-0.054091,
-0.028069,
0.036903,
0.053960,
-0.015660,
0.002158,
0.009575,
0.015821,
0.007558,
-0.042628,
-0.093581,
0.131704,
-0.052664,
-0.064216,
0.035978,
-0.021283,
-0.036652,
-0.029309,
0.012762,
0.041876,
0.000353,
0.053013,
-0.018666,
0.052761,
0.052535,
0.041518,
-0.054123,
-0.047719,
-0.015226,
-0.008281,
-0.027210,
-0.059981,
-0.059109,
0.070032,
-0.033712,
0.051365,
0.018392,
-0.058556,
0.050342,
0.042475,
0.077913,
-0.010360,
-0.139942,
-0.033748,
0.020176,
-0.083675,
0.050998,
0.032567,
-0.050610,
0.045255,
-0.025576,
-0.036683,
0.013795,
-0.022797,
-0.188571,
-0.065940,
0.040949,
-0.074068,
-0.049585,
0.092244,
0.019610,
0.034316,
0.083873,
0.041036,
-0.025785,
-0.051128,
-0.100421,
-0.040321,
0.083319,
0.043317,
-0.101422,
0.050504,
-0.024121,
0.060261,
0.016176,
-0.025737,
-0.000511,
0.069795,
-0.009413,
0.097166,
0.103095,
0.080789,
0.064452,
-0.030805,
0.026174,
-0.057202,
-0.066233,
-0.052643,
-0.043353,
-0.015504,
-0.002514,
-0.069412,
-0.063695,
0.049894,
-0.027503,
-0.026263,
-0.030118,
0.075694,
-0.043161,
-0.098416,
-0.050914,
0.028320,
-0.033528,
0.008668,
0.056922,
0.029733,
-0.152757,
0.021774,
-0.042400,
0.007168,
0.033300,
-0.015400,
0.033280,
-0.006803,
-0.089439,
-0.003122,
-0.015096,
0.109215,
-0.069246,
0.049325,
-0.056643,
0.017548,
-0.007747,
0.058349,
-0.065385,
0.072413,
0.048028,
0.060432,
-0.095712,
-0.054572,
-0.027301,
0.050013,
0.038053,
-0.012534,
-0.089272,
0.039542,
-0.051768,
0.037537,
0.010002,
0.078471,
-0.100738,
-0.024897,
0.089258,
-0.043080,
0.007763,
0.086037,
0.046421,
-0.072531,
0.076017,
0.073003,
-0.012910,
0.102472,
0.007192,
0.063271,
0.051819,
-0.119539,
-0.051964,
-0.003961,
0.038368,
-0.070874,
0.041894,
0.038714,
0.031368,
0.056940,
0.077167,
-0.031789,
-0.024245,
-0.005902,
0.046064,
0.035010,
-0.238634,
-0.061238,
0.062237,
-0.029613,
-0.070896,
-0.042319,
-0.035882,
-0.108887,
-0.019317,
-0.000365,
0.016715,
-0.050664,
-0.165031,
-0.012773,
-0.051975,
-0.033602,
0.001413,
0.106037,
-0.014568,
0.014954,
0.086078,
0.008052,
-0.081559,
0.002849,
-0.016362,
-0.060642,
0.149251,
-0.082859,
0.043463,
-0.030779,
0.023005,
-0.060596,
-0.019296,
-0.062368,
-0.014611,
-0.019578,
-0.043718,
-0.053137,
0.001128,
0.036670,
-0.013494,
0.071802,
0.029624,
-0.031719,
-0.026072,
0.069308,
-0.019528,
0.020595,
0.003672,
-0.119851,
0.027450,
0.074598,
-0.107705,
0.020974,
0.009064,
-0.007021,
0.096766,
-0.050872,
0.045498,
0.010911,
0.012643,
0.106063,
0.011165,
-0.081420,
-0.197497,
-0.057832,
-0.056455,
0.008933,
-0.083327,
0.007405,
-0.056086,
-0.071244,
-0.049177,
-0.095111,
0.026756,
0.039127,
-0.010651,
-0.039271,
0.033096,
0.081658,
-0.017288,
0.029464,
-0.069265,
0.053767,
-0.036057,
0.095965,
-0.034143,
-0.004926,
-0.103827,
0.002718,
0.014144,
-0.017612,
-0.038899,
0.048725,
-0.006865,
-0.003116,
0.073039,
-0.042869,
-0.042746,
0.008401,
-0.096497,
-0.024941,
0.009179,
0.024898,
0.053177,
0.022025,
0.101878,
-0.011802,
-0.053457,
0.038089,
0.014963,
0.074261,
-0.014345,
-0.119753,
0.000716,
0.014153,
0.043342,
0.019714,
-0.004857,
-0.085216,
-0.028065,
0.060690,
0.003859,
0.000951,
-0.003707,
-0.018530,
0.054015,
0.076950,
-0.238493,
-0.011353,
0.114924,
0.085958,
-0.021490,
0.044271,
-0.047913,
-0.043870,
0.091802,
-0.040897,
0.079915,
-0.032713,
-0.038090,
-0.042522,
0.053321,
-0.006258,
-0.036582,
0.086507,
-0.072038,
0.067541,
0.102727,
0.054699,
-0.057561,
0.021259,
0.040555,
-0.047980,
-0.033683,
-0.065519,
0.007242,
0.099847,
0.012085,
0.005236,
0.090462,
-0.018684,
0.013079,
-0.060787,
-0.179110,
-0.073384,
0.115874,
-0.041233,
-0.007104,
0.062930,
-0.059467,
-0.033384,
0.064676,
-0.041044,
0.051888,
0.003221,
-0.037625,
-0.119172,
0.023900,
0.047804,
0.055439,
-0.076665,
0.020133,
-0.104629,
0.060960,
0.054308,
0.069783,
-0.047794,
0.026991,
-0.052773,
-0.005696,
-0.060867,
-0.139880,
-0.125444,
-0.025196,
0.073322,
0.010926,
0.045437,
-0.056847,
-0.056856,
-0.009952,
-0.015415,
0.009169,
0.020195,
-0.025302,
0.027611,
0.067435,
0.042561,
0.078703,
0.100469,
0.038231,
0.027923,
0.049000,
0.015841,
0.022989,
0.037639,
-0.059080,
-0.093305,
-0.077165,
0.062190,
0.167696,
0.094847,
-0.032933,
0.002395,
-0.000536,
0.011038,
-0.009102,
0.033868,
-0.103104,
-0.029056,
0.091345,
0.076852,
-0.050647,
-0.030943,
-0.106401,
0.039039,
-0.012061,
0.007726,
0.095329,
0.027250,
-0.074165,
-0.030864,
-0.046912,
0.038819,
-0.006794,
0.025577,
0.006841,
0.007510,
0.023821,
-0.002690,
-0.049706,
-0.002159,
-0.023074,
0.038701,
-0.036277,
0.003067,
-0.109163,
-0.105184,
-0.085504,
-0.046984,
-0.013694,
-0.033698,
-0.019278,
-0.073722,
0.044600,
-0.075096,
0.019700,
0.058329,
0.002402,
0.012132,
-0.051691,
0.044321,
0.092548,
0.094823,
0.010747,
0.100933,
-0.026490,
0.014660,
0.078926,
-0.058804,
-0.037098,
-0.099613,
-0.041869,
-0.012526,
0.148682,
0.076478,
0.093600,
-0.058839,
0.012605,
-0.018970,
-0.010911,
0.098119,
-0.079344,
-0.065413,
-0.015562,
0.044424,
-0.009100,
0.059422,
0.003895,
-0.112845,
-0.051429,
0.020583,
-0.013230,
0.003685,
0.069646,
-0.014220,
0.047769,
0.156416,
0.085313,
0.049774,
0.003759,
0.016358,
0.087334,
-0.065165,
0.036273,
0.004795,
-0.060322,
0.055120,
-0.018351,
0.008651,
-0.044124,
0.023604,
-0.029714,
-0.077286,
-0.009911,
-0.058809,
-0.033158,
-0.073271,
0.101508,
0.123036,
-0.001133,
-0.035167,
-0.103876,
0.094821,
-0.028915,
0.000951,
0.084167,
0.016568,
-0.020180,
0.041230,
-0.108337,
-0.038138,
0.063373,
-0.027432,
0.005753,
-0.087891,
0.025784,
-0.092291,
0.125106,
0.038544,
0.055180,
0.052319,
0.005066,
0.015552,
0.006404,
0.062790,
0.010357,
0.092554,
0.039188,
-0.036749,
-0.041567,
-0.030410,
0.020484,
0.060091,
0.003876,
-0.069294,
-0.001723,
0.073497,
0.025957,
-0.018454,
0.029256,
0.139526,
0.063370,
0.021826,
-0.066619,
-0.043195,
0.083813,
-0.060382,
0.031459,
-0.021878,
0.006476,
-0.020226,
0.000385,
-0.053597,
0.018735,
0.080282,
0.043241,
-0.008177,
-0.037015,
-0.152844,
0.025234,
-0.055746,
0.070731,
0.000607,
0.034561,
-0.020276,
0.086208,
0.003424,
0.055705,
-0.049059,
-0.031478,
0.121219,
-0.002751,
0.044919,
-0.052393,
-0.073797,
-0.032653,
-0.086665,
0.032831,
0.090429,
0.030532,
-0.130194,
-0.034085,
0.024316,
0.074289,
0.074418,
0.031837,
0.081683,
0.039607,
-0.032457,
0.081597,
0.004709,
0.013357,
-0.017368,
0.034339,
0.068377,
0.006271,
0.101470,
-0.044593,
0.029107,
0.113952,
0.067365,
0.018803,
0.009334,
-0.027189,
0.046608,
-0.005398,
-0.023819,
0.021021,
0.045104,
-0.015344,
-0.082246,
-0.024308,
0.002855,
-0.097192,
-0.014314,
-0.065023,
0.043315,
0.023013,
0.092260,
-0.018851,
-0.018189,
0.085859,
0.039240,
-0.101382,
-0.006443,
0.029431,
-0.003044,
-0.007169,
0.001928,
0.050905,
0.025162,
0.046929,
0.039912,
0.056176,
0.052908,
-0.047725,
-0.008265,
-0.000549,
-0.046378,
-0.078766,
0.001037,
0.021866,
0.044370,
0.065811,
-0.098252,
0.064035,
0.053042,
0.108982,
-0.020530,
0.014488,
0.097266,
-0.023963,
0.053473,
0.070592,
-0.045185,
0.020064,
-0.040673,
-0.094814,
0.093810,
0.037225,
-0.030281,
-0.046862,
0.014586,
0.019065,
0.005256,
-0.041622,
0.030664,
0.041310,
0.083650,
-0.018509,
0.028955,
0.049595,
0.094336,
0.041761,
0.047528,
0.066190,
-0.016661,
-0.077780,
0.091894,
-0.065182,
0.078757,
-0.007486,
-0.026980,
0.052822,
0.021665,
0.024720,
-0.100849,
-0.096709,
0.075874,
0.050943,
-0.020401,
-0.065446,
0.029980,
-0.006128,
0.094755,
-0.094596,
-0.096402,
0.033310,
0.060673,
-0.112350,
0.066754,
-0.032760,
0.032891,
-0.058591,
-0.078201,
0.000337,
0.045938,
0.066169,
0.035519,
-0.050575,
-0.073206,
0.050691,
-0.060103,
-0.030866,
0.032615,
0.003174,
-0.007303,
-0.088982,
0.070735,
0.029893,
-0.077083,
-0.077046,
0.124459,
-0.046995,
-0.135576,
0.037418,
0.015587,
0.016001,
-0.055795,
-0.042072,
-0.043039,
-0.015030,
-0.024172,
0.012381,
-0.004457,
0.015443,
0.011169,
0.106569,
0.028959,
0.027588,
-0.052630,
-0.027818,
0.014244,
0.058926,
0.029759,
-0.041296,
-0.089234,
0.056931,
-0.012327,
-0.015437,
0.017913,
-0.076266,
-0.010937,
-0.099245,
0.023839,
-0.125779,
0.026200,
-0.089651,
0.095872,
-0.109889,
-0.038830,
0.035377,
0.129899,
-0.001952,
-0.040396,
-0.014114,
0.011310,
-0.055074,
0.043116,
0.034115,
0.076888,
-0.005073,
-0.038331,
-0.051686,
0.044921,
0.031629,
-0.044921,
0.015053,
0.010708,
0.061621,
0.004717,
-0.003388,
-0.090165,
-0.067128,
-0.059558,
0.005509,
-0.054587,
0.017858,
-0.110789,
0.008106,
-0.036550,
-0.044063,
-0.036641,
0.017543,
-0.046466,
0.030291,
0.013321,
0.019027,
-0.043374,
0.079994,
-0.013907,
0.029017,
-0.045420,
-0.014628,
0.020542,
-0.090906,
-0.027629,
-0.083612,
-0.051929,
-0.030254,
-0.110687,
0.019137,
-0.064816,
0.066473,
-0.065003,
0.053486,
-0.036247,
0.021662,
-0.062846,
-0.106134,
-0.004204,
0.061207,
0.050996,
-0.130168,
-0.044779,
-0.066346,
0.146455,
-0.102048,
0.090807,
0.082573,
0.040269,
0.019759,
0.047707,
0.017259,
-0.003226,
-0.059412,
0.026363,
-0.088556,
-0.002382,
-0.049649,
0.017280,
-0.037537,
0.053032,
0.085438,
0.039359,
-0.009070,
-0.071292,
-0.042166,
0.009268,
0.086701,
-0.051903,
-0.068507,
-0.106260,
0.011235,
-0.009845,
-0.155044,
0.059260,
0.078584,
-0.072284,
-0.016949,
-0.042431,
0.023430,
-0.075798,
-0.060223,
-0.012679,
-0.025775,
-0.102644,
0.082015,
-0.001051,
-0.070081,
0.019304,
-0.039441,
0.102738,
-0.027202,
-0.090322,
-0.049639,
0.104733,
0.038521,
-0.046688,
-0.072903,
0.052913,
-0.099100,
0.033816,
-0.130895,
-0.055353,
-0.071029,
0.093211,
-0.132047,
0.040142,
-0.010010,
0.028148,
0.081032,
0.004222,
-0.028418,
-0.032003,
-0.057761,
0.003864,
-0.010574,
-0.042449,
-0.056125,
-0.054436,
0.004538,
-0.039956,
0.021175,
-0.076231,
0.071791,
0.000667,
-0.076223,
-0.061822,
-0.085918,
0.046399,
-0.123995,
0.121752,
0.070223,
0.014539,
0.009407,
-0.024220,
0.071283,
0.023552,
-0.030586,
-0.020033,
0.039182,
-0.007404,
0.043963,
-0.011118,
-0.052360,
-0.056489,
0.045569,
-0.023825,
-0.002609,
-0.030612,
0.016920,
-0.054286,
0.002925,
0.058150,
-0.002884,
0.085371,
0.082142,
0.028107,
-0.007734,
0.046229,
-0.076610,
-0.057810,
-0.011743,
-0.041387,
0.038021,
-0.023301,
-0.064282,
-0.032531,
0.091753,
0.068176,
-0.079095,
-0.019414,
-0.060494,
0.036756,
0.046485,
0.051967,
-0.016383,
0.053552,
-0.086650,
0.067817,
-0.002162,
-0.013554,
-0.009608,
0.050240,
-0.054680,
-0.033382,
-0.022617,
0.040966,
0.062837,
-0.051972,
0.054276,
-0.065448,
0.043871,
0.064693,
-0.028538,
-0.007560,
0.024515,
-0.098445,
-0.017896,
-0.080810,
0.012519,
-0.022815,
-0.054134,
0.049254,
0.041470,
-0.098244,
0.017729,
-0.063287,
-0.044479,
-0.035434,
-0.036695,
0.015159,
-0.067605,
0.033581,
-0.048289,
0.009701,
-0.029367,
-0.018422,
-0.068356,
0.031179,
0.091677,
0.072229,
0.040715,
0.000596,
0.048691,
-0.044082,
-0.089069,
-0.121549,
-0.095874,
-0.062144,
0.010136,
0.060704,
-0.045141,
0.038223,
0.025053,
0.052506,
0.073409,
-0.028155,
0.006694,
-0.081887,
-0.055203,
-0.044370,
-0.014644,
-0.003942,
0.001790,
-0.094988,
-0.020566,
-0.015457,
0.009878,
-0.012542,
0.032564,
0.041012,
-0.034840,
-0.087845,
0.017334,
0.067670,
-0.027677,
0.007743,
-0.045906,
0.025808,
0.047419,
-0.113175,
0.031800,
-0.035552,
-0.038277,
-0.034188,
-0.063373,
0.020868,
0.042398,
-0.022522,
-0.033640,
0.011795,
-0.022392,
0.080730,
0.034272,
-0.011557,
0.005653,
-0.046130,
0.055219,
-0.047128,
-0.031151,
0.087724,
0.019891,
0.068322,
-0.049531,
0.003621,
0.009439,
0.030674,
0.032811,
-0.003274,
0.019486,
-0.098647,
-0.058482,
-0.054444,
0.029208,
0.038092,
-0.036927,
0.020781,
0.022974,
0.028944,
-0.033935,
0.003883,
0.057028,
0.021206,
-0.052373,
-0.012517,
-0.029555,
-0.037764,
-0.025861,
0.034370,
-0.048445,
-0.078376,
-0.050153,
0.022317,
0.052920,
-0.067395,
0.066802,
-0.039182,
0.024167,
0.062791,
0.026622,
0.052079,
-0.057512,
0.100148,
0.022507,
-0.002526,
0.005960,
-0.044936,
-0.052101,
-0.017528,
0.047563,
-0.040976,
-0.006939,
-0.114657,
0.054514,
-0.062785,
-0.025308,
-0.055261,
0.058535,
-0.091699,
-0.054693,
-0.070468,
0.041699,
-0.052673,
-0.103677,
0.033072,
-0.008286,
-0.017396,
0.037602,
0.068497,
-0.005822,
0.054079,
0.061284,
-0.051230,
-0.075828,
-0.108246,
-0.004805,
0.042647,
-0.059086,
0.043516,
-0.079612,
-0.092456,
-0.009712,
0.082972,
-0.007707,
-0.024675,
0.116954,
0.059872,
-0.041683,
-0.017712,
0.028545,
0.035500,
0.075411,
-0.030071,
-0.044016,
0.072105,
-0.041793,
-0.067827,
0.063210,
0.021745,
0.016662,
0.036713,
0.036602,
-0.037189,
0.029784,
0.005335,
-0.099327,
0.027612,
-0.065277,
-0.067920,
0.039004,
0.007878,
-0.093645,
0.063695,
0.012208,
0.071124,
-0.031658,
0.009285,
-0.027686,
0.030639,
-0.055347,
-0.000152,
-0.081309,
-0.059839,
-0.018328,
-0.035621,
-0.013335,
-0.037699,
-0.085779,
-0.032819,
0.095859,
0.089264,
0.025922,
0.065957,
-0.058157,
0.024526,
-0.085071,
-0.017280,
0.063534,
-0.011099,
-0.091154,
0.045763,
-0.006691,
-0.003430,
-0.063539,
-0.091735,
0.054183,
-0.042471,
-0.007999,
0.069912,
0.029396,
-0.017874,
-0.086751,
0.059331,
-0.011173,
0.012489,
0.044886,
-0.051485,
-0.041151,
0.070652,
-0.103193,
-0.013355,
0.014524,
-0.048891,
0.011949,
-0.068171,
0.053710,
0.034744,
0.015875,
0.056246,
-0.020851,
0.063526,
0.025594,
0.073746,
-0.031467,
0.090045,
-0.089743,
0.043485,
0.014030,
0.073706,
0.093035,
-0.048353,
-0.071998,
0.051211,
0.041521,
0.086473,
0.045184,
0.008027,
-0.065722,
-0.070954,
0.040557,
0.078190,
0.080374,
-0.011905,
0.008882,
0.036028,
-0.006016,
0.029270,
-0.008708,
0.081341,
0.042875,
0.032548,
0.070663,
-0.026079,
0.052049,
-0.011509,
-0.057176,
-0.037972,
-0.034342,
-0.090614,
0.052420,
0.000129,
0.048966,
0.023755,
-0.033802,
-0.038110,
0.044788,
-0.003304,
-0.015443,
0.046576,
0.001577,
-0.064567,
0.062527,
-0.060752,
-0.053697,
-0.052469,
-0.066806,
0.009617,
-0.027658,
0.017988,
-0.050006,
0.065083,
0.045503,
-0.022648,
0.034188,
0.042624,
0.059622,
-0.033325,
0.045853,
-0.032426,
0.074574,
-0.058905,
-0.031630,
0.045260,
0.011157,
-0.025084,
0.025824,
-0.042275,
-0.069347,
0.079432,
-0.033875,
0.065908,
-0.016151,
-0.020139,
0.029514,
-0.043674,
-0.021922,
-0.079408,
0.055861,
0.068560,
-0.047557,
0.065091,
0.039018,
-0.007720,
-0.064131,
-0.066473,
-0.031925,
0.011377,
-0.079120,
0.081255,
0.002844,
0.015409,
0.034615,
0.054349,
0.004196,
0.088864,
-0.038544,
0.010370,
-0.064929,
-0.079310,
-0.069506,
-0.078644,
0.038987,
-0.031840,
0.064098,
0.009731,
-0.012244,
0.022883,
0.043712,
-0.014495,
0.001804,
0.002995,
-0.042046,
-0.007157,
0.066460,
-0.077896,
0.031627,
-0.025257,
-0.090044,
0.011474,
0.054554,
-0.071824,
0.016697,
-0.010024,
-0.065141,
0.003602,
-0.033873,
-0.001855,
0.052371,
0.012334,
-0.005534,
-0.008707,
0.036748,
-0.004683,
0.059545,
0.002732,
0.004562,
0.037062,
-0.075852,
-0.009145,
0.057859,
0.043112,
0.035629,
-0.088478,
-0.002653,
-0.047903,
-0.073134,
0.035725,
-0.036649,
-0.033014,
0.085134,
-0.014367,
-0.077856,
0.042628,
-0.021604,
0.007903,
-0.081607,
-0.022271,
-0.073979,
-0.058228,
-0.008936,
0.077608,
-0.022176,
0.045791,
0.056928,
-0.083160,
-0.004757,
0.080146,
-0.043560,
0.016993,
-0.044307,
0.040568,
-0.043070,
0.083201,
0.035040,
-0.048685,
0.045176,
-0.058095,
-0.005828,
0.057955,
-0.000524,
-0.038846,
0.008307,
-0.034338,
0.022473,
-0.049422,
0.036102,
-0.050163,
-0.042435,
-0.035458,
0.083756,
0.087135,
-0.037172,
0.077755,
0.081366,
0.068887,
-0.046669,
0.076147,
-0.087909,
0.050996,
-0.061055,
-0.060465,
-0.071149,
0.007474,
0.062679,
-0.071340,
-0.012655,
0.032490,
-0.073282,
0.065322,
-0.023074,
-0.062728,
0.067879,
0.000096,
-0.069509,
-0.035322,
-0.078128,
-0.000046,
-0.056609,
-0.022163,
0.072646,
0.008356,
-0.082864,
-0.000136,
-0.019531,
-0.078488,
0.019696,
0.013087,
-0.012358,
-0.009634,
-0.051199,
0.042736,
0.052501,
-0.021659,
0.003020,
0.072615,
0.011494,
0.068609,
-0.070371,
0.041385,
-0.019443,
0.053192,
0.006258,
0.032797,
0.038170,
-0.025839,
0.027235,
-0.071646,
0.024972,
-0.001488,
0.027317,
0.042886,
0.005239,
-0.056907,
0.044530,
-0.038070,
-0.066367,
0.033794,
0.015983,
-0.021577,
0.057413,
0.058332,
0.010644,
-0.090717,
0.081600,
0.027582,
-0.082199,
-0.060387,
-0.077509,
-0.061771,
-0.036451,
-0.018181,
0.081180,
-0.005451,
-0.060049,
0.040494,
-0.020191,
0.049053,
0.051374,
0.035838,
0.076690,
-0.059071,
0.004108,
-0.014795,
0.070373,
-0.079719,
0.053567,
0.084477,
-0.058281,
0.059424,
0.048033,
0.090307,
0.088849,
-0.076966,
-0.025087,
-0.096786,
-0.049390,
0.001897,
-0.067665,
-0.068038,
0.064042,
-0.066202,
-0.054473,
-0.022086,
0.046386,
0.058835,
0.007164,
0.043584,
-0.038138,
0.072455,
-0.051300,
0.006044,
0.027483,
0.068404,
-0.087261,
0.034497,
-0.053659,
0.026832,
0.024556,
0.064500,
-0.034269,
0.047046,
-0.000661,
-0.075894,
-0.003344,
0.032339,
0.053099,
0.068652,
-0.040636,
-0.078332,
0.047437,
-0.035014,
0.024298,
0.077405,
-0.045937,
0.045355,
0.076325,
-0.074288,
-0.030508,
0.088412,
0.011065,
0.029166,
-0.071376,
0.026501,
0.025862,
-0.052356,
-0.050144,
-0.028274,
-0.068143,
0.008517,
-0.000982,
-0.030528,
-0.011537,
-0.065252,
0.068293,
-0.059121,
-0.003294,
0.031294,
-0.043775,
-0.022408,
-0.079198,
-0.064540,
0.072554,
0.072399,
-0.096512,
0.058001,
0.082748,
-0.011637,
0.009323,
0.108052,
-0.113810,
-0.038567,
0.065855,
0.071886,
0.062448,
0.003203,
-0.027780,
-0.014063,
0.017784,
-0.028239,
0.066971,
-0.046112,
0.069686,
-0.061218,
0.034353,
-0.000718,
0.044094,
-0.045723,
-0.021741,
-0.012348,
0.051881,
0.071705,
-0.012210,
-0.033637,
-0.087484,
0.047290,
-0.049800,
-0.066679,
-0.010510,
-0.015593,
0.089972,
-0.038860,
0.033379,
-0.069229,
0.067294,
0.043893,
0.062065,
-0.045687,
-0.024604,
0.005079,
-0.028898,
0.006192,
-0.096489,
-0.009141,
-0.090071,
0.076745,
0.009323,
-0.095442,
0.068601,
0.089867,
0.077937,
0.029607,
-0.012464,
0.018437,
0.029118,
0.085652,
0.078983,
-0.062915,
0.019069,
0.036598,
-0.003041,
-0.068188,
0.021312,
-0.040153,
-0.081845,
0.013651,
-0.081842,
-0.040033,
-0.084195,
-0.059246,
0.073412,
-0.068946,
-0.072832,
0.075468,
-0.026703,
0.022106,
0.027139,
-0.030725,
0.036524,
-0.075731,
0.019379,
0.033635,
0.094750,
0.102973,
0.069110,
0.072020,
0.012044,
-0.042648,
-0.088976,
-0.044038,
-0.005497,
0.003040,
-0.075186,
-0.076082,
0.092427,
0.068518,
0.034579,
0.035981,
-0.075059,
-0.063955,
0.033143,
0.037047,
-0.091471,
0.000210,
-0.046301,
0.041249,
-0.001422,
0.027391,
0.075282,
0.050564,
-0.009564,
0.015322,
-0.027913,
0.029272,
-0.077267,
-0.031663,
0.053059,
-0.072777,
0.016448,
0.034784,
0.021250,
0.033313,
-0.033675,
0.081239,
-0.006342,
-0.047939,
0.046101,
-0.018879,
-0.133275,
-0.017448,
-0.024482,
-0.028884,
0.043229,
-0.015680,
-0.020158,
-0.088409,
-0.035556,
0.077089,
-0.048417,
0.015624,
0.074802,
-0.051203,
0.014594,
0.034897,
0.062341,
0.039964,
0.020683,
0.014311,
-0.022613,
-0.040279,
-0.009232,
-0.033764,
0.076116,
-0.056438,
0.027593,
-0.079341,
-0.089549,
-0.023803,
0.022916,
0.037141,
0.036368,
-0.071695,
0.005500,
0.013218,
0.068009,
-0.054677,
-0.016009,
0.056522,
-0.098743,
-0.013072,
-0.049755,
0.012368,
0.066019,
0.015850,
-0.001840,
-0.042116,
-0.018656,
-0.008819,
-0.004716,
0.023475,
0.004634,
-0.013794,
-0.029360,
0.098277,
0.105633,
-0.019129,
-0.032931,
0.080488,
-0.012995,
0.003927,
-0.044072,
0.080218,
-0.027390,
-0.073307,
0.080336,
0.025133,
0.010481,
0.002034,
-0.030795,
0.075032,
-0.035878,
-0.008415,
-0.057126,
0.079910,
0.036430,
0.000529,
0.019724,
0.002859,
0.021416,
-0.051681,
0.011488,
0.084037,
-0.023676,
-0.066827,
0.006202,
-0.095555,
-0.025994,
0.042380,
0.064031,
0.024589,
0.017290,
-0.119018,
0.035024,
0.023012,
0.012652,
-0.089427,
-0.020698,
-0.077210,
-0.037827,
0.028589,
-0.072845,
-0.011153,
0.046358,
-0.037877,
-0.126167,
-0.035244,
-0.067509,
-0.025848,
0.066350,
0.024123,
0.059491,
-0.026588,
-0.014786,
0.053944,
-0.081668,
-0.031591,
-0.006814,
0.078078,
-0.014320,
0.005064,
-0.137068,
0.078772,
0.018379,
0.002099,
-0.051043,
-0.075031,
0.022227,
-0.074987,
-0.022389,
0.077708,
0.002707,
0.016857,
0.065745,
-0.046347,
0.102877,
-0.028516,
-0.062371,
-0.012722,
0.100929,
0.042962,
0.001131,
-0.128660,
0.091418,
0.002797,
-0.057365,
-0.064164,
-0.036319,
-0.019503,
-0.047875,
-0.025987,
0.042392,
0.037301,
0.064798,
0.035535,
0.049742,
0.006818,
-0.080133,
-0.032066,
0.022966,
-0.000809,
-0.058818,
0.059508,
0.004899,
0.003031,
-0.198139,
-0.073981,
-0.005629,
-0.037278,
-0.035237,
-0.010054,
-0.011307,
-0.018701,
-0.074658,
-0.019095,
-0.005720,
0.084947,
0.059501,
0.056383,
-0.081920,
-0.072099,
-0.055501,
-0.053654,
0.087249,
0.018083,
-0.128325,
-0.052736,
0.006736,
-0.085512,
-0.048680,
0.052249,
-0.037716,
-0.001390,
0.011549,
0.016344,
0.018599,
0.101183,
-0.030304,
0.074127,
0.038252,
-0.069102,
-0.044261,
0.091706,
-0.015243,
-0.006507,
-0.086592,
-0.089632,
-0.004311,
-0.026944,
0.046491,
0.030135,
0.056051,
-0.075463,
0.084223,
-0.074878,
-0.020858,
-0.056644,
-0.048900,
-0.039715,
0.059049,
0.036158,
-0.104659,
-0.015126,
-0.000617,
-0.002953,
0.035335,
0.057098,
0.057716,
-0.094726,
-0.093259,
-0.112059,
-0.071909,
0.040602,
-0.051034,
0.050156,
-0.001547,
0.028572,
0.090076,
0.022002,
0.035374,
0.041892,
0.046792,
-0.001378,
-0.127815,
-0.030072,
-0.021795,
0.015062,
0.147561,
-0.048870,
-0.009152,
0.086516,
-0.026339,
-0.010284,
0.015914,
0.031380,
0.026016,
-0.040093,
0.036581,
0.025736,
0.086399,
-0.048912,
0.046456,
0.009485,
0.076041,
-0.034204,
0.000818,
0.005140,
0.067155,
0.013160,
-0.077472,
0.018538,
0.013991,
0.023350,
-0.020320,
-0.075588,
-0.028590,
-0.068962,
0.018750,
0.060419,
0.095579,
-0.026027,
0.032721,
-0.027572,
0.032872,
-0.037319,
-0.203056,
-0.016965,
0.012605,
0.060016,
-0.073946,
0.058995,
-0.075408,
0.014280,
-0.214035,
-0.044888,
0.002023,
0.044826,
-0.075874,
0.050323,
-0.088529,
-0.046189,
0.058881,
0.152748,
-0.100759,
0.074610,
0.078155,
0.068641,
-0.100440,
0.069693,
-0.028501,
-0.028051,
-0.054762,
0.017932,
-0.073594,
0.019214,
-0.004541,
-0.046906,
-0.007800,
-0.052248,
-0.012056,
0.030599,
0.030702,
-0.052305,
-0.003756,
0.079064,
0.070448,
0.053742,
0.023541,
0.047474,
-0.010974,
0.033654,
0.007806,
-0.063531,
-0.016940,
-0.145893,
0.079550,
-0.000071,
0.020904,
-0.008508,
-0.040800,
-0.047957,
-0.002134,
0.052095,
-0.008808,
0.012106,
0.017347,
-0.046323,
0.061331,
0.034165,
-0.199712,
-0.116867,
0.021420,
0.033925,
-0.049918,
0.078444,
0.075070,
-0.051823,
-0.127346,
-0.105360,
0.028975,
-0.078366,
-0.061016,
-0.042824,
-0.001488,
0.096352,
0.020304,
0.004994,
-0.103718,
0.003579,
0.016845,
0.004000,
-0.113196,
-0.052548,
-0.075564,
-0.132659,
-0.066226,
-0.051490,
0.019956,
-0.006656,
0.012662,
-0.045357,
0.009881,
0.034178,
-0.025198,
0.027643,
-0.062250,
-0.082960,
0.034694,
-0.060330,
0.063353,
0.003979,
0.095336,
-0.069443,
0.010910,
0.024356,
0.058197,
-0.047265,
-0.095292,
-0.056882,
-0.004627,
0.117986,
-0.087828,
-0.055350,
-0.050188,
-0.002884,
-0.039221,
0.007640,
0.027136,
-0.019193,
-0.009857,
0.014428,
0.028261,
0.066376,
-0.262911,
0.019910,
0.008619,
0.055960,
-0.071488,
0.007324,
-0.031686,
-0.080868,
0.042214,
0.032419,
-0.077611,
-0.090621,
-0.120167,
0.030832,
-0.016470,
0.073050,
0.014994,
0.008375,
-0.012359,
0.051905,
0.081973,
0.067196,
0.006747,
0.049940,
-0.058262,
-0.078567,
-0.087794,
0.070340,
0.100892,
-0.034319,
0.021096,
0.084618,
-0.037364,
0.000628,
-0.068887,
-0.032232,
-0.117655,
0.012650,
0.064912,
0.015482,
0.029125,
0.054067,
-0.054584,
-0.023206,
-0.032934,
-0.005689,
-0.067050,
0.018933,
0.017577,
0.005588,
-0.020809,
0.018103,
0.027389,
-0.151017,
-0.115603,
-0.032523,
0.012241,
0.009598,
-0.007077,
0.013725,
-0.034924,
-0.038285,
-0.009732,
-0.053541,
-0.215338,
-0.026592,
0.046781,
0.021589,
0.016999,
0.001083,
-0.082134,
-0.109759,
-0.018643,
0.053400,
-0.026165,
0.047572,
-0.088044,
-0.034462,
0.027273,
0.127159,
-0.018203,
0.020113,
-0.003062,
0.053412,
0.066461,
0.049913,
0.000219,
-0.004311,
0.009331,
-0.149196,
-0.039687,
-0.099644,
0.073755,
-0.022771,
0.031668,
-0.021331,
-0.063426,
-0.008774,
0.028834,
-0.004250,
0.025298,
-0.018604,
0.038783,
0.015797,
0.039632,
-0.117197,
-0.075040,
-0.017857,
0.024258,
-0.042925,
0.071464,
0.066205,
-0.011474,
-0.107417,
-0.020842,
0.154876,
0.003199,
-0.010586,
-0.019570,
-0.052940,
-0.005772,
-0.052928,
-0.080530,
0.049364,
0.019786,
-0.030856,
-0.076828,
0.005451,
-0.197158,
-0.011310,
-0.052362,
-0.039059,
-0.023841,
0.030224,
-0.105858,
-0.094251,
0.099303,
0.010455,
-0.032152,
0.082888,
0.053150,
-0.035712,
-0.039420,
-0.021303,
0.037104,
0.006062,
-0.023784,
0.006185,
0.021280,
0.006511,
-0.031642,
-0.074765,
0.001725,
0.034776,
0.100469,
-0.052860,
0.077431,
-0.052055,
0.023169,
-0.006152,
-0.094689,
0.045091,
-0.014563,
-0.044606,
-0.027944,
0.024604,
0.082748,
-0.045586,
-0.052737,
0.026458,
-0.082820,
-0.023099,
0.036372,
0.054419,
0.014009,
-0.074261,
0.098738,
-0.061163,
0.003122,
0.088713,
0.040111,
-0.017956,
-0.109463,
0.045424,
0.113376,
-0.090328,
0.066522,
0.069194,
-0.112413,
0.088848,
0.009604,
-0.061837,
-0.113039,
0.085179,
-0.004821,
-0.009287,
-0.003170,
-0.039987,
-0.095911,
0.050719,
0.077770,
0.012359,
-0.103822,
0.043329,
0.115004,
0.074296,
-0.061877,
0.008527,
0.024446,
0.030406,
-0.121152,
0.060747,
-0.096893,
-0.077137,
0.032004,
-0.110528,
-0.069028,
0.039035,
-0.014521,
-0.051012,
0.047837,
-0.063304,
0.013256,
-0.087227,
-0.103742,
0.017050,
0.019978,
0.089666,
-0.035089,
0.083687,
0.065330,
-0.098067,
-0.022062,
-0.028256,
-0.048438,
0.019985,
-0.097338,
-0.036655,
-0.042724,
-0.038354,
0.048948,
-0.051819,
-0.053460,
0.035353,
-0.051672,
0.000714,
0.081355,
0.025738,
0.028678,
0.013959,
0.073962,
-0.073384,
0.019771,
-0.055176,
-0.026549,
-0.081717,
-0.115808,
0.028731,
0.019016,
-0.036868,
-0.054579,
-0.121432,
0.035333,
0.077358,
-0.019991,
0.064833,
-0.087444,
0.044203,
0.126762,
0.124293,
0.050198,
0.037512,
-0.078981,
0.060685,
-0.047142,
0.054855,
-0.059623,
-0.025276,
-0.025081,
0.029377,
0.039811,
-0.024026,
-0.013930,
-0.010218,
0.045132,
0.041749,
0.094634,
-0.078375,
0.024810,
0.016790,
0.081123,
0.004824,
-0.063403,
0.009079,
0.039017,
-0.047039,
-0.067292,
0.042943,
0.088810,
-0.056970,
0.034846,
-0.016706,
0.061654,
0.056358,
0.063381,
-0.069870,
0.052147,
-0.007848,
-0.043441,
0.027522,
-0.006855,
0.025977,
0.076440,
0.007462,
-0.023647,
0.024615,
-0.082723,
-0.009652,
-0.075231,
-0.001854,
-0.030228,
0.041961,
-0.024218,
-0.114075,
-0.049792,
-0.008013,
0.031821,
-0.001083,
-0.039215,
0.035810,
-0.073889,
0.050814,
-0.005608,
0.071443,
-0.019966,
-0.023788,
-0.001679,
0.102000,
-0.111168,
0.028363,
-0.098638,
0.032533,
-0.049415,
-0.021973,
-0.040235,
-0.063977,
-0.035335,
0.093886,
-0.068837,
0.024027,
-0.002532,
-0.042719,
-0.068292,
0.079568,
-0.080934,
0.018812,
0.073621,
0.008522,
-0.045793,
-0.053312,
0.001306,
-0.033467,
0.031865,
-0.025978,
-0.089234,
-0.001336,
-0.137649,
0.042846,
0.043176,
-0.130384,
-0.041323,
-0.002652,
-0.058022,
-0.015650,
0.117615,
0.039177,
-0.025146,
-0.010685,
0.028709,
-0.078044,
0.005300,
0.042554,
-0.012478,
0.105342,
-0.003962,
-0.085674,
-0.002560,
-0.006549,
-0.039645,
-0.082110,
-0.006009,
0.087911,
-0.047477,
0.043716,
-0.033039,
-0.023635,
0.012357,
0.038192,
-0.146470,
0.058524,
-0.001709,
0.038770,
0.031229,
0.039750,
-0.007393,
0.056326,
-0.025725,
0.008708,
-0.006820,
-0.078534,
-0.037478,
0.064004,
-0.003327,
-0.014566,
0.009030,
0.055604,
0.038987,
-0.080129,
0.001428,
-0.058910,
-0.082203,
0.012702,
-0.024919,
0.034342,
0.049277,
0.041745,
0.048185,
-0.051906,
0.019515,
0.029056,
-0.000544,
-0.088536,
-0.008213,
-0.031025,
0.047995,
0.006990,
-0.053473,
-0.014839,
0.065162,
-0.035492,
-0.086928,
0.041034,
0.039968,
0.009316,
0.055670,
0.027666,
-0.001671,
0.036031,
0.051712,
0.042128,
-0.036112,
-0.025328,
-0.000012,
-0.122781,
0.028291,
-0.055538,
0.032885,
-0.047481,
-0.110476,
0.011941,
0.071023,
0.053488,
0.013011,
0.040026,
0.063121,
0.060925,
0.049079,
-0.002045,
0.021298,
0.033115,
-0.025380,
-0.083582,
0.082032,
-0.056645,
0.030227,
0.109468,
-0.050752,
0.023839,
-0.093779,
0.002822,
0.066831,
-0.046884,
-0.009729,
0.060436,
0.010196,
0.022847,
-0.095247,
-0.014675,
0.014783,
-0.059831,
-0.013062,
-0.000260,
-0.038232,
-0.049280,
-0.038356,
0.048078,
-0.008072,
-0.018707,
-0.055807,
-0.046544,
-0.101779,
-0.094733,
-0.008350,
0.016070,
-0.099624,
-0.078915,
0.051378,
-0.034672,
-0.045372,
0.050190,
0.026464,
-0.067766,
0.015225,
-0.005332,
0.060864,
-0.070884,
-0.044459,
0.035469,
0.057090,
-0.094136,
-0.038827,
-0.012789,
-0.066457,
-0.026992,
-0.031967,
0.029693,
-0.036483,
-0.047003,
-0.037851,
-0.041325,
0.012320,
0.014069,
0.088428,
-0.108056,
-0.117946,
-0.052411,
0.050175,
0.040243,
-0.057069,
0.034027,
-0.099036,
-0.011152,
-0.049259,
-0.040298,
-0.038388,
-0.029342,
0.054806,
-0.002965,
-0.057003,
0.068041,
-0.112645,
0.002928,
-0.045164,
0.053429,
0.087011,
0.002276,
-0.094433,
-0.010175,
-0.063202,
0.024669,
0.049447,
-0.141285,
-0.003134,
-0.060786,
-0.061503,
-0.056431,
-0.096927,
-0.105550,
0.000817,
-0.007734,
-0.011477,
0.062699,
0.048003,
0.065213,
-0.038630,
-0.043919,
-0.039341,
0.045984,
0.040454,
0.001966,
-0.071275,
0.001687,
-0.032568,
-0.123161,
-0.026429,
-0.033999,
-0.066795,
0.051086,
-0.011347,
-0.046893,
-0.057127,
0.019964,
0.017436,
0.032942,
-0.042399,
0.009625,
-0.058970,
0.069675,
-0.009781,
-0.050107,
-0.027453,
0.009734,
-0.007044,
-0.050902,
0.030392,
-0.049361,
-0.071698,
0.053478,
-0.006784,
-0.043215,
0.070268,
-0.000189,
0.071695,
-0.087963,
-0.158292,
-0.002362,
-0.022223,
-0.074588,
-0.096301,
-0.079150,
-0.086195,
0.047022,
0.022681,
0.058176,
0.003783,
-0.143298,
-0.060191,
-0.040029,
-0.105930,
0.029608,
-0.031673,
-0.031316,
-0.085318,
-0.073251,
0.017032,
0.091274,
0.035913,
0.063132,
0.033161,
0.048968,
0.067493,
-0.067559,
0.001465,
0.015045,
-0.082064,
0.016500,
-0.002973,
0.024469,
0.003679,
-0.031639,
-0.038331,
0.050162,
0.071316,
0.037314,
0.039660,
0.070385,
-0.055834,
0.068265,
0.022197,
-0.063561,
0.029341,
-0.083263,
-0.115557,
-0.012884,
0.027112,
0.020262,
0.024457,
0.059520,
-0.053449,
-0.091965,
-0.018812,
0.080710,
0.042933,
-0.077238,
0.062702,
-0.055094,
-0.021332,
-0.068619,
-0.101321,
-0.006066,
-0.046153,
-0.105073,
-0.005602,
-0.067180,
0.038182,
-0.033927,
-0.073055,
-0.009667,
-0.002440,
-0.020961,
0.067395,
0.008821,
-0.071316,
0.071063,
0.031583,
0.001666,
0.015973,
-0.088613,
-0.059449,
0.008904,
0.010677,
-0.045553,
-0.032339,
0.084833,
0.029433,
0.025448,
0.082535,
-0.000991,
-0.046897,
0.088576,
0.044503,
-0.122734,
-0.016339,
-0.070131,
-0.059703,
-0.003678,
-0.021517,
0.032528,
-0.015539,
0.085191,
0.051598,
0.050733,
-0.006000,
-0.019426,
0.013336,
-0.085435,
-0.114131,
0.047453,
-0.081043,
-0.095454,
-0.052595,
0.013919,
-0.062526,
0.065766,
-0.100396,
-0.008585,
-0.026939,
0.013615,
-0.019850,
0.070756,
0.025469,
0.023507,
-0.145274,
0.036449,
-0.035096,
-0.100856,
0.005422,
-0.066845,
0.062357,
0.061569,
-0.001708,
0.021972,
0.038459,
-0.051778,
0.012289,
0.029667,
0.028840,
-0.046254,
0.034450,
0.055429,
-0.037282,
0.023850,
-0.049491,
0.037503,
-0.039575,
0.029105,
0.106658,
0.011511,
-0.050183,
0.067593,
0.015610,
-0.077997,
-0.021465,
0.034718,
-0.031967,
0.036425,
-0.097729,
-0.040441,
-0.024525,
0.070913,
0.010291,
-0.020206,
0.017542,
0.021083,
-0.046315,
0.013245,
-0.033668,
0.077650,
-0.056680,
-0.093441,
0.054912,
-0.014165,
0.075240,
-0.029149,
0.014150,
-0.038954,
0.030011,
-0.053012,
0.053390,
0.057853,
0.074421,
0.040655,
0.006746,
0.008333,
0.069722,
-0.032172,
-0.087369,
-0.058226,
-0.044612,
0.021990,
-0.090027,
0.013198,
-0.024774,
0.063410,
-0.076593,
-0.044260,
0.043702,
-0.101245,
0.012652,
0.020775,
-0.028773,
0.034715,
0.020481,
0.011721,
0.025980,
-0.051356,
0.029338,
-0.034227,
-0.037483,
-0.049167,
-0.035038,
0.033942,
0.008930,
-0.069948,
0.072170,
-0.073677,
-0.022223,
0.048754,
0.068992,
0.007729,
0.024807,
-0.007066,
-0.058658,
0.074683,
-0.051428,
-0.044740,
-0.061303,
0.090240,
0.027668,
0.017924,
-0.038035,
-0.023687,
0.003071,
0.023505,
-0.065316,
0.002344,
-0.055221,
-0.007294,
0.071971,
-0.053777,
0.023797,
0.056050,
0.030946,
-0.039896,
0.085350,
-0.054516,
-0.043909,
0.022627,
0.025595,
0.055131,
0.021855,
-0.041644,
-0.006132,
-0.057540,
-0.086287,
-0.077067,
0.060310,
0.048927,
-0.078169,
-0.048250,
-0.005279,
-0.000088,
-0.074193,
0.006852,
-0.024853,
0.048149,
-0.068087,
0.031283,
-0.066101,
-0.005831,
-0.026071,
0.062151,
0.027919,
-0.066958,
-0.042849,
-0.012662,
0.076336,
0.044966,
0.045089,
0.005701,
-0.010692,
0.096908,
-0.059584,
0.051807,
0.020829,
-0.029937,
-0.029708,
-0.045378,
0.006544,
-0.030593,
0.014232,
-0.026075,
0.047295,
0.047529,
0.030830,
0.054153,
-0.052994,
-0.070361,
-0.002913,
-0.090007,
0.042234,
-0.072914,
0.089669,
-0.060147,
0.037319,
-0.005447,
-0.034307,
-0.017985,
0.020652,
0.030574,
-0.087544,
0.017253,
0.006127,
0.025702,
0.024854,
-0.034570,
-0.072719,
0.070765,
0.048153,
-0.068495,
0.073337,
-0.052285,
0.071364,
0.071712,
0.075470,
0.050525,
0.072247,
0.060285,
-0.039386,
-0.040170,
0.043567,
-0.009752,
-0.060934,
-0.036308,
-0.050170,
-0.028843,
-0.020658,
-0.008424,
-0.048994,
-0.009346,
-0.062091,
0.030779,
-0.044586,
0.032665,
-0.023238,
-0.028945,
0.076123,
-0.034491,
-0.025314,
0.054703,
-0.031642,
0.082531,
0.038790,
-0.057095,
0.081955,
0.007595,
-0.036816,
-0.033195,
-0.026442,
0.033304,
0.019029,
0.024425,
0.049453,
0.053483,
-0.010739,
-0.047546,
-0.008833,
0.074360,
-0.063909,
0.033369,
0.040217,
-0.056389,
-0.061085,
0.029891,
-0.086149,
0.020689,
-0.038286,
0.033955,
-0.048544,
-0.004632,
-0.006142,
0.059309,
0.053453,
0.020229,
0.083061,
0.006656,
0.029701,
0.030161,
-0.051738,
0.072391,
0.026685,
-0.021847,
-0.029925,
0.021697,
0.005272,
0.076051,
-0.027508,
-0.018541,
0.070634,
0.067386,
-0.008888,
-0.006825,
-0.049123,
-0.037800,
-0.069005,
-0.060792,
-0.082902,
0.012916,
-0.050295,
0.077674,
-0.027558,
0.067038,
-0.018699,
-0.006250,
-0.005977,
-0.078831,
0.056046,
0.001272,
-0.035452,
0.007982,
-0.050323,
-0.087527,
0.050374,
0.051640,
-0.071799,
-0.038031,
-0.049599,
-0.045705,
-0.017403,
0.084572,
0.061316,
-0.052402,
-0.084302,
-0.063747,
0.072035,
-0.072593,
-0.072573,
-0.021639,
0.031755,
-0.081867,
-0.025419,
0.044917,
-0.073603,
0.037093,
-0.065168,
0.045172,
-0.075140,
0.081126,
-0.042512,
0.065268,
0.011273,
-0.085360,
0.018890,
0.069253,
-0.074248,
0.043312,
0.057044,
-0.060916,
-0.007104,
-0.000051,
0.030997,
0.009680,
-0.042855,
-0.050371,
-0.030394,
0.017626,
-0.011720,
0.069901,
0.022836,
-0.028596,
0.060644,
-0.023632,
0.077219,
-0.058753,
0.078381,
0.024525,
-0.064704,
0.036399,
-0.039203,
-0.027131,
0.051420,
-0.082381,
-0.034650,
0.027703,
-0.007696,
0.033004,
-0.048241,
-0.073186,
-0.071883,
-0.028490,
-0.037539,
0.050001,
0.070193,
0.080167,
0.068204,
0.004849,
0.001381,
0.023231,
-0.078439,
0.067527,
0.057003,
0.073169,
-0.068700,
0.084824,
-0.027322,
-0.049584,
-0.082194,
-0.074553,
-0.038545,
0.034612,
-0.067597,
-0.016983,
-0.024832,
-0.076817,
0.073234,
0.046652,
0.050871,
0.041652,
0.081282,
-0.032642,
0.031230,
0.031629,
-0.076236,
0.073317,
-0.051473,
0.074512,
0.053855,
-0.066272,
-0.045845,
-0.051776,
0.065038,
-0.040921,
0.088984,
-0.062737,
-0.025230,
0.063444,
0.023918,
-0.022472,
-0.078018,
-0.052517,
-0.044096,
0.054593,
-0.022899,
0.063721,
0.003525,
-0.045362,
-0.080323,
0.028869,
0.054369,
-0.045902,
0.052736,
-0.053556,
-0.033747,
0.022905,
0.012746,
-0.078579,
-0.053825,
0.064768,
-0.068476,
0.006084,
-0.032114,
0.059642,
0.046244,
0.073463,
-0.034641,
0.025139,
-0.063903,
-0.044768,
0.066674,
0.047790,
0.021697,
-0.037462,
0.065387,
-0.048613,
-0.081787,
-0.037166,
-0.050713,
0.056977,
-0.034850,
-0.017950,
0.046647,
-0.090294,
-0.080362,
-0.018631,
-0.005241,
0.103058,
-0.020459,
-0.004426,
-0.027857,
0.019072,
0.018321,
0.011714,
0.075306,
0.007752,
-0.055666,
-0.035535,
-0.044363,
0.041454,
-0.034815,
0.062651,
-0.057656,
0.014870,
0.047319,
-0.066645,
-0.025860,
-0.078280,
0.050848,
-0.059002,
-0.082004,
0.079857,
0.000643,
0.041911,
0.063592,
-0.076558,
-0.074008,
-0.031196,
-0.061110,
0.049529,
-0.006172,
-0.024038,
-0.061364,
-0.045140,
-0.046432,
0.014398,
-0.006772,
-0.080359,
-0.071638,
0.079300,
0.072210,
-0.013449,
0.006026,
0.020993,
-0.030507,
0.037819,
-0.040005,
-0.034692,
-0.003278,
-0.084259,
-0.088076,
0.064628,
0.079295,
0.022044,
0.013772,
0.010913,
0.028278,
-0.028355,
0.084551,
0.066418,
-0.003582,
0.023769,
-0.063584,
-0.032879,
-0.059447,
-0.006186,
0.055354,
-0.004363,
0.054648,
-0.082272,
0.025386,
-0.050850,
0.103129,
-0.076474,
0.068008,
0.034411,
0.027064,
0.007378,
0.056851,
-0.005354,
-0.016565,
0.002491,
-0.086866,
-0.067414,
-0.056659,
-0.049106,
-0.007532,
-0.047828,
0.031915,
-0.007999,
-0.041763,
-0.042587,
0.054233,
-0.012298,
0.053743,
0.026543,
-0.083997,
0.016293,
0.067307,
0.033025,
-0.025323,
-0.032642,
0.054713,
0.057135,
0.014787,
0.035337,
-0.097041,
-0.066451,
-0.083103,
0.030451,
0.002620,
0.063146,
-0.017440,
0.079485,
0.033820,
0.088341,
-0.017587,
0.044303,
0.093165,
0.080903,
-0.069171,
-0.072851,
0.054764,
-0.000035,
0.081758,
0.143044,
0.063047,
0.046655,
0.017313,
-0.069908,
-0.053137,
0.026430,
0.029574,
-0.073959,
-0.055677,
-0.036917,
-0.015623,
0.029078,
-0.037212,
-0.019606,
0.053363,
-0.070286,
-0.005439,
-0.011114,
0.036900,
-0.013441,
-0.051412,
0.036468,
0.036079,
0.025458,
0.019809,
0.013203,
0.110814,
-0.032290,
0.004551,
0.087049,
-0.031562,
0.020300,
0.026628,
0.041785,
-0.078044,
0.017469,
0.081418,
-0.095144,
-0.019866,
-0.006618,
0.043509,
0.024399,
-0.042337,
0.058483,
0.037946,
-0.002232,
-0.063075,
0.017539,
0.011606,
0.040229,
-0.021187,
-0.046865,
0.009282,
0.008674,
0.091886,
-0.034376,
-0.054433,
-0.091719,
0.028844,
-0.073161,
-0.019845,
0.022135,
0.043368,
0.066043,
0.023118,
0.030887,
0.040582,
-0.095189,
-0.022468,
-0.021054,
-0.029661,
-0.038388,
-0.000344,
-0.028328,
0.128049,
-0.013336,
0.027982,
-0.051143,
0.020760,
0.079579,
-0.017427,
0.079475,
-0.097092,
-0.027085,
-0.009068,
-0.031080,
-0.105255,
0.065207,
0.027197,
0.063323,
0.101693,
-0.022095,
0.063958,
-0.044730,
0.027524,
-0.054997,
0.011852,
0.036062,
0.037153,
-0.047919,
0.100890,
-0.052591,
-0.022664,
0.020081,
0.038941,
-0.059850,
-0.014247,
-0.061227,
0.054926,
-0.014162,
0.051876,
0.048530,
0.058102,
-0.033061,
-0.068365,
0.065762,
0.003900,
-0.001737,
-0.044873,
0.038591,
0.004160,
-0.070920,
0.018825,
-0.103607,
-0.041647,
0.007159,
0.000153,
0.106843,
0.042205,
-0.023187,
0.063345,
0.001089,
-0.029700,
0.013517,
0.036952,
-0.045773,
-0.033600,
0.006645,
0.132847,
0.098182,
0.141210,
0.049971,
0.080704,
0.058930,
0.091856,
0.019930,
-0.148485,
-0.053962,
0.024377,
-0.018815,
-0.062231,
-0.001796,
0.001935,
-0.041100,
0.008313,
-0.005143,
0.002797,
0.022725,
0.000720,
0.037090,
0.005526,
-0.091473,
-0.086807,
0.037283,
0.113854,
0.008035,
0.029809,
-0.055691,
-0.035246,
0.007861,
-0.005134,
-0.014745,
0.007189,
-0.019413,
-0.061720,
-0.024558,
-0.046455,
-0.033983,
-0.080357,
-0.081013,
0.054848,
-0.068060,
0.075964,
0.034948,
0.051185,
-0.064191,
0.017397,
-0.023404,
0.037098,
-0.046985,
0.000481,
0.094296,
0.039602,
-0.067125,
-0.022893,
-0.083252,
-0.011304,
-0.076215,
-0.033943,
-0.001865,
0.010718,
-0.096261,
0.158292,
-0.043938,
-0.016373,
-0.085386,
-0.086149,
0.101815,
0.066370,
-0.000811,
-0.139240,
-0.010064,
0.068175,
-0.033187,
-0.103242,
0.092127,
-0.032978,
-0.022966,
0.104811,
0.052402,
-0.081598,
0.037773,
-0.080958,
0.041413,
0.044327,
0.043220,
-0.021021,
0.075689,
0.054370,
0.000724,
-0.093487,
0.074562,
-0.003840,
-0.019471,
0.027264,
-0.018123,
0.036996,
-0.054361,
0.005136,
-0.051225,
0.039244,
0.031104,
0.069953,
-0.004065,
0.096897,
0.068096,
0.062474,
-0.027315,
0.106278,
-0.057316,
-0.090063,
-0.074072,
0.084465,
0.053201,
-0.000090,
0.106966,
-0.005335,
-0.010148,
0.059667,
-0.055470,
0.051637,
-0.017530,
-0.060557,
0.061955,
0.029549,
-0.072330,
0.050994,
-0.067187,
0.031977,
-0.091288,
-0.080987,
0.023122,
0.002758,
-0.092320,
-0.174519,
-0.001086,
-0.012815,
-0.030711,
-0.099962,
-0.056879,
0.050981,
-0.064929,
0.024063,
-0.015570,
0.055840,
-0.032383,
0.020097,
0.081300,
-0.121439,
0.056821,
-0.054155,
0.016117,
0.007710,
0.038798,
-0.127705,
-0.063623,
-0.077572,
0.001208,
0.077830,
-0.057205,
0.062280,
-0.036636,
-0.041009,
-0.002703,
0.055239,
-0.037899,
0.076680,
0.002837,
-0.022738,
0.020114,
0.017500,
-0.009448,
0.056058,
0.023992,
-0.029135,
-0.081149,
-0.060496,
0.062450,
-0.102582,
-0.065031,
0.079484,
-0.022902,
-0.022702,
0.059608,
-0.006563,
0.010308,
0.061134,
-0.002556,
-0.073390,
-0.084218,
0.046949,
-0.030811,
0.072018,
-0.001598,
-0.072493,
0.081230,
0.063263,
-0.082474,
-0.132941,
-0.057695,
-0.044844,
-0.054726,
-0.040238,
0.048976,
-0.086790,
-0.015654,
0.002949,
0.046244,
-0.054558,
0.023903,
-0.006259,
-0.043999,
0.010515,
0.069848,
-0.061783,
-0.086333,
-0.042583,
-0.039085,
-0.117014,
0.037914,
0.037457,
-0.067534,
0.021178,
0.000804,
0.053230,
-0.059258,
-0.029488,
-0.079117,
-0.015844,
-0.013631,
0.089342,
-0.030809,
0.051232,
0.000322,
0.057444,
-0.049232,
0.109867,
0.015929,
-0.063432,
-0.041917,
-0.062708,
-0.035907,
-0.068906,
-0.073607,
0.066870,
-0.064562,
-0.006622,
-0.054749,
0.082196,
0.011639,
0.010671,
-0.009271,
0.049279,
-0.056259,
-0.108795,
-0.158031,
-0.073349,
-0.012924,
-0.038201,
0.023005,
0.085198,
-0.058081,
-0.143449,
-0.038687,
0.061760,
0.052294,
0.011817,
0.009809,
0.026382,
-0.035397,
-0.011139,
0.082354,
-0.032542,
0.009972,
0.042419,
-0.044004,
-0.030962,
0.029511,
-0.062834,
-0.123675,
-0.042815,
-0.021933,
-0.029887,
0.007479,
-0.078874,
-0.105106,
0.061568,
-0.033352,
-0.052267,
0.064410,
-0.105873,
-0.013708,
0.062565,
0.031074,
0.032485,
0.050988,
0.092341,
-0.116730,
0.035586,
-0.026462,
0.053477,
-0.026692,
-0.048815,
-0.006708,
-0.093487,
0.014943,
0.069467,
-0.020842,
-0.004117,
0.057744,
0.041561,
0.026197,
0.081207,
-0.008127,
0.058460,
-0.016837,
0.035352,
-0.088109,
-0.178962,
-0.007686,
-0.029099,
-0.064400,
-0.081133,
0.081167,
0.049888,
-0.104487,
-0.221140,
-0.041566,
0.012145,
-0.043036,
-0.089489,
0.018743,
-0.002763,
-0.013810,
-0.016992,
0.055882,
-0.121844,
-0.068097,
0.118838,
-0.027722,
0.056674,
-0.099569,
0.062085,
-0.103253,
-0.081891,
-0.088945,
0.009947,
0.054036,
-0.023795,
-0.065441,
-0.021646,
0.031913,
0.050522,
-0.060480,
-0.090872,
0.023191,
0.084633,
-0.032459,
0.037881,
-0.022329,
0.001046,
-0.076438,
-0.039355,
-0.030393,
0.072348,
0.029507,
-0.042098,
0.000673,
-0.015519,
0.066590,
0.052096,
-0.100540,
-0.116888,
0.009866,
-0.039862,
0.000836,
0.072933,
-0.089507,
0.053626,
-0.076686,
-0.055689,
-0.085478,
-0.066409,
-0.022277,
-0.170265,
0.104701,
0.015369,
0.015977,
0.023112,
-0.090386,
-0.175730,
0.032195,
-0.033487,
-0.041900,
0.050783,
-0.081736,
0.067459,
0.108699,
0.081353,
0.041844,
-0.121585,
0.001181,
-0.055453,
-0.044482,
0.043506,
0.007355,
-0.097835,
-0.062978,
-0.074583,
-0.125330,
-0.067062,
0.079291,
-0.011676,
-0.051183,
-0.099366,
-0.039159,
-0.076523,
0.069929,
-0.047087,
0.084549,
0.126778,
-0.027242,
0.046668,
-0.035644,
0.103275,
0.026577,
0.067606,
0.015517,
0.035303,
-0.042120,
0.029209,
0.012479,
-0.037253,
0.026637,
0.024878,
-0.020064,
-0.042702,
-0.019855,
0.031746,
-0.104493,
0.003576,
0.014822,
-0.040581,
0.040439,
-0.100991,
-0.152494,
-0.091169,
0.085354,
0.002241,
0.012422,
-0.026250,
-0.046485,
0.024277,
0.065345,
-0.040778,
0.052189,
-0.121548,
0.062450,
0.036271,
0.075028,
0.027091,
0.052873,
0.070952,
0.105234,
-0.094825,
0.060396,
-0.046395,
-0.044423,
-0.026444,
0.025753,
0.011925,
-0.089701,
-0.020165,
-0.090000,
0.051483,
0.030612,
0.047680,
0.032435,
-0.077743,
-0.037930,
-0.041564,
-0.010615,
0.013079,
0.130789,
0.155206,
-0.038348,
-0.084117,
-0.065718,
0.093994,
-0.025973,
-0.061367,
-0.021501,
0.017152,
0.075782,
0.054747,
-0.023972,
0.015448,
0.015840,
0.096335,
-0.057096,
-0.082909,
0.142629,
-0.043047,
0.016746,
0.067139,
-0.050765,
-0.023208,
0.000992,
-0.044667,
-0.070855,
-0.046890,
0.054556,
0.149150,
0.061581,
0.032472,
-0.092733,
-0.040647,
0.085166,
0.044637,
0.095480,
-0.096146,
-0.032708,
0.082224,
0.120373,
-0.053549,
-0.007363,
0.102749,
0.129528,
-0.016694,
-0.006543,
-0.101844,
-0.053351,
0.065061,
-0.001694,
-0.002149,
0.048052,
-0.044116,
-0.097741,
-0.025519,
-0.060330,
0.043048,
-0.019273,
0.004221,
0.103013,
-0.089840,
0.102700,
0.082675,
-0.094527,
0.043523,
-0.038060,
0.002702,
0.035094,
0.032633,
-0.069035,
0.073366,
0.040879,
0.097594,
-0.031095,
0.035907,
-0.059279,
0.021352,
-0.026071,
0.071082,
-0.016434,
0.116191,
0.011685,
0.051273,
-0.042580,
0.043858,
-0.045297,
0.002434,
0.047435,
0.023422,
-0.066821,
-0.058620,
0.015691,
0.175463,
-0.058223,
0.047249,
0.006680,
-0.028220,
0.006763,
0.028120,
-0.015600,
-0.139489,
0.032059,
0.018014,
-0.016709,
-0.019131,
0.036672,
0.004459,
0.023472,
0.040082,
-0.096239,
-0.101320,
0.012891,
-0.029154,
-0.057318,
-0.021967,
-0.027738,
-0.040963,
0.064748,
-0.002814,
0.089006,
-0.014437,
-0.078598,
-0.003980,
0.037844,
-0.066986,
-0.053802,
-0.069925,
-0.006573,
0.119145,
-0.039385,
-0.051046,
0.020917,
0.011155,
-0.005203,
-0.001834,
0.015629,
0.034175,
0.003826,
-0.020248,
-0.101120,
0.000787,
0.020446,
0.002757,
0.051794,
0.015896,
0.080389,
-0.074635,
-0.003383,
0.070803,
0.037836,
-0.050963,
0.041085,
-0.024160,
0.006466,
-0.056973,
0.089946,
0.083471,
-0.066290,
-0.030108,
0.022948,
-0.026453,
0.083396,
-0.004322,
-0.020992,
-0.104381,
0.041450,
0.017234,
0.011364,
-0.027487,
-0.008390,
0.129131,
0.100911,
0.028303,
-0.087121,
-0.108367,
-0.015428,
-0.183014,
-0.009451,
0.062231,
-0.007904,
0.060045,
0.092858,
-0.099092,
0.004198,
-0.059085,
-0.084352,
-0.119387,
0.013854,
-0.024516,
0.071788,
-0.035058,
0.038643,
-0.022668,
0.033711,
0.066509,
0.023964,
-0.024567,
-0.090067,
-0.012381,
0.045403,
-0.047575,
-0.031817,
-0.006766,
-0.016438,
0.054789,
-0.058891,
0.002421,
-0.048256,
0.097594,
0.016020,
0.062033,
-0.028963,
0.046923,
-0.054419,
-0.000878,
0.018543,
-0.014324,
-0.041075,
-0.024939,
0.019095,
0.016174,
-0.042077,
0.022902,
0.027643,
-0.005872,
0.023658,
0.053212,
-0.074922,
-0.101508,
-0.039799,
0.047303,
-0.007558,
-0.097776,
-0.044572,
-0.018163,
0.099150,
-0.036850,
0.061332,
0.044857,
0.081085,
-0.021839,
-0.021946,
0.029138,
0.043284,
0.005878,
0.126385,
-0.061619,
0.071932,
-0.047663,
-0.001202,
0.052569,
0.102741,
0.018951,
-0.039591,
0.074107,
0.007129,
0.013958,
-0.048737,
0.065552,
0.084292,
0.023728,
-0.109638,
0.043330,
-0.026894,
0.001386,
-0.091446,
0.048361,
-0.084520,
0.042613,
0.028235,
-0.018642,
0.025568,
0.034865,
-0.081401,
-0.018852,
-0.061597,
-0.044301,
0.050371,
-0.060560,
-0.086308,
-0.028826,
0.060874,
-0.015312,
0.086785,
0.076518,
-0.035682,
-0.048599,
0.030381,
0.061892,
0.015640,
0.074326,
-0.041179,
-0.099642,
0.104115,
0.051744,
0.052524,
-0.087076,
0.055322,
0.035484,
0.075879,
0.069484,
-0.087745,
-0.071101,
0.025181,
-0.005076,
-0.022310,
-0.054037,
0.046068,
0.026913,
-0.027014,
-0.036668,
-0.092118,
-0.000122,
0.037719,
0.018078,
-0.051208,
0.029611,
-0.041915,
0.063586,
-0.071204,
-0.039497,
-0.020582,
-0.058896,
-0.097033,
0.069154,
-0.022851,
-0.030709,
0.076757,
-0.129296,
0.015185,
-0.035634,
-0.068239,
0.094130,
-0.022136,
-0.116683,
0.042794,
0.077644,
0.049441,
0.009698,
-0.025332,
-0.101855,
-0.041886,
0.100608,
-0.024776,
-0.019540,
-0.062324,
0.039581,
0.017378,
-0.003290,
0.037996,
-0.012636,
0.060133,
0.004785,
-0.114772,
0.065252,
0.046709,
-0.066531,
-0.046513,
-0.030846,
0.050950,
-0.073801,
-0.023377,
0.054006,
0.019417,
0.006961,
-0.037315,
0.034811,
-0.027348,
0.015644,
-0.004063,
0.045098,
0.078412,
-0.063729,
-0.069042,
-0.074467,
0.040867,
0.026869,
-0.053139,
0.071062,
-0.028092,
0.017651,
-0.023123,
-0.052544,
0.016694,
-0.092544,
0.032856,
-0.008041,
-0.075939,
-0.018773,
-0.052784,
-0.084891,
-0.011398,
-0.016480,
-0.032497,
0.004540,
-0.084566,
0.054445,
0.026641,
0.013775,
0.002666,
0.058621,
-0.094236,
0.010229,
-0.047160,
0.008191,
-0.086204,
-0.055879,
0.014941,
0.039216,
0.027631,
0.019211,
0.058581,
-0.054110,
-0.050527,
-0.080935,
0.106902,
0.070898,
0.013465,
0.034672,
0.105906,
0.072680,
-0.006726,
-0.010463,
-0.049537,
0.049899,
0.100450,
-0.084881,
-0.051466,
-0.046758,
0.003648,
0.018151,
0.082210,
-0.018901,
0.029359,
0.021026,
0.029538,
0.041047,
0.004261,
-0.044721,
0.066105,
-0.080394,
-0.031808,
0.094995,
0.063181,
-0.065975,
-0.041382,
0.027982,
-0.012444,
-0.108661,
-0.027262,
-0.021138,
-0.014553,
0.017967,
0.052662,
-0.105685,
0.030459,
-0.001982,
-0.072447,
-0.006082,
-0.097516,
-0.016520,
0.058482,
0.002103,
-0.037309,
-0.070640,
0.024055,
0.007239,
0.032583,
0.045095,
-0.044550,
-0.042918,
0.071130,
0.030851,
0.092421,
-0.040530,
-0.057847,
-0.006502,
0.014437,
0.021391,
0.082665,
0.066188,
-0.157916,
-0.071657,
0.060395,
0.015616,
0.073193,
-0.060859,
0.070601,
0.020172,
-0.025284,
0.054434,
-0.000141,
0.118023,
-0.005632,
0.043485,
-0.045140,
-0.006502,
-0.018184,
0.067127,
-0.011806,
0.026967,
-0.023980,
-0.012003,
-0.032960,
-0.079864,
0.026840,
0.072644,
0.080963,
0.011076,
0.030297,
-0.016054,
-0.008354,
-0.015485,
-0.055092,
0.007104,
-0.094287,
0.037682,
0.057070,
0.045422,
0.038282,
0.074730,
0.011238,
-0.012447,
-0.116056,
0.037967,
0.044010,
-0.100383,
0.055687,
-0.069899,
-0.117167,
0.025255,
0.019273,
-0.067586,
-0.022257,
0.020442,
0.010480,
0.102258,
0.080194,
0.006246,
0.096151,
-0.006101,
0.057864,
-0.010245,
0.107083,
-0.007047,
-0.087376,
-0.026157,
0.011092,
-0.015207,
0.024435,
-0.056416,
0.061727,
-0.064013,
0.009175,
0.042144,
0.027646,
0.017494,
-0.060971,
-0.093896,
0.042286,
-0.045316,
-0.061436,
-0.065757,
0.072244,
0.064503,
-0.073158,
-0.016898,
0.063114,
0.058103,
0.090583,
0.009586,
0.022876,
-0.041526,
0.009673,
0.039474,
0.001809,
-0.050858,
-0.025401,
-0.101138,
-0.054208,
-0.024122,
-0.007792,
0.013542,
-0.041563,
0.047166,
0.075327,
-0.046297,
-0.092094,
0.101617,
0.028380,
-0.045823,
0.010572,
0.013978,
0.014998,
0.018225,
0.023273,
-0.043115,
-0.008656,
-0.075618,
0.033043,
0.027112,
0.002178,
-0.033997,
0.014161,
-0.024570,
-0.053014,
0.019178,
0.045683,
0.020849,
-0.124763,
-0.065617,
-0.025563,
0.015478,
0.006496,
-0.077494,
0.068127,
0.029734,
0.070987,
0.072548,
0.080739,
-0.028168,
0.069983,
-0.012711,
0.023170,
0.041782,
-0.057388,
0.035494,
-0.081433,
0.013383,
0.008086,
0.032873,
0.058723,
-0.069816,
0.048202,
-0.002672,
0.097202,
0.040439,
0.053320,
0.062108,
-0.075871,
-0.063563,
0.024295,
0.042217,
-0.019368,
-0.009136,
-0.033214,
-0.058463,
0.047335,
0.048282,
0.009906,
-0.023270,
-0.096321,
0.023072,
0.030680,
-0.014485,
0.027683,
-0.069528,
0.020479,
-0.060557,
-0.008319,
-0.074682,
0.059741,
0.076045,
-0.044631,
0.092882,
-0.000615,
-0.071600,
-0.003910,
-0.069742,
-0.001972,
-0.067258,
0.006346,
-0.076058,
0.038493,
-0.098413,
-0.044516,
-0.002368,
0.097128,
-0.075899,
-0.046030,
-0.043825,
0.043129,
-0.057357,
-0.087271,
-0.035238,
0.030429,
-0.085968,
0.069668,
-0.068056,
-0.003780,
0.021734,
-0.013746,
0.025094,
0.042048,
0.053113,
-0.068049,
-0.050154,
-0.065683,
-0.072507,
-0.022689,
0.067671,
-0.029518,
-0.073579,
0.072393,
-0.026623,
-0.005407,
-0.002641,
-0.012827,
-0.070808,
0.043668,
-0.069343,
-0.065609,
0.038731,
0.035580,
0.051843,
-0.002162,
0.063943,
0.005746,
-0.060832,
0.016717,
0.065837,
-0.023715,
-0.051323,
-0.037270,
-0.099028,
-0.040587,
-0.063957,
0.074335,
-0.064202,
0.065499,
-0.007750,
0.017335,
-0.001862,
-0.013247,
-0.008902,
0.051182,
-0.004254,
-0.038557,
-0.108425,
0.027365,
-0.059520,
-0.017197,
0.027512,
0.012080,
-0.033405,
0.061786,
0.082186,
0.032892,
0.079625,
-0.004228,
0.028483,
0.033850,
0.017124,
0.070306,
0.049259,
0.000146,
0.058974,
-0.066891,
0.050020,
0.057801,
0.049034,
0.050405,
0.079029,
0.066204,
-0.003820,
-0.013430,
-0.013876,
-0.063314,
0.022544,
-0.052051,
-0.064557,
-0.013397,
-0.049947,
-0.020569,
-0.082484,
-0.013027,
-0.017899,
-0.015171,
-0.052095,
-0.097404,
0.006955,
-0.022758,
0.059005,
-0.011452,
-0.002189,
-0.070019,
-0.018133,
-0.027474,
-0.027441,
0.001690,
0.039000,
-0.028667,
0.071282,
-0.033526,
-0.020441,
-0.042138,
0.066083,
-0.001160,
-0.038684,
-0.058429,
-0.050921,
0.053773,
-0.053840,
0.005552,
-0.044126,
0.070204,
-0.020480,
0.042231,
-0.000410,
-0.071102,
0.084356,
0.041605,
-0.029734,
-0.083599,
0.049068,
-0.002517,
0.055197,
-0.069192,
-0.028112,
0.076568,
-0.021161,
-0.036288,
-0.058728,
0.046715,
0.024435,
0.020085,
-0.012613,
-0.066664,
0.010810,
-0.072089,
-0.087561,
0.014687,
-0.050321,
-0.018773,
0.016811,
-0.001469,
-0.057096,
0.071086,
-0.023302,
0.050624,
0.033090,
0.076984,
-0.043593,
-0.009506,
0.082783,
-0.018158,
0.019994,
-0.055252,
0.023525,
0.082023,
-0.008733,
0.068239,
-0.052482,
0.033549,
-0.057956,
-0.026041,
-0.061407,
-0.088677,
0.079834,
-0.022855,
0.030897,
-0.003767,
0.049180,
-0.054015,
-0.052895,
-0.036600,
0.064107,
-0.005793,
-0.036381,
0.050752,
0.013056,
-0.071871,
-0.027578,
-0.018995,
-0.039977,
0.059825,
-0.041501,
0.024125,
-0.068841,
0.061057,
-0.021801,
-0.025943,
0.066004,
0.028891,
-0.046677,
0.018036,
0.068644,
0.070721,
-0.052699,
-0.045968,
0.052095,
0.026004,
-0.048551,
0.039577,
-0.060423,
0.061278,
0.069363,
-0.010379,
0.046358,
0.008161,
-0.053584,
0.073287,
-0.012069,
0.065894,
-0.028023,
-0.048277,
0.069976,
0.068367,
-0.083178,
0.028947,
0.074916,
0.047184,
0.079541,
0.013142,
-0.002449,
-0.041346,
-0.042251,
0.039517,
0.069559,
-0.009257,
-0.074113,
-0.081509,
0.080557,
0.028562,
-0.060276,
-0.075425,
-0.083908,
-0.047425,
0.077039,
-0.005228,
-0.002615,
-0.036600,
0.040912,
0.049677,
-0.074827,
0.011509,
-0.011635,
0.078681,
0.005806,
-0.091502,
0.011007,
-0.038615,
0.069009,
-0.033166,
0.058080,
-0.058612,
-0.025134,
-0.033944,
0.040643,
0.045381,
0.034853,
0.008225,
0.053978,
-0.030511,
-0.047624,
0.064367,
0.037128,
0.006676,
-0.007032,
0.049544,
0.005318,
-0.020079,
0.027979,
-0.057338,
-0.056309,
0.040372,
0.022777,
-0.070215,
-0.010001,
0.009034,
0.056569,
0.037023,
0.059682,
-0.065377,
-0.066236,
-0.035688,
0.015941,
-0.060176,
0.085799,
0.006336,
-0.085544,
0.016697,
-0.078464,
0.042389,
-0.023891,
0.065420,
0.070819,
0.056137,
0.059060,
0.020224,
0.054000,
0.025277,
0.022307,
-0.072705,
0.026878,
0.018784,
-0.018591,
-0.044557,
0.007766,
0.051143,
0.029401,
-0.051238,
0.081446,
-0.041000,
-0.051886,
0.046254,
0.082191,
0.067658,
0.053170,
-0.086932,
-0.016462,
0.062742,
-0.049933,
-0.029630,
-0.007757,
0.024019,
0.027378,
0.064012,
-0.079148,
0.025846,
0.067891,
-0.041470,
-0.045952,
-0.010602,
-0.038888,
0.053948,
-0.004211,
0.030945,
0.007212,
0.034041,
-0.022642,
0.032113,
0.024367,
0.010178,
-0.005043,
0.011820,
0.054311,
-0.072424,
-0.072874,
-0.003489,
-0.091698,
0.005719,
-0.058237,
0.069181,
-0.006164,
0.060165,
-0.066866,
-0.033179,
-0.043512,
-0.002845,
-0.054415,
-0.000512,
0.059801,
0.069815,
0.002051,
-0.033963,
-0.060401,
-0.064024,
0.039663,
0.075978,
0.061201,
0.063538,
-0.049790,
-0.042418,
-0.041867,
-0.003277,
0.065849,
-0.038321,
0.025662,
0.098755,
-0.034201,
-0.093567,
0.016188,
-0.037158,
0.073347,
0.027100,
0.090198,
-0.024696,
-0.035559,
0.044935,
-0.005727,
0.098124,
0.015222,
0.041949,
0.014271,
0.018577,
0.048031,
0.065588,
0.069318,
0.053384,
-0.041849,
0.045036,
-0.026188,
-0.030813,
-0.039691,
-0.068120,
-0.023439,
-0.045693,
0.036073,
-0.062945,
0.039144,
0.084067,
-0.064646,
0.126549,
0.072136,
0.047081,
0.011723,
-0.067068,
0.043674,
0.052803,
0.067196,
0.082433,
0.031738,
0.029584,
0.080559,
0.029420,
0.001644,
0.009407,
0.027869,
0.013247,
0.039702,
-0.043452,
-0.076946,
-0.013257,
0.028634,
-0.025208,
0.051726,
0.043794,
-0.007429,
-0.027774,
0.017421,
-0.070937,
0.064349,
0.102821,
0.014995,
-0.034168,
0.018602,
-0.000661,
-0.052703,
-0.028164,
0.048816,
0.031918,
0.039769,
-0.034803,
-0.011865,
0.005326,
-0.066764,
-0.013418,
0.015545,
-0.092618,
0.048828,
0.025007,
0.025352,
-0.024200,
-0.084020,
-0.058966,
0.049102,
-0.026286,
-0.070588,
-0.047219,
0.073913,
0.084881,
-0.030846,
-0.050990,
-0.041805,
-0.020939,
0.017808,
0.025723,
-0.018492,
0.064923,
0.055541,
0.036758,
0.016401,
-0.019342,
-0.034170,
0.074203,
-0.077825,
0.017433,
0.098656,
0.011898,
0.039505,
0.078071,
0.002494,
0.012174,
0.047962,
0.004195,
-0.011867,
0.080288,
0.059952,
-0.001202,
-0.105892,
-0.016716,
-0.040781,
-0.058247,
0.017926,
-0.100632,
0.079254,
0.042822,
-0.100608,
0.033850,
-0.010667,
-0.043692,
-0.002399,
0.002936,
0.060176,
-0.002315,
0.030690,
-0.028667,
0.007734,
-0.085378,
0.033121,
0.013517,
-0.013122,
0.057604,
0.004606,
0.069394,
-0.020470,
0.039354,
-0.046915,
0.061806,
-0.076908,
0.096624,
-0.087986,
-0.020657,
-0.000967,
-0.027439,
-0.003555,
0.009382,
0.053545,
-0.075402,
-0.065210,
0.157995,
-0.020774,
-0.083225,
-0.024121,
-0.097071,
-0.075120,
0.010758,
0.012407,
-0.041628,
0.006444,
-0.009682,
0.059760,
-0.061780,
0.070779,
0.002826,
-0.009058,
0.001479,
0.050993,
0.059009,
-0.078008,
0.098108,
0.082976,
0.024295,
-0.056268,
-0.016324,
0.013613,
-0.086223,
-0.031675,
0.018913,
-0.014380,
-0.022020,
-0.034926,
0.044091,
0.035327,
-0.069455,
-0.078843,
0.001129,
0.067860,
0.030962,
-0.004744,
0.060905,
-0.016790,
-0.083005,
0.032545,
-0.097711,
-0.056562,
-0.062486,
-0.023399,
-0.004102,
0.038047,
0.053106,
-0.057747,
-0.042522,
0.052506,
0.012997,
0.046785,
0.036443,
0.055443,
0.014310,
-0.064996,
-0.014943,
0.018971,
-0.089220,
0.034592,
0.127520,
0.033136,
-0.017165,
-0.022338,
0.054915,
-0.043948,
-0.023278,
0.091824,
0.034494,
-0.080302,
0.026982,
0.165746,
0.018450,
0.077633,
-0.069120,
0.056662,
0.016079,
0.091722,
0.043457,
-0.089048,
-0.018639,
-0.075955,
0.042839,
-0.088771,
0.113037,
0.038110,
0.050455,
0.113326,
-0.008537,
-0.062284,
0.000750,
-0.004503,
-0.111609,
-0.056055,
0.013978,
-0.010084,
-0.034037,
0.116148,
-0.011846,
-0.071908,
0.051432,
-0.072857,
-0.129918,
-0.061956,
-0.014815,
-0.000843,
0.032434,
-0.054567,
-0.000877,
0.013707,
-0.043740,
0.011407,
0.002483,
0.049060,
-0.012840,
-0.082256,
-0.035209,
0.096269,
0.009806,
0.035087,
0.063097,
-0.064027,
0.068823,
0.016896,
0.112563,
0.042941,
0.016686,
0.053569,
0.048820,
-0.043602,
-0.040830,
0.037637,
0.081893,
-0.049745,
-0.087011,
0.101677,
0.118917,
0.085058,
0.000190,
-0.076582,
0.076233,
0.094985,
0.051650,
-0.104501,
0.010567,
-0.004062,
-0.010652,
0.056421,
-0.049900,
0.018011,
-0.057624,
0.092936,
0.046860,
-0.010991,
0.035879,
-0.049208,
0.027409,
0.050273,
-0.007721,
0.040721,
-0.005415,
0.080264,
0.022844,
-0.090351,
-0.030089,
-0.107106,
-0.140426,
0.109803,
-0.000176,
-0.056360,
-0.097114,
-0.004221,
-0.050826,
-0.002607,
-0.024706,
-0.010956,
-0.048105,
0.031507,
-0.025492,
0.028633,
0.008944,
-0.029883,
0.067207,
0.015433,
-0.038270,
0.065692,
0.067785,
0.040241,
-0.003410,
-0.002735,
-0.113610,
-0.068456,
-0.057779,
0.031766,
-0.058396,
0.064903,
-0.009964,
-0.057683,
0.033225,
0.185194,
0.029662,
0.001440,
0.044844,
-0.070753,
0.090710,
-0.014719,
-0.019512,
-0.200496,
-0.101329,
0.056775,
-0.025693,
-0.059522,
0.033007,
0.007209,
-0.098396,
-0.023296,
-0.062156,
-0.070798,
-0.098000,
0.027801,
-0.074024,
0.035106,
0.125547,
-0.094234,
0.115695,
0.032854,
0.043376,
0.019291,
0.029150,
-0.096499,
-0.032114,
0.053178,
0.021597,
0.059956,
-0.105682,
0.028709,
-0.116376,
-0.025946,
0.069652,
-0.017686,
-0.001405,
-0.039892,
0.053379,
0.013800,
0.024021,
0.115655,
0.016956,
-0.111074,
0.015365,
-0.010995,
-0.015241,
-0.060577,
0.009808,
-0.045756,
0.011984,
0.001759,
-0.026945,
-0.013937,
0.043640,
-0.029615,
0.011292,
-0.123708,
-0.063619,
0.205168,
-0.082926,
-0.026453,
0.030821,
-0.054884,
0.045640,
0.068291,
-0.033383,
-0.162556,
-0.024804,
-0.020928,
-0.062193,
-0.066180,
0.076622,
-0.046596,
0.018152,
0.049213,
-0.067489,
0.060049,
-0.065935,
-0.031972,
0.094839,
0.020077,
0.043170,
0.057101,
-0.064662,
0.016150,
-0.087813,
-0.127418,
0.015794,
0.045879,
-0.029569,
-0.046817,
-0.023114,
-0.034685,
-0.020510,
0.066088,
-0.097661,
0.047377,
-0.028806,
0.001238,
-0.007349,
-0.037891,
0.024507,
0.047527,
0.025227,
0.013172,
-0.072667,
-0.115611,
-0.024264,
0.019798,
0.013808,
0.089004,
0.064773,
-0.055510,
0.068742,
-0.009613,
0.084122,
0.022117,
-0.086328,
-0.064073,
0.036200,
-0.051828,
0.078237,
0.157622,
-0.009470,
-0.098823,
0.008487,
0.087427,
0.126257,
0.092131,
-0.010346,
-0.166175,
0.040218,
-0.097256,
0.002609,
-0.103751,
0.008107,
0.045293,
-0.012968,
-0.003282,
0.031599,
-0.121961,
0.057895,
-0.006304,
0.101490,
-0.036289,
0.065004,
-0.033840,
0.021466,
-0.102362,
0.014454,
-0.096706,
0.015924,
0.052668,
-0.025475,
-0.014023,
-0.036793,
-0.034938,
-0.007852,
-0.098151,
0.005523,
-0.052555,
0.009876,
0.046791,
-0.077790,
0.019728,
-0.055135,
0.098639,
-0.010321,
0.057845,
-0.077343,
-0.024207,
0.046518,
-0.073711,
-0.000716,
-0.024835,
-0.003855,
-0.136515,
-0.019259,
-0.004186,
0.086677,
0.097526,
-0.010997,
0.025134,
-0.015146,
-0.142570,
-0.000783,
0.143431,
-0.016545,
-0.038429,
-0.071688,
-0.038937,
0.057026,
0.089133,
-0.009384,
-0.115715,
0.099725,
-0.057273,
0.006012,
0.052646,
-0.035210,
0.087842,
-0.035582,
0.077214,
0.017435,
0.030745,
0.011889,
0.044501,
0.064505,
-0.059970,
-0.081414,
-0.058774,
-0.031701,
0.009010,
-0.160860,
-0.089684,
-0.069548,
0.043064,
-0.071902,
-0.019278,
-0.122631,
0.037732,
0.030884,
-0.042869,
0.082292,
-0.006083,
0.004712,
-0.007113,
-0.073425,
0.140398,
-0.044732,
-0.040538,
-0.055717,
0.070856,
-0.073501,
0.065709,
-0.042376,
-0.009884,
0.008129,
0.117041,
-0.029847,
-0.169668,
0.154322,
-0.092483,
-0.026594,
-0.051691,
0.008647,
-0.055481,
0.032710,
-0.002780,
-0.128135,
-0.096859,
-0.007579,
-0.188780,
-0.065474,
0.064908,
0.087889,
0.114130,
0.008256,
-0.183134,
0.020300,
-0.018076,
0.051575,
0.002323,
0.010676,
0.008946,
0.007420,
0.058600,
0.059650,
-0.114638,
0.022885,
0.095418,
0.006365,
-0.019438,
-0.033764,
-0.044631,
-0.076505,
0.043859,
-0.078189,
-0.039197,
-0.076093,
0.046492,
-0.082901,
-0.023290,
0.025269,
-0.038589,
0.012626,
0.032987,
0.084294,
-0.031852,
0.030284,
-0.082361,
-0.027776,
0.017276,
0.014375,
0.065727,
0.012471,
0.077737,
-0.018962,
0.043855,
-0.008953,
-0.067571,
-0.142025,
0.087586,
0.009846,
-0.017772,
-0.021723,
-0.014570,
-0.006065,
-0.063618,
-0.073349,
-0.047686,
-0.017288,
-0.107075,
-0.058300,
0.009887,
-0.018485,
0.010267,
-0.022925,
0.015941,
0.037107,
0.116676,
0.081700,
-0.145667,
0.063916,
-0.051420,
0.008521,
0.066595,
-0.022214,
0.088451,
-0.052882,
0.107322,
0.054492,
-0.077848,
-0.019968,
0.017607,
-0.006275,
0.047931,
-0.047763,
-0.004397,
-0.065112,
0.053158,
-0.127907,
-0.022329,
-0.058311,
0.085215,
-0.052946,
-0.041264,
0.036923,
-0.025674,
0.097305,
0.052500,
0.076096,
-0.015507,
-0.014917,
-0.023555,
0.085472,
0.003999,
0.002587,
0.033838,
-0.062916,
0.046219,
0.047683,
0.051221,
-0.028964,
-0.068891,
-0.116020,
-0.036461,
0.019181,
0.030947,
-0.051086,
0.033957,
-0.004684,
0.024750,
0.038531,
0.041149,
-0.099369,
-0.052806,
-0.042170,
-0.033097,
-0.050272,
0.159431,
0.007663,
0.036044,
0.051877,
0.016260,
0.138451,
0.016452,
0.064120,
-0.147518,
-0.044687,
0.147716,
-0.065478,
-0.010462,
0.049644,
0.056541,
-0.013358,
0.066789,
0.050532,
0.044099,
-0.037418,
-0.098128,
-0.077060,
0.015940,
-0.069245,
0.022216,
0.051911,
-0.096641,
0.020183,
0.074727,
-0.057356,
-0.042072,
-0.026205,
0.062690,
0.066535,
0.028905,
-0.015679,
-0.038520,
-0.065028,
0.003535,
-0.019950,
-0.032880,
-0.091746,
0.009769,
-0.040576,
0.054784,
0.032800,
-0.033365,
-0.087341,
-0.030934,
-0.020925,
-0.015586,
0.047702,
0.116776,
-0.023313,
-0.043946,
0.050090,
0.021327,
-0.014471,
-0.030068,
-0.007688,
-0.035022,
-0.048528,
-0.082038,
-0.004609,
0.186660,
-0.093160,
-0.085137,
0.048924,
0.026736,
0.076156,
-0.078437,
-0.027015,
0.002880,
-0.055247,
0.125656,
0.082299,
0.031731,
-0.025989,
0.042801,
0.039636,
-0.068285,
-0.010230,
-0.041161,
0.068688,
-0.022256,
-0.016263,
0.054838,
0.089634,
0.039598,
0.035128,
-0.070116,
-0.058738,
0.024539,
0.045283,
-0.038751,
0.072177,
0.020588,
0.025988,
0.033468,
-0.080167,
-0.041996,
-0.089626,
-0.032324,
0.082263,
-0.038205,
-0.106145,
0.044959,
-0.087707,
-0.059580,
0.070381,
-0.074342,
-0.028650,
0.083864,
-0.046336,
-0.064719,
0.022442,
-0.003514,
-0.013366,
0.073385,
0.010709,
-0.037867,
0.017661,
0.041835,
0.000173,
-0.040870,
0.037338,
0.062468,
0.025447,
0.121506,
0.044742,
-0.052034,
0.035346,
0.043651,
0.056039,
0.030595,
0.065640,
-0.057913,
-0.006636,
0.101516,
0.039593,
-0.039406,
-0.022802,
0.032990,
0.032574,
0.094843,
0.026326,
0.018963,
0.037763,
-0.017068,
-0.072869,
0.034638,
0.011503,
-0.040102,
-0.028358,
0.010094,
-0.018767,
-0.049174,
0.075067,
0.017981,
0.013262,
0.054493,
0.066518,
0.026168,
-0.112285,
-0.036310,
0.028904,
-0.008188,
-0.012688,
-0.003342,
0.052383,
-0.025974,
0.037311,
0.029272,
0.053447,
-0.002059,
-0.125044,
0.135730,
0.000869,
-0.008416,
-0.053253,
0.102795,
0.000129,
-0.065155,
-0.087365,
0.008913,
-0.020468,
-0.014902,
0.000202,
-0.003012,
-0.026910,
0.049613,
0.024180,
0.054082,
0.061786,
0.066605,
0.034384,
-0.053803,
-0.028448,
0.060570,
0.022881,
-0.018869,
0.079499,
0.022701,
0.011936,
-0.045358,
-0.068907,
-0.012254,
0.045738,
-0.010164,
-0.014249,
-0.061268,
-0.005817,
-0.029062,
-0.048156,
-0.050931,
0.098592,
0.035234,
0.039806,
-0.077371,
-0.065015,
-0.021897,
0.036853,
-0.078056,
0.044021,
0.003611,
-0.066523,
-0.058218,
0.049098,
0.000958,
-0.033769,
0.101968,
0.017656,
-0.037807,
-0.066828,
-0.077283,
-0.041797,
-0.077041,
-0.008627,
0.042421,
-0.045706,
0.057364,
-0.017807,
0.019987,
0.043851,
-0.034682,
0.024830,
0.013345,
-0.053271,
-0.001220,
-0.001315,
-0.005856,
0.014365,
-0.065503,
0.023651,
0.041687,
-0.029958,
-0.085229,
0.059377,
-0.018983,
0.145125,
0.043212,
-0.043706,
-0.066247,
-0.023894,
-0.042050,
-0.002191,
0.086824,
0.044199,
-0.076261,
-0.022113,
0.055395,
-0.025833,
-0.053702,
-0.042892,
0.043699,
0.074017,
-0.081621,
0.024647,
0.068329,
-0.041048,
0.047441,
-0.002763,
-0.094660,
0.026080,
-0.073909,
0.018333,
-0.040468,
0.048909,
0.008218,
0.022382,
0.014051,
0.042147,
-0.017218,
0.051356,
-0.013571,
-0.031816,
-0.029658,
0.029627,
-0.078577,
0.073239,
-0.008549,
0.064961,
0.031321,
-0.117345,
0.097484,
0.004249,
0.000692,
-0.104271,
-0.055544,
-0.048168,
0.032037,
0.002618,
-0.057687,
0.012515,
0.055796,
-0.004230,
0.023051,
0.091448,
-0.040842,
-0.039057,
-0.087967,
0.046714,
0.034596,
0.052389,
-0.012273,
-0.153061,
0.105672,
0.093239,
0.051359,
-0.015941,
0.057110,
-0.040337,
-0.092713,
0.112565,
-0.032956,
-0.042969,
0.097799,
0.065936,
-0.011697,
-0.002673,
-0.024550,
-0.104748,
-0.067803,
-0.004863,
-0.084634,
0.002099,
-0.031861,
0.052606,
0.033118,
0.101644,
-0.019156,
0.044067,
-0.028241,
0.011807,
-0.034032,
0.041786,
-0.063583,
-0.000906,
-0.002984,
0.055278,
-0.068997,
-0.102727,
0.011939,
-0.068968,
0.075911,
-0.045479,
0.016279,
-0.139235,
0.086231,
0.068668,
-0.122897,
-0.060642,
-0.073255,
-0.038800,
0.004287,
-0.013697,
-0.054312,
-0.040994,
-0.062218,
-0.024746,
0.018874,
-0.065094,
-0.011014,
0.039447,
0.046765,
0.035117,
-0.007480,
0.072240,
-0.051761,
-0.135072,
-0.033636,
-0.021878,
0.036182,
0.028353,
-0.014392,
-0.036039,
0.044807,
0.012404,
-0.039971,
-0.065409,
0.065249,
0.021571,
0.086894,
0.014004,
-0.033697,
-0.050948,
0.024747,
0.025555,
0.026249,
-0.002826,
0.029479,
0.077610,
0.047894,
0.050471,
0.062501,
0.030497,
0.038556,
-0.049602,
-0.000414,
0.111455,
0.059295,
0.042030,
-0.003839,
-0.111340,
0.036929,
0.009298,
0.019486,
0.055852,
-0.060073,
0.072878,
0.022495,
-0.046273,
0.044457,
-0.028461,
-0.063664,
0.076672,
0.054368,
-0.009385,
0.062965,
-0.078114,
0.026815,
0.083500,
-0.015981,
0.031671,
0.060666,
0.006981,
0.064806,
0.097911,
-0.094188,
0.046560,
-0.018576,
0.029709,
-0.057811,
-0.142008,
0.007479,
-0.025623,
0.029019,
0.040844,
0.079981,
0.021033,
-0.074522,
-0.007683,
-0.048940,
0.064146,
0.066851,
-0.044559,
0.001278,
0.079379,
-0.005806,
-0.061466,
0.046446,
0.026992,
0.009255,
-0.113191,
-0.025531,
0.003635,
-0.005817,
0.003961,
0.057812,
-0.056094,
0.056170,
0.053869,
-0.010617,
0.030485,
0.021573,
0.072572,
-0.091307,
-0.011763,
0.037677,
-0.090601,
-0.000434,
0.004240,
-0.051675,
-0.068477,
-0.068990,
-0.038398,
0.021616,
0.061778,
0.015957,
0.023655,
0.048442,
0.014789,
-0.008590,
0.046719,
-0.028988,
-0.060649,
0.047259,
0.010630,
0.019498,
-0.000958,
0.013093,
0.061368,
0.083243,
0.052035,
-0.031513,
0.016432,
-0.040849,
-0.011120,
0.048933,
0.045651,
0.066411,
-0.018316,
0.031681,
-0.002181,
-0.070171,
-0.008962,
0.038343,
-0.091423,
-0.044766,
0.012588,
-0.001032,
0.021909,
-0.011039,
0.082006,
-0.026715,
-0.044806,
-0.039724,
-0.095452,
-0.023206,
-0.000031,
-0.069201,
0.039954,
-0.044869,
0.079687,
-0.069290,
-0.021189,
0.096731,
0.010294,
-0.081571,
0.052878,
0.038711,
-0.101260,
-0.054189,
-0.104277,
-0.055965,
-0.011944,
0.045762,
0.060028,
0.074004,
-0.097529,
-0.019040,
0.012883,
-0.068088,
0.054381,
-0.068431,
0.008074,
0.003361,
-0.027962,
0.022447,
0.016513,
0.045833,
0.009669,
0.015565,
-0.047380,
0.075150,
0.008472,
0.000051,
-0.084319,
0.061393,
0.003532,
-0.073929,
-0.020858,
-0.110275,
0.075360,
0.057872,
-0.012706,
-0.059530,
0.000434,
0.016219,
0.073511,
0.017777,
-0.011256,
0.090203,
-0.038034,
0.051618,
-0.047014,
0.055868,
-0.013636,
-0.048864,
-0.083972,
-0.016382,
-0.026542,
0.021978,
0.042156,
0.004819,
0.084757,
-0.075779,
0.000109,
-0.043709,
0.002720,
0.078857,
-0.047281,
-0.012639,
-0.004575,
-0.028061,
-0.018323,
-0.000210,
-0.014045,
-0.014313,
-0.085852,
0.053192,
0.077659,
0.020829,
-0.083356,
-0.020710,
0.073861,
0.018555,
0.089993,
-0.003214,
0.016189,
0.084068,
0.037721,
-0.021908,
0.010725,
-0.087661,
-0.050036,
-0.021581,
0.085841,
0.040878,
0.040041,
-0.041101,
0.048923,
-0.048673,
-0.000117,
-0.045643,
0.016249,
-0.044755,
0.056405,
0.017513,
0.079738,
0.002749,
-0.002247,
0.041438,
-0.072456,
0.062333,
0.013495,
-0.076527,
-0.064841,
-0.028065,
-0.027805,
0.064062,
-0.015871,
-0.004894,
-0.002762,
-0.070348,
-0.071287,
0.061172,
-0.071443,
0.058588,
0.074113,
-0.015103,
0.086617,
0.062670,
0.008607,
0.054599,
-0.029943,
-0.086945,
0.004734,
-0.096111,
-0.061682,
-0.049514,
-0.084208,
0.075218,
-0.066117,
-0.011884,
0.050637,
0.036634,
0.066189,
-0.020218,
-0.033135,
-0.022381,
0.075730,
0.047855,
0.013522,
0.071826,
-0.060655,
0.046806,
-0.030356,
-0.035027,
0.072771,
-0.019027,
0.028152,
-0.025925,
0.043598,
0.034986,
0.082277,
-0.019412,
0.070844,
0.077697,
0.046712,
0.041733,
0.048803,
-0.012965,
0.042345,
0.051000,
0.061960,
-0.062955,
-0.013734,
0.073109,
-0.037873,
-0.002272,
0.080655,
0.069902,
-0.008754,
0.068035,
-0.066970,
0.045620,
-0.000697,
0.036888,
-0.043210,
-0.035144,
0.043183,
-0.014879,
0.037921,
-0.042709,
0.019798,
-0.034029,
-0.006466,
0.069930,
-0.066397,
-0.035692,
-0.038553,
-0.055281,
0.034077,
-0.069091,
0.034863,
-0.002490,
-0.009914,
-0.085703,
-0.008626,
0.023065,
-0.026722,
0.079613,
-0.062967,
0.001474,
0.064815,
-0.080111,
0.051881,
-0.007821,
-0.024102,
-0.060447,
0.100334,
0.022364,
0.048159,
-0.070072,
-0.026202,
0.025219,
-0.078179,
-0.065921,
0.022142,
0.042676,
0.031399,
0.076167,
-0.088720,
0.020685,
0.060835,
-0.063009,
-0.086555,
0.048754,
-0.022981,
0.080565,
-0.032173,
-0.072263,
0.030925,
-0.073272,
0.026228,
-0.042476,
-0.029705,
0.048142,
0.011290,
-0.046411,
0.018499,
-0.071561,
-0.005034,
-0.077988,
-0.065046,
0.032572,
-0.056257,
0.023156,
0.000901,
0.043490,
0.012916,
0.029586,
0.021529,
0.075594,
0.014804,
-0.015646,
-0.014620,
0.063145,
-0.082157,
-0.032536,
-0.075198,
-0.016214,
-0.020296,
-0.013107,
0.083186,
0.024115,
-0.075198,
0.047415,
0.058912,
-0.008815,
-0.001436,
-0.054308,
-0.004921,
-0.068516,
-0.061566,
-0.047543,
-0.028338,
-0.062190,
0.037426,
-0.008170,
0.029275,
-0.086260,
0.014610,
-0.012657,
0.000305,
-0.064417,
0.068128,
-0.006172,
0.089170,
-0.035957,
-0.048148,
-0.030195,
0.053653,
-0.045472,
-0.002586,
-0.014803,
-0.084299,
0.050363,
0.058500,
-0.004594,
-0.056222,
0.056932,
0.077012,
0.036022,
0.081024,
0.052906,
-0.030786,
-0.009910,
-0.061885,
0.011589,
0.045528,
-0.034808,
-0.005271,
0.067655,
0.079959,
0.045859,
0.052438,
-0.062474,
0.082948,
-0.007172,
0.057737,
0.029038,
-0.055269,
-0.079657,
0.002866,
-0.066126,
-0.000736,
-0.086775,
0.036845,
-0.085118,
0.048186,
0.027417,
0.086553,
0.005430,
0.072528,
-0.030209,
0.005719,
0.000302,
0.044449,
-0.041008,
-0.075629,
-0.061383,
0.009408,
0.063321,
-0.059138,
-0.068662,
-0.073590,
0.071902,
-0.009953,
0.068576,
0.041856,
-0.065911,
-0.057251,
-0.032124,
0.013416,
-0.052102,
-0.085136,
0.002500,
0.022345,
-0.072622,
-0.057066,
0.021835,
-0.069052,
-0.052887,
0.069350,
0.063201,
0.005599,
0.021578,
-0.006349,
-0.062462,
-0.022372,
-0.092451,
-0.032791,
0.045148,
0.016234,
0.001103,
-0.079293,
0.057890,
0.005381,
0.018456,
-0.074529,
-0.021788,
0.061907,
0.005000,
-0.054589,
0.030565,
0.028250,
-0.035830,
-0.062473,
0.075389,
-0.083444,
0.015914,
0.024783,
-0.041074,
0.071479,
-0.072616,
0.029149,
-0.084824,
-0.004398,
-0.073673,
0.037632,
-0.039156,
0.027769,
-0.075677,
-0.031559,
-0.066022,
0.024224,
-0.064745,
0.057076,
-0.076495,
0.035427,
-0.029131,
0.082932,
-0.030193,
-0.023802,
0.037145,
-0.058572,
0.079234,
0.019045,
0.056125,
-0.055604,
-0.086810,
-0.063818,
-0.068486,
-0.048951,
-0.083248,
-0.063243,
0.037728,
-0.070403,
0.075831,
-0.063916,
-0.039238,
-0.078844,
-0.020773,
0.050712,
-0.087529,
-0.024748,
0.038970,
0.024467,
-0.072428,
0.022540,
-0.048237,
0.008334,
-0.005801,
-0.029184,
0.017112,
0.064412,
0.072545,
0.043992,
-0.003110,
0.022363,
0.046136,
0.032641,
0.071657,
-0.021048,
0.028261,
-0.042324,
0.072168,
-0.040981,
0.066044,
0.078742,
-0.008060,
0.047482,
0.077851,
0.057096,
-0.000905,
-0.019045,
-0.046583,
0.057520,
-0.082688,
0.045682,
0.083732,
0.031079,
0.065863,
0.068700,
-0.087332,
0.092597,
-0.072997,
0.024425,
0.020393,
0.076596,
-0.027725,
0.039227,
-0.005056,
0.046720,
-0.010230,
-0.076289,
0.021966,
0.015832,
0.048693,
-0.000443,
0.062243,
0.049219,
0.048522,
0.045129,
0.018943,
0.054041,
0.066097,
-0.032455,
-0.029088,
0.050200,
0.024459,
-0.008544,
-0.043299,
0.045063,
-0.003782,
-0.047097,
-0.034497,
-0.084585,
-0.062861,
-0.040421,
0.018329,
0.018598,
0.080135,
0.036204,
-0.038978,
-0.026572,
-0.009257,
-0.078333,
-0.004447,
-0.039287,
-0.061163,
0.072527,
0.038337,
0.065387,
0.003289,
-0.064918,
0.056321,
-0.027594,
0.065503,
-0.105606,
-0.007345,
-0.073734,
0.065434,
0.021684,
-0.008008,
0.051781,
0.001135,
-0.065743,
-0.013324,
0.029842,
-0.073977,
-0.034839,
0.023690,
0.063236,
0.014228,
0.008738,
-0.027912,
0.061768,
0.012914,
0.073992,
0.104601,
-0.011473,
0.012901,
0.102108,
-0.002487,
0.029666,
-0.031234,
-0.000777,
0.002573,
-0.015777,
0.139063,
-0.087357,
-0.051045,
-0.083294,
-0.060021,
0.080601,
0.052346,
-0.011450,
0.057449,
0.001318,
0.027286,
-0.066108,
0.035458,
0.037466,
-0.060263,
-0.034337,
-0.006403,
0.014128,
0.017496,
-0.070923,
0.009417,
0.022846,
0.027572,
0.026734,
-0.036273,
0.030208,
-0.065947,
0.097584,
-0.003422,
-0.101928,
0.060593,
-0.062766,
-0.091204,
-0.073880,
-0.013813,
0.052854,
-0.015020,
-0.018886,
0.111960,
-0.007362,
-0.016856,
0.068415,
-0.025122,
-0.038998,
-0.047303,
0.011187,
0.101921,
0.074364,
-0.062196,
-0.036991,
-0.014188,
-0.043911,
-0.007184,
0.078772,
0.003007,
0.013920,
0.053195,
0.090897,
-0.020063,
-0.042473,
0.119600,
-0.042150,
0.043799,
-0.082732,
-0.004362,
0.064651,
0.029871,
0.061103,
0.095768,
-0.018962,
-0.027450,
-0.105507,
0.077413,
0.025282,
0.012209,
-0.118345,
-0.065649,
-0.053703,
0.041091,
0.014312,
0.010340,
0.043547,
0.052932,
-0.041142,
-0.023498,
0.043024,
-0.042106,
-0.094942,
0.076634,
-0.064638,
0.056281,
0.149632,
-0.069371,
0.005016,
-0.069948,
0.055939,
-0.081015,
0.009456,
-0.021225,
0.030797,
0.002495,
-0.089584,
0.031110,
0.066283,
0.013717,
-0.057533,
-0.038073,
0.084944,
0.062215,
-0.070646,
-0.012045,
0.061117,
0.032130,
0.003560,
-0.078320,
0.069505,
0.046162,
0.025686,
-0.035506,
-0.122841,
-0.022919,
0.069716,
0.009020,
-0.059767,
0.073093,
-0.018723,
-0.015515,
-0.065441,
0.085921,
0.028519,
0.001638,
0.079473,
-0.063626,
-0.075360,
0.022443,
-0.024079,
0.056845,
0.047031,
0.065799,
-0.110150,
-0.072447,
-0.053837,
0.054534,
0.052324,
0.012065,
0.041184,
0.011852,
-0.096521,
0.077363,
-0.088391,
-0.078072,
-0.005873,
0.021621,
-0.077182,
0.030867,
0.047647,
-0.052985,
0.055454,
-0.036896,
-0.012689,
-0.069880,
0.020803,
0.002669,
-0.045409,
0.000613,
0.050072,
0.088614,
0.063537,
0.058796,
0.000471,
-0.047221,
0.002581,
0.064730,
-0.002976,
-0.020767,
0.053956,
-0.038225,
-0.031049,
-0.016654,
0.110050,
-0.109667,
-0.040069,
-0.034341,
-0.026744,
0.084551,
-0.067607,
0.010178,
-0.085246,
0.006328,
-0.018529,
-0.014883,
0.068259,
0.079334,
-0.029468,
-0.029703,
-0.014397,
-0.077225,
-0.074885,
0.102472,
-0.024623,
-0.040662,
0.069289,
-0.057158,
-0.098820,
-0.055358,
0.054545,
-0.060317,
-0.004271,
-0.095224,
-0.072067,
-0.042704,
-0.111759,
-0.027655,
0.053084,
-0.019647,
-0.061343,
0.035958,
0.020867,
-0.005918,
0.161157,
-0.058586,
-0.029320,
-0.005856,
-0.016217,
0.037144,
-0.073601,
-0.049787,
-0.075436,
-0.113128,
0.007972,
0.172680,
0.137402,
0.110199,
-0.085240,
-0.061894,
0.074110,
0.060719,
0.009210,
0.077945,
0.014489,
0.003067,
-0.050925,
0.078685,
-0.016974,
-0.046668,
0.025355,
-0.033448,
-0.030135,
0.035028,
0.038695,
-0.000788,
0.002181,
0.046280,
-0.038856,
-0.068126,
-0.016394,
-0.005976,
-0.043594,
0.017172,
-0.012768,
0.054776,
0.007780,
0.054753,
0.059854,
0.050880,
0.004886,
-0.018335,
-0.039741,
-0.077084,
0.040703,
-0.019833,
0.076285,
0.019347,
0.051250,
-0.033460,
0.054486,
0.045661,
-0.076058,
-0.096251,
0.026978,
0.056603,
-0.015287,
-0.057118,
0.108432,
-0.026030,
0.018796,
0.050945,
-0.033468,
-0.014804,
-0.022367,
-0.053478,
-0.067211,
-0.060244,
-0.003167,
0.096243,
0.022784,
0.025795,
-0.087856,
0.085432,
0.004515,
0.081449,
0.055578,
0.046528,
-0.019766,
0.031555,
0.029220,
-0.065751,
0.106409,
-0.030609,
-0.003964,
-0.022714,
-0.076503,
-0.047224,
0.074491,
0.063415,
-0.072687,
0.086237,
0.060610,
-0.080747,
-0.065961,
0.072075,
-0.020267,
-0.059537,
-0.067668,
-0.053823,
-0.008114,
0.125980,
-0.002677,
-0.047345,
0.006015,
-0.021026,
-0.110615,
-0.117191,
0.013641,
0.017524,
-0.001814,
-0.027388,
0.014543,
-0.044990,
-0.038181,
0.088171,
-0.050837,
-0.057598,
-0.021071,
0.009196,
-0.038914,
-0.016958,
0.061952,
0.011254,
0.107148,
0.018858,
0.128330,
-0.040551,
0.016366,
0.005756,
0.040130,
-0.128821,
-0.049483,
0.107522,
-0.023046,
-0.058962,
-0.036079,
-0.078229,
0.085375,
-0.035091,
-0.023551,
-0.066189,
0.063984,
0.010779,
0.033907,
0.033802,
-0.026172,
0.031264,
-0.118238,
0.114973,
-0.083718,
0.023049,
0.048380,
-0.031878,
-0.002126,
-0.013879,
0.053773,
0.060775,
0.001632,
-0.061292,
0.022661,
0.017995,
0.008446,
-0.112499,
-0.126968,
0.044837,
-0.019743,
0.062184,
-0.027241,
-0.073497,
-0.040389,
-0.070805,
0.045270,
0.105658,
0.047318,
0.006587,
0.016857,
0.036956,
-0.010525,
-0.024750,
-0.041862,
-0.073198,
0.043548,
0.043047,
-0.066073,
0.038402,
0.031982,
-0.143702,
-0.030798,
-0.111657,
0.069964,
-0.042313,
-0.080211,
0.046479,
0.003525,
-0.156004,
-0.072449,
0.180056,
-0.026325,
-0.129269,
-0.074106,
-0.072498,
0.034928,
0.010340,
0.064594,
-0.122230,
-0.013526,
0.032785,
-0.043371,
0.034011,
0.024564,
-0.019356,
-0.131754,
0.053797,
-0.101423,
-0.003828,
-0.057179,
-0.045956,
-0.023137,
-0.014694,
0.089150,
0.017632,
0.039190,
-0.058853,
-0.115003,
-0.049630,
0.012110,
0.058217,
-0.100510,
0.075752,
-0.091999,
-0.070766,
-0.057313,
-0.044930,
0.007432,
-0.018226,
-0.023288,
0.073402,
0.056595,
-0.062715,
0.001805,
-0.092285,
0.011873,
-0.034527,
-0.093717,
0.056189,
-0.000155,
0.046346,
0.060874,
-0.006764,
0.048737,
-0.141216,
0.111320,
-0.035320,
0.032802,
0.092378,
-0.055514,
-0.066538,
-0.095395,
-0.217123,
-0.027567,
0.049035,
-0.052135,
-0.152113,
-0.054719,
0.046213,
0.047509,
0.133998,
0.056179,
-0.092310,
0.121893,
-0.090040,
-0.059339,
-0.000992,
0.060400,
0.022490,
0.016799,
0.031174,
0.012105,
0.013931,
-0.071604,
0.032389,
-0.024275,
0.011969,
-0.037605,
0.053936,
-0.044817,
-0.084786,
0.024489,
0.000623,
0.037496,
0.000658,
-0.001560,
0.002231,
-0.016121,
0.049646,
0.035779,
-0.054082,
0.194200,
-0.042743,
-0.059221,
0.002450,
-0.016181,
-0.053108,
0.048122,
0.007895,
-0.137074,
0.054472,
-0.001737,
0.086023,
0.006795,
0.047345,
-0.101755,
0.083698,
0.036682,
0.008744,
-0.009262,
-0.068650,
0.065128,
-0.066567,
0.046148,
0.044570,
-0.040210,
-0.115849,
-0.140314,
0.124007,
0.061786,
-0.181022,
-0.005152,
0.037213,
0.017209,
0.001312,
-0.017671,
-0.078368,
0.025115,
-0.155822,
0.047918,
-0.011367,
0.012948,
-0.030565,
-0.076430,
0.097684,
-0.076013,
-0.048995,
0.019286,
0.035963,
0.068719,
0.126613,
-0.079319,
-0.014642,
-0.131179,
-0.029178,
-0.105847,
-0.005112,
-0.019869,
0.111615,
0.027204,
-0.073254,
-0.103817,
0.027523,
0.026781,
0.027668,
0.148314,
-0.037241,
-0.053033,
0.054421,
0.032058,
0.070068,
0.001254,
-0.005692,
0.006816,
0.024560,
0.015361,
-0.012870,
0.068529,
-0.070999,
0.042334,
0.021364,
-0.014354,
0.080126,
-0.075928,
-0.077016,
0.021592,
-0.068622,
0.017509,
-0.040489,
0.066130,
-0.015463,
-0.097762,
0.041721,
0.089694,
0.010408,
-0.071688,
-0.055111,
0.059628,
0.091265,
-0.019162,
-0.057641,
0.119153,
-0.089259,
0.040380,
0.017958,
-0.060652,
0.076213,
-0.049628,
0.075531,
-0.057506,
0.041799,
-0.065221,
0.081705,
-0.024119,
0.070647,
-0.012473,
0.013377,
-0.112006,
-0.009689,
-0.043418,
-0.097339,
-0.067321,
0.102382,
-0.021426,
-0.084871,
-0.082378,
-0.033957,
-0.000224,
-0.112091,
0.078707,
-0.061602,
-0.015094,
-0.046014,
0.045518,
0.072411,
0.025654,
-0.002773,
0.002109,
-0.024663,
-0.022614,
-0.016847,
0.011971,
0.060744,
-0.023953,
0.016893,
0.022070,
-0.000586,
-0.020609,
0.004415,
0.081194,
-0.042534,
-0.030034,
-0.032554,
-0.005281,
-0.069411,
-0.104764,
0.070727,
0.021112,
0.205102,
-0.021732,
0.020427,
0.155856,
0.082661,
0.139115,
0.067801,
0.153832,
0.016539,
0.054753,
0.149185,
0.081644,
0.029140,
-0.017924,
0.067911,
-0.070231,
0.067282,
0.016663,
-0.020317,
-0.070095,
0.031312,
0.008515,
0.024538,
0.061996,
-0.037082,
-0.002607,
-0.005973,
0.032470,
-0.066266,
0.017821,
-0.092979,
0.009056,
-0.050180,
0.101633,
0.057035,
-0.079410,
0.051531,
0.016550,
0.081656,
0.025647,
0.021916,
-0.049280,
-0.045055,
0.013773,
-0.089713,
-0.094815,
0.059610,
-0.027102,
-0.096866,
-0.023947,
-0.012226,
0.036237,
0.089969,
0.034901,
-0.023348,
-0.016068,
-0.039767,
-0.007714,
0.053681,
-0.034600,
-0.036743,
0.005033,
-0.034851,
0.037570,
0.085914,
-0.071878,
-0.063443,
0.031068,
-0.022482,
-0.037863,
-0.055619,
0.029453,
-0.103884,
0.022151,
0.009614,
0.045124,
-0.053150,
-0.069607,
0.026730,
-0.049739,
-0.051819,
-0.074963,
0.010604,
-0.067138,
-0.008810,
0.004107,
-0.051008,
0.081398,
0.041334,
0.050543,
-0.094985,
0.031279,
-0.092143,
0.060682,
0.026805,
-0.058086,
-0.074927,
0.078115,
0.017536,
-0.156332,
-0.044667,
0.033524,
0.006514,
0.090004,
0.058875,
0.044305,
0.002226,
0.034215,
-0.017442,
0.044801,
-0.026528,
-0.120438,
0.004125,
-0.072724,
-0.129421,
-0.051537,
-0.012612,
0.034731,
-0.064070,
0.061953,
0.008042,
-0.037394,
-0.048306,
-0.007443,
0.054576,
0.023353,
-0.046931,
-0.082721,
0.039406,
0.024118,
0.052706,
0.038684,
0.004750,
0.017724,
-0.052416,
-0.046985,
0.037435,
-0.012776,
0.095030,
-0.040923,
0.012272,
0.018385,
0.129883,
-0.146453,
0.037728,
0.000689,
-0.021938,
-0.022066,
0.033554,
-0.086682,
0.008922,
0.081674,
0.025414,
-0.022026,
0.014184,
-0.002761,
-0.015844,
0.021055,
0.062410,
-0.014723,
-0.010260,
0.087443,
0.021232,
-0.097828,
0.033025,
-0.005120,
-0.025578,
-0.064982,
-0.047329,
-0.089597,
0.051450,
0.072041,
-0.036853,
0.062408,
0.028800,
-0.055427,
-0.030995,
-0.048317,
-0.099886,
-0.005052,
-0.043687,
0.085102,
0.014544,
0.019142,
-0.036181,
0.044615,
0.030937,
-0.016460,
0.032602,
0.054479,
-0.003681,
0.048539,
-0.007957,
-0.023778,
0.013826,
0.152482,
0.082965,
-0.098581,
-0.005168,
0.016114,
-0.075370,
0.061062,
0.101170,
-0.019136,
-0.039446,
-0.020350,
0.039227,
-0.012009,
0.041723,
0.037863,
0.014247,
0.048271,
0.050628,
0.028683,
0.014097,
-0.027364,
0.035021,
-0.067892,
0.025569,
-0.032763,
-0.046067,
-0.040611,
0.028795,
0.052342,
-0.030373,
0.018377,
-0.016273,
0.061632,
-0.021704,
-0.074015,
0.016463,
0.020842,
-0.047548,
-0.031647,
0.003697,
-0.022459,
-0.009107,
-0.090935,
-0.032265,
-0.011368,
0.080423,
-0.065640,
-0.084846,
0.013143,
-0.082261,
0.064117,
-0.069287,
-0.053284,
-0.001033,
0.011815,
0.011385,
-0.059306,
0.008344,
0.066639,
0.022896,
0.059599,
-0.046909,
0.066328,
0.004894,
0.081103,
0.062558,
-0.027641,
-0.047813,
0.081906,
0.021109,
0.036247,
0.018131,
0.033973,
0.045161,
0.123783,
0.001983,
-0.088459,
-0.038375,
0.013472,
0.028409,
0.044748,
0.065237,
0.033775,
-0.053015,
0.071346,
-0.065502,
-0.059983,
-0.110957,
-0.043008,
-0.096745,
-0.028038,
0.070356,
0.070531,
0.022257,
0.024609,
0.014475,
0.060255,
0.051954,
-0.050419,
0.041967,
-0.039676,
-0.012032,
-0.037925,
-0.052523,
-0.056124,
-0.055320,
-0.026886,
-0.064207,
-0.037836,
0.058801,
-0.000337,
-0.163312,
-0.045738,
0.022877,
0.011068,
0.076040,
0.004846,
0.010112,
-0.016569,
0.124180,
-0.043205,
-0.076447,
0.085476,
-0.022880,
-0.054995,
-0.055253,
0.063046,
0.074060,
0.144147,
0.076215,
-0.155810,
-0.046281,
0.101684,
0.043751,
0.081702,
0.023550,
-0.037403,
-0.077895,
-0.022445,
0.048260,
-0.124039,
-0.000093,
-0.015237,
0.017290,
0.114779,
0.046497,
-0.077474,
0.080473,
0.095907,
-0.057948,
-0.028322,
-0.006152,
-0.046199,
-0.074619,
0.090629,
0.057736,
0.068152,
-0.036898,
-0.048263,
-0.019176,
-0.061464,
-0.045735,
-0.024133,
-0.012077,
-0.089941,
0.022572,
-0.028898,
-0.070382,
-0.008433,
-0.071455,
0.060040,
-0.076170,
-0.104832,
-0.005186,
0.029275,
0.013771,
0.039633,
-0.085898,
0.079435,
-0.075655,
0.095161,
0.013786,
-0.009649,
-0.039268,
-0.060791,
0.117102,
0.081178,
-0.039375,
0.008648,
-0.076992,
-0.067085,
-0.023955,
0.013240,
-0.022601,
-0.044929,
0.097356,
-0.024277,
-0.066407,
0.042899,
0.049375,
0.067659,
-0.087376,
-0.031375,
-0.039906,
0.003291,
0.010702,
-0.038106,
-0.055451,
0.039539,
0.037316,
-0.021712,
0.089404,
-0.070700,
0.020536,
-0.002689,
-0.070591,
-0.036047,
0.025992,
-0.004588,
0.049329,
0.004940,
0.056567,
-0.047408,
0.079826,
0.005027,
-0.047318,
-0.086596,
0.040853,
-0.086279,
0.059648,
0.017500,
-0.079174,
-0.020603,
0.019806,
-0.025031,
-0.023616,
0.025046,
0.013466,
0.079116,
0.004413,
0.025237,
0.003298,
0.040848,
0.028977,
-0.043215,
-0.023558,
-0.010563,
-0.036689,
0.027546,
0.048821,
-0.005746,
-0.082086,
0.008022,
0.059961,
-0.013255,
-0.027627,
0.165141,
0.032647,
-0.051322,
-0.079600,
-0.024060,
-0.014254,
0.005367,
-0.028752,
0.043720,
-0.047004,
0.076634,
-0.053217,
-0.041178,
-0.051519,
-0.025269,
-0.089074,
-0.061286,
0.027306,
0.059307,
0.061808,
0.001114,
-0.021516,
0.020422,
-0.079895,
-0.024228,
0.014215,
0.052713,
-0.018535,
0.025744,
0.059468,
-0.006859,
0.064756,
-0.044108,
0.049044,
-0.088638,
-0.096907,
-0.098614,
-0.047831,
-0.083054,
-0.057084,
-0.043056,
-0.051489,
-0.002767,
0.053063,
-0.043011,
0.046071,
-0.029623,
-0.041096,
0.022065,
-0.037118,
-0.003671,
0.034526,
-0.032224,
0.010496,
0.003624,
-0.091402,
-0.052700,
-0.003377,
0.014600,
-0.056850,
0.061601,
-0.083071,
0.068640,
-0.023356,
0.052738,
0.075010,
-0.082447,
-0.074577,
0.038016,
-0.016110,
0.059883,
-0.015801,
0.024127,
-0.064781,
-0.031280,
0.027027,
-0.068700,
-0.020505,
-0.005084,
-0.011306,
0.038230,
0.064836,
-0.059631,
-0.057154,
-0.065467,
0.048441,
-0.067324,
0.007997,
-0.019490,
0.017591,
0.020876,
0.003015,
0.089135,
-0.001026,
0.057850,
-0.037341,
0.037144,
0.028705,
0.005726,
0.000315,
-0.025063,
0.059826,
0.052588,
-0.071674,
0.051562,
0.064976,
-0.012514,
0.068256,
-0.068847,
0.029039,
-0.065200,
-0.072554,
0.030834,
-0.090537,
0.041772,
0.087704,
-0.070221,
-0.079142,
0.058151,
-0.038486,
0.060107,
0.064936,
0.050557,
0.013317,
0.014719,
-0.069459,
-0.057409,
0.078843,
0.149883,
0.077949,
-0.012861,
-0.084300,
0.089637,
0.036648,
0.014433,
0.061677,
0.012179,
0.016961,
0.015730,
0.007263,
-0.033813,
-0.027137,
0.079344,
-0.058257,
-0.005666,
-0.087356,
0.020420,
0.059976,
-0.010867,
0.026799,
-0.037578,
0.029950,
-0.055985,
0.028921,
0.114769,
0.051511,
-0.012320,
0.005667,
-0.018970,
-0.068725,
0.086372,
-0.024334,
-0.019692,
0.016340,
-0.078129,
-0.097079,
0.010054,
-0.022417,
0.061476,
-0.073857,
0.083711,
0.037121,
-0.062516,
0.010190,
0.049165,
0.049515,
0.020962,
0.065155,
0.030486,
-0.080887,
0.086320,
-0.001619,
-0.030329,
-0.057970,
-0.068468,
0.100370,
-0.013240,
0.040056,
-0.029469,
-0.053252,
0.067906,
-0.055549,
0.063975,
-0.087668,
-0.090786,
-0.057415,
0.081695,
0.052026,
0.072016,
0.025418,
-0.065445,
0.037361,
0.072389,
-0.045980,
-0.013379,
-0.026630,
0.064670,
0.042326,
-0.072692,
0.040562,
0.003699,
0.029685,
-0.007302,
-0.047774,
-0.058971,
-0.081221,
-0.040883,
0.027907,
-0.021155,
0.024963,
0.087059,
0.049181,
0.064546,
-0.007330,
-0.020970,
-0.093501,
-0.059612,
0.064014,
-0.034727,
-0.009572,
-0.073203,
0.032997,
0.043653,
-0.041941,
-0.061890,
-0.015477,
0.037975,
-0.052108,
-0.052674,
0.020192,
-0.054292,
0.039714,
-0.010863,
-0.014854,
-0.056533,
-0.057908,
0.041622,
0.036896,
0.065390,
0.087997,
-0.060350,
-0.004915,
-0.048973,
-0.005296,
0.040931,
-0.028091,
0.106408,
-0.025663,
0.053566,
0.051062,
0.058356,
-0.001123,
0.011162,
0.054757,
-0.021885,
0.037644,
0.030519,
-0.054069,
0.061128,
0.035797,
0.044099,
-0.067551,
-0.043566,
0.085512,
-0.012323,
-0.058280,
0.085601,
-0.044925,
-0.034023,
-0.087931,
0.084632,
0.047230,
0.057882,
0.043384,
0.001607,
0.029555,
0.033030,
0.054653,
-0.053718,
-0.069854,
-0.021983,
0.042098,
-0.079142,
0.063035,
0.004859,
-0.066822,
-0.079273,
0.022881,
0.024574,
-0.001624,
0.014833,
-0.064722,
0.019830,
-0.052490,
0.003807,
-0.001361,
-0.081145,
-0.065678,
-0.002576,
-0.053636,
-0.064232,
0.070632,
0.056014,
-0.076812,
-0.087738,
0.061100,
0.077091,
0.055628,
-0.048463,
-0.023111,
-0.001050,
0.063990,
-0.043641,
-0.049942,
-0.066539,
0.006597,
0.023592,
-0.018643,
0.072487,
0.008410,
-0.027161,
0.058705,
-0.000752,
-0.058651,
0.014631,
0.002463,
-0.030821,
0.030881,
-0.069327,
-0.061982,
-0.046848,
-0.009020,
-0.037425,
0.057465,
0.032831,
-0.015958,
-0.056373,
0.009195,
0.082926,
-0.054423,
-0.059912,
0.013583,
0.036821,
-0.040950,
0.034037,
0.027598,
0.008844,
-0.004658,
0.007308,
-0.064597,
-0.010223,
0.065780,
0.049009,
-0.065151,
0.082561,
0.086466,
0.067188,
-0.041083,
-0.023227,
-0.024041,
-0.012414,
0.024040,
0.013009,
-0.026876,
-0.035199,
0.025515,
-0.016594,
-0.033145,
0.006496,
0.021266,
-0.016359,
0.040001,
-0.008141,
0.031592,
-0.016541,
0.079084,
-0.047147,
-0.023939,
0.050253,
-0.041649,
0.059543,
-0.085548,
-0.006793,
0.026397,
-0.014762,
0.067464,
0.031478,
-0.001327,
-0.054518,
-0.041620,
-0.031892,
0.004929,
-0.017277,
0.019454,
0.077684,
-0.013084,
0.087694,
-0.020707,
-0.021498,
-0.004039,
0.080794,
-0.074238,
-0.055273,
0.025757,
-0.061855,
-0.068214,
-0.059394,
0.065475,
-0.008263,
0.019436,
-0.046407,
0.041123,
-0.008079,
-0.034531,
0.046649,
-0.071252,
0.084922,
-0.039988,
-0.053595,
-0.070070,
0.014735,
0.037016,
-0.064642,
0.001015,
0.045171,
0.058930,
-0.060192,
-0.081733,
-0.030901,
0.062604,
-0.056804,
-0.009093,
-0.003345,
0.066286,
-0.053156,
0.025368,
0.025389,
-0.053044,
0.065959,
0.003735,
-0.012522,
0.018456,
0.044129,
0.027816,
0.008372,
0.063848,
-0.060540,
0.003759,
-0.066788,
0.024641,
-0.070339,
0.015456,
-0.039832,
-0.048551,
-0.011719,
-0.022830,
-0.075081,
0.088253,
-0.000325,
0.046300,
0.085972,
0.056512,
0.036588,
0.087115,
-0.064346,
-0.050782,
0.023659,
-0.008576,
0.034291,
-0.085753,
-0.054305,
0.049051,
0.011594,
0.067345,
-0.066813,
0.077797,
-0.053843,
0.072122,
-0.046495,
0.020230,
-0.012337,
-0.075078,
-0.033565,
0.018899,
0.033679,
0.053003,
-0.016555,
-0.017732,
-0.074776,
0.003488,
-0.071113,
-0.025116,
-0.037224,
0.026785,
0.083370,
-0.018373,
-0.080739,
-0.026920,
0.041988,
0.075987,
-0.081818,
0.015319,
0.037752,
-0.080499,
0.031329,
0.018226,
0.064583,
0.016482,
0.000942,
-0.037659,
-0.075994,
-0.060425,
-0.002761,
-0.002246,
-0.079508,
-0.000012,
-0.038478,
0.014487,
0.063104,
0.033524,
-0.068410,
0.085046,
0.039203,
-0.058197,
0.034266,
-0.027082,
-0.074125,
0.013782,
0.045069,
-0.028504,
-0.034981,
-0.019185,
0.015663,
0.051717,
0.031694,
0.049310,
-0.039496,
0.027497,
-0.055161,
0.077347,
0.006522,
-0.003777,
0.059388,
-0.038332,
-0.008483,
-0.027746,
-0.013352,
-0.002554,
-0.002945,
0.054005,
-0.000827,
-0.086024,
0.070957,
0.005966,
-0.021486,
-0.103430,
-0.060442,
-0.015809,
-0.015282,
-0.027293,
-0.066378,
-0.007863,
0.061922,
0.015378,
-0.030585,
-0.045251,
0.071126,
-0.002720,
-0.061305,
-0.056346,
0.001867,
0.030804,
0.046658,
0.068269,
0.035524,
0.064275,
0.031159,
0.070640,
-0.106912,
0.002841,
0.075404,
-0.019388,
-0.043155,
-0.021818,
0.022686,
0.076078,
-0.026714,
-0.025446,
0.067301,
0.015372,
0.016500,
-0.001227,
0.084448,
0.081595,
-0.101006,
-0.033593,
0.023067,
0.036261,
-0.108827,
-0.049668,
0.022278,
-0.033398,
-0.042047,
-0.043970,
0.065651,
0.038012,
-0.038059,
0.005546,
0.043279,
0.000357,
0.047406,
-0.066018,
-0.010529,
-0.066477,
-0.008588,
0.070158,
0.043423,
0.018245,
-0.083083,
0.006428,
-0.031143,
-0.080692,
-0.039135,
0.060716,
-0.003491,
-0.078953,
0.060860,
0.044017,
-0.002053,
-0.060956,
0.044488,
-0.084892,
-0.050240,
0.052652,
0.004980,
-0.012964,
-0.089911,
0.049350,
0.042227,
-0.001674,
-0.046180,
-0.052089,
-0.016564,
-0.062314,
0.056377,
0.015694,
0.064936,
0.063386,
-0.082113,
-0.020008,
0.033968,
0.064602,
0.041480,
-0.058131,
0.078902,
0.079133,
0.000384,
0.050710,
-0.088390,
0.041677,
-0.011126,
-0.078561,
-0.031662,
-0.049787,
0.016762,
-0.056037,
-0.063541,
-0.001841,
-0.008427,
-0.035466,
0.068763,
0.037346,
-0.023170,
-0.011605,
0.064991,
-0.002904,
0.010239,
0.009226,
0.132150,
-0.044128,
-0.086959,
-0.054690,
-0.072015,
0.056803,
0.011035,
0.070388,
0.021909,
0.041348,
0.013305,
-0.018462,
-0.062140,
-0.035172,
0.047438,
-0.066151,
0.052228,
0.002414,
-0.067356,
0.071567,
0.085673,
-0.001840,
-0.070621,
0.035898,
0.086308,
0.014759,
0.062270,
0.045326,
-0.099042,
0.016267,
-0.036682,
-0.053428,
0.060919,
0.025375,
-0.068182,
-0.045362,
0.002123,
0.046619,
-0.020426,
0.032216,
0.003260,
0.060838,
0.065983,
-0.043424,
-0.017548,
-0.068103,
0.042654,
-0.078344,
-0.108671,
0.044462,
-0.088902,
-0.050796,
-0.074263,
-0.091823,
-0.038771,
0.080972,
-0.016455,
0.052259,
-0.021476,
-0.067420,
0.061686,
-0.069861,
-0.060132,
0.021873,
0.032468,
-0.021517,
-0.014010,
0.024614,
-0.032825,
-0.060366,
-0.086646,
0.056411,
0.054134,
-0.010174,
0.038087,
-0.075160,
0.088816,
0.052248,
-0.035177,
-0.031929,
0.055668,
0.049749,
0.095246,
0.019635,
0.019272,
0.114977,
-0.074233,
-0.061561,
-0.044411,
0.067961,
0.034856,
0.034410,
-0.030386,
0.033877,
0.056544,
-0.020984,
-0.022434,
0.086597,
-0.062486,
0.053479,
-0.038333,
0.026362,
0.058415,
0.072995,
-0.044495,
0.012602,
-0.018217,
0.049838,
-0.021122,
-0.057821,
-0.038555,
0.004153,
-0.133618,
-0.044718,
-0.015068,
-0.000801,
-0.080135,
0.017869,
-0.056817,
-0.067408,
-0.043480,
0.052322,
-0.044510,
-0.085820,
0.081351,
0.000729,
-0.007348,
0.046748,
0.112174,
-0.056394,
0.024042,
0.028751,
-0.064761,
-0.051243,
-0.041414,
-0.053266,
-0.043318,
-0.097049,
0.048500,
-0.031506,
-0.032243,
0.103440,
-0.069053,
-0.050247,
0.079406,
0.035358,
-0.068036,
0.151404,
-0.002985,
-0.036469,
-0.081416,
0.064160,
0.082610,
0.060984,
-0.007608,
-0.016006,
-0.109962,
0.033731,
-0.042508,
-0.046209,
-0.085375,
0.006290,
0.062297,
0.011753,
-0.064433,
0.057118,
0.076156,
0.033820,
-0.087002,
0.042304,
0.082970,
0.079264,
-0.046742,
0.058917,
0.024320,
-0.006679,
-0.100429,
0.043274,
0.045071,
-0.070472,
0.062124,
-0.062137,
0.003776,
-0.064760,
0.028251,
-0.053609,
-0.059139,
0.032694,
-0.025057,
0.008650,
0.067709,
-0.047441,
0.116745,
0.050928,
-0.043887,
-0.059457,
0.037373,
0.075367,
0.039740,
0.079245,
0.049015,
-0.016931,
0.063113,
0.039953,
-0.004778,
-0.017702,
-0.069391,
-0.026845,
0.063302,
-0.016773,
0.069377,
-0.001117,
0.015900,
-0.028551,
0.027551,
-0.022532,
0.118082,
-0.006433,
-0.051786,
0.062789,
-0.032653,
0.067911,
-0.027055,
-0.022854,
-0.089978,
0.009969,
0.045624,
0.054074,
0.020974,
-0.003636,
0.052399,
0.085580,
-0.073263,
0.065680,
0.005308,
0.095349,
0.076927,
-0.048152,
0.045379,
-0.040699,
-0.163745,
-0.079025,
0.070601,
-0.046598,
0.024993,
-0.116160,
0.007925,
0.088574,
-0.019188,
-0.040449,
-0.075142,
0.023920,
-0.005979,
0.013713,
0.026341,
0.042814,
0.093086,
-0.125413,
-0.013845,
-0.014089,
-0.020030,
-0.031120,
0.052362,
-0.051287,
-0.084636,
-0.017471,
0.057969,
0.017640,
0.101264,
-0.022391,
0.013571,
0.081714,
0.078571,
0.101871,
-0.073946,
0.058569,
0.012328,
0.018296,
-0.040616,
-0.036895,
0.104860,
0.044797,
0.031827,
-0.037659,
-0.098955,
-0.012221,
-0.026902,
0.052525,
-0.043479,
0.007634,
0.088164,
0.005096,
0.067689,
0.087272,
0.059398,
0.051642,
-0.001887,
-0.019132,
0.065095,
0.007207,
-0.046567,
0.048897,
0.057169,
0.016033,
-0.127152,
-0.036200,
-0.062056,
0.098688,
0.051362,
-0.006373,
-0.063925,
0.000085,
-0.096671,
0.040608,
0.016061,
0.007753,
0.053064,
-0.022213,
0.077455,
0.041629,
0.088538,
0.006214,
0.062192,
0.038576,
0.091218,
-0.007470,
-0.014277,
-0.018113,
0.054702,
-0.038269,
0.065401,
0.030138,
0.027134,
-0.116211,
0.018666,
-0.007537,
-0.009616,
0.038092,
0.025605,
-0.018697,
0.088473,
-0.007124,
-0.020554,
-0.012144,
-0.008085,
0.014430,
-0.060890,
-0.087579,
-0.075125,
0.010391,
-0.030700,
0.064867,
0.048685,
0.097465,
-0.058072,
0.032795,
-0.053562,
-0.016912,
-0.013945,
0.007608,
-0.121102,
-0.049279,
-0.058542,
0.039717,
0.004644,
-0.017608,
-0.007730,
-0.046138,
-0.022267,
-0.018798,
-0.014203,
0.065422,
-0.078476,
-0.070861,
-0.058712,
0.035799,
-0.019539,
-0.072202,
-0.007909,
-0.053745,
0.094481,
-0.014651,
-0.008653,
-0.014497,
0.024063,
-0.065349,
0.011319,
0.034777,
0.084427,
-0.011536,
-0.024013,
-0.011727,
0.003435,
-0.095939,
-0.041712,
0.112650,
-0.032804,
-0.162262,
-0.028236,
-0.033172,
0.112389,
0.010796,
0.080299,
0.037561,
0.059017,
-0.044027,
0.026607,
-0.045208,
-0.023037,
0.008794,
-0.045201,
0.052143,
-0.130331,
0.016752,
-0.017299,
0.042180,
0.010896,
0.110968,
-0.044913,
0.080791,
0.038902,
0.042618,
0.059617,
-0.025499,
-0.034161,
0.044614,
-0.029946,
0.102107,
0.031284,
0.011341,
0.064123,
0.050984,
0.128333,
-0.134965,
-0.002304,
0.098344,
0.021222,
-0.073451,
-0.087984,
-0.012077,
0.026454,
0.083313,
-0.007342,
0.070743,
-0.033209,
-0.046211,
-0.001470,
0.037702,
0.015919,
-0.021281,
0.026821,
-0.102322,
-0.001794,
0.018232,
0.019221,
-0.001183,
0.045260,
-0.029675,
0.009171,
0.101443,
0.037394,
-0.182391,
-0.010209,
0.089287,
0.080020,
0.011646,
0.085979,
-0.007642,
0.038854,
-0.020170,
0.020465,
-0.019662,
0.082813,
-0.043005,
-0.069480,
0.016732,
-0.009305,
0.017364,
0.041505,
-0.074251,
-0.001116,
0.103654,
-0.006492,
0.028915,
0.040783,
0.045718,
-0.009295,
0.061607,
-0.074149,
0.140809,
0.119813,
0.134812,
0.004119,
-0.052476,
0.042727,
-0.012927,
0.107643,
-0.006012,
0.072315,
0.015137,
-0.034779,
0.065042,
-0.012830,
-0.077563,
0.017208,
-0.057600,
0.037442,
0.023980,
0.028749,
-0.101813,
0.002860,
0.023027,
0.098477,
-0.044522,
0.055821,
-0.001791,
0.039031,
-0.002756,
-0.055590,
0.011343,
0.037409,
-0.136144,
-0.084207,
0.087426,
-0.016731,
-0.035108,
0.008081,
0.062065,
0.161001,
0.076335,
-0.013321,
-0.043473,
0.168993,
0.040218,
0.024853,
0.054412,
0.054961,
-0.018168,
-0.088628,
-0.027327,
-0.038079,
0.070078,
0.042026,
-0.056596,
-0.071307,
-0.012290,
0.080272,
0.005225,
0.058813,
-0.068897,
-0.013212,
0.012840,
0.018362,
0.021022,
0.083280,
0.065550,
-0.127286,
0.019014,
-0.028074,
0.041356,
0.106439,
0.034443,
-0.015850,
0.000504,
-0.055950,
-0.046683,
0.007310,
0.059176,
-0.036465,
0.050158,
-0.084568,
-0.041426,
0.103714,
0.046007,
-0.026898,
0.050752,
0.090501,
0.122250,
-0.131015,
-0.016426,
-0.017808,
0.022171,
0.016580,
0.072832,
0.030248,
-0.048027,
-0.156380,
0.110468,
-0.106874,
0.068814,
0.020524,
-0.030946,
0.072608,
0.055855,
0.082574,
-0.020074,
0.080432,
-0.036145,
0.031559,
0.011649,
-0.014468,
0.054843,
0.004435,
-0.042585,
-0.019372,
-0.062921,
0.057459,
-0.016820,
-0.069271,
0.068370,
-0.021376,
0.044983,
0.012366,
0.009900,
-0.000280,
-0.053463,
-0.086533,
-0.030365,
0.010195,
0.072268,
-0.004851,
-0.036459,
0.118443,
-0.074523,
-0.007160,
0.062985,
-0.005185,
0.002460,
0.002112,
0.047024,
0.013582,
0.002358,
-0.108087,
-0.046469,
-0.045703,
-0.040055,
-0.051182,
0.000118,
-0.030487,
-0.072151,
0.064949,
0.064835,
-0.180867,
0.003816,
-0.000683,
0.026437,
0.082235,
0.019843,
-0.025171,
0.046522,
-0.081602,
0.030116,
0.016454,
0.187507,
-0.051096,
0.070795,
0.076612,
-0.036135,
-0.027611,
-0.045649,
0.094468,
-0.044439,
-0.022410,
0.077771,
0.038055,
0.021597,
-0.018291,
0.076472,
-0.120055,
0.069351,
-0.016532,
0.044858,
-0.075035,
0.033063,
0.059706,
0.029919,
-0.072107,
-0.071303,
0.063732,
-0.057796,
0.031937,
-0.006428,
0.052246,
-0.018727,
-0.024554,
-0.020445,
-0.043520,
-0.025397,
-0.067027,
0.015796,
0.017300,
0.099824,
0.056142,
0.012010,
-0.056346,
0.087211,
0.045483,
-0.045974,
-0.001839,
0.066160,
0.037470,
-0.068961,
-0.034611,
0.003040,
0.076735,
0.076295,
-0.091918,
-0.034907,
-0.009363,
-0.024902,
-0.041809,
-0.000270,
-0.047476,
-0.057216,
-0.028643,
0.035296,
0.012894,
0.128475,
-0.021539,
-0.068788,
0.167803,
-0.008576,
-0.066207,
0.030699,
0.064664,
0.015234,
-0.058395,
0.125476,
-0.053434,
-0.056729,
-0.070586,
-0.026746,
-0.024604,
0.015630,
0.020971,
-0.028320,
0.037054,
0.065620,
-0.043356,
-0.014594,
0.045502,
-0.063290,
0.069044,
0.051281,
0.053050,
0.020277,
0.041488,
-0.021879,
-0.095399,
0.053922,
0.096697,
0.031522,
-0.138835,
-0.001648,
0.017977,
0.020854,
0.010025,
0.002192,
0.006886,
-0.041683,
-0.019568,
-0.024914,
-0.086874,
0.060302,
-0.011832,
0.045858,
-0.021507,
-0.057199,
0.006990,
-0.031877,
-0.038157,
-0.007626,
0.066533,
-0.067159,
-0.044631,
0.077780,
0.039590,
-0.018136,
-0.004328,
-0.007712,
-0.067017,
0.018228,
0.026185,
-0.079681,
0.078189,
0.035394,
-0.118159,
-0.047719,
0.131094,
-0.005587,
0.011888,
0.131563,
0.056556,
-0.069621,
0.020981,
-0.008269,
-0.126329,
-0.044732,
-0.039737,
-0.008118,
0.079457,
-0.031891,
0.036887,
0.070919,
-0.000211,
-0.046384,
-0.068420,
-0.088791,
0.023388,
-0.077167,
0.107938,
0.027862,
-0.063933,
-0.010633,
0.001120,
0.036583,
-0.086861,
-0.002545,
-0.020949,
0.002999,
0.077208,
0.039902,
0.042836,
0.043443,
-0.088637,
-0.011774,
0.021906,
-0.043394,
-0.008025,
0.088390,
-0.057268,
-0.065367,
0.019406,
-0.108667,
0.108062,
0.022482,
-0.063380,
-0.094451,
0.066628,
-0.068869,
-0.049765,
-0.063696,
0.109559,
-0.023764,
0.059973,
0.094874,
-0.055126,
-0.079984,
0.149980,
0.073430,
-0.099277,
-0.039365,
-0.022973,
-0.053463,
-0.027513,
-0.010132,
0.026385,
-0.017015,
0.045135,
-0.002440,
-0.087749,
-0.039290,
0.022556,
0.017936,
0.042279,
-0.002523,
-0.066369,
0.057459,
0.001059,
0.004590,
-0.057651,
-0.010535,
0.010231,
-0.066732,
-0.018449,
0.077096,
-0.003785,
0.060990,
0.083840,
0.086228,
-0.101240,
0.079987,
-0.059748,
0.032861,
-0.097075,
0.021197,
-0.095991,
-0.047131,
-0.017942,
0.036746,
0.029318,
-0.010977,
-0.056854,
0.060534,
0.038091,
-0.117720,
0.047742,
-0.083674,
0.009341,
0.065639,
-0.003738,
0.048699,
0.025117,
0.069575,
0.061700,
0.036746,
0.102301,
0.000669,
0.037764,
0.072252,
0.087902,
0.003297,
0.061747,
-0.049806,
-0.149580,
0.069314,
0.076376,
-0.025784,
-0.012032,
0.076727,
0.045955,
0.039506,
-0.041266,
-0.070162,
-0.108191,
-0.037155,
-0.073656,
0.076289,
-0.043837,
-0.043408,
-0.080806,
0.059552,
-0.025562,
-0.032054,
0.049520,
-0.041943,
0.031216,
-0.011221,
0.064613,
0.095190,
0.017214,
0.077173,
0.069096,
-0.017778,
0.009606,
0.100175,
0.008036,
-0.025843,
-0.097773,
-0.019587,
0.021280,
0.071166,
0.013773,
0.065325,
0.061862,
-0.031573,
-0.081695,
0.117134,
-0.026921,
-0.068881,
0.096870,
-0.031161,
0.044310,
-0.015054,
0.066254,
-0.025981,
0.038379,
0.046187,
0.094072,
0.053742,
0.105728,
-0.003721,
0.053001,
0.027982,
0.064583,
0.077710,
0.177677,
0.045252,
-0.119987,
0.055220,
0.064941,
0.003482,
0.005925,
-0.029344,
-0.052081,
0.018332,
-0.010736,
-0.034159,
0.003977,
-0.020419,
0.065708,
-0.052487,
0.003894,
0.013813,
0.053015,
-0.003171,
0.012261,
-0.029861,
-0.068244,
0.028875,
0.014668,
0.031195,
0.097276,
0.025076,
-0.069600,
0.038614,
0.074441,
0.045277,
0.027536,
0.042544,
0.001465,
-0.009988,
-0.027782,
0.052767,
0.001088,
-0.040999,
0.052337,
0.007354,
-0.001118,
0.026114,
0.028573,
0.072539,
0.070171,
-0.056951,
0.036279,
0.020646,
-0.040035,
0.029267,
-0.015117,
-0.006947,
-0.017572,
0.044419,
-0.036234,
0.005861,
-0.014309,
0.039612,
-0.021579,
0.062623,
-0.047627,
-0.087328,
0.070816,
0.036371,
-0.070837,
-0.087591,
0.118180,
0.068314,
0.009880,
0.086327,
0.085869,
-0.017460,
-0.008496,
-0.086296,
0.012615,
0.103835,
-0.014037,
0.074124,
0.078777,
-0.065793,
-0.098009,
-0.044243,
0.037825,
-0.027720,
-0.080945,
-0.022478,
0.077045,
-0.005443,
0.057021,
0.024539,
-0.048560,
-0.002389,
-0.021978,
-0.014040,
-0.043243,
-0.000696,
-0.023813,
-0.090447,
-0.068715,
-0.004971,
0.024891,
-0.062915,
-0.014891,
-0.016692,
0.064859,
-0.065556,
-0.064890,
0.075415,
-0.019807,
-0.025765,
0.052229,
-0.127867,
-0.088855,
0.007521,
-0.037286,
0.030840,
-0.072588,
0.011137,
0.045678,
0.023343,
0.040337,
0.068683,
-0.072983,
0.023555,
0.029180,
-0.014564,
0.146274,
0.004837,
-0.088525,
-0.098404,
0.001361,
0.036137,
-0.064286,
0.112872,
0.002248,
0.039893,
0.016186,
-0.017071,
-0.090672,
0.018755,
0.072809,
0.057615,
-0.081817,
0.065235,
0.022732,
0.032341,
-0.068890,
-0.044550,
0.026943,
-0.060220,
-0.073324,
0.023355,
-0.014661,
0.034807,
0.026151,
0.031702,
-0.018113,
0.058016,
0.025216,
0.091981,
0.058832,
0.040206,
-0.020703,
-0.030650,
-0.055144,
0.045848,
-0.065058,
-0.016395,
0.053192,
-0.043220,
-0.066755,
0.098884,
0.040464,
-0.065405,
0.002566,
0.052358,
0.031318,
0.079545,
0.090212,
-0.007953,
0.032898,
0.016689,
-0.085575,
0.117308,
0.061593,
-0.003974,
0.016950,
0.024908,
-0.048070,
-0.049085,
0.111836,
-0.038882,
-0.021901,
-0.085141,
0.022678,
-0.024404,
-0.057283,
0.028256,
0.069440,
-0.098692,
0.042901,
-0.059913,
-0.037104,
-0.034183,
-0.052715,
0.017218,
0.063175,
-0.076555,
0.084700,
0.045248,
0.057876,
0.034212,
-0.088939,
0.018815,
0.047947,
0.017223,
0.114084,
0.020419,
-0.000810,
0.056515,
0.027019,
0.005131,
0.028918,
-0.055803,
0.028168,
-0.095868,
-0.105088,
0.021667,
-0.005866,
-0.067161,
-0.059110,
-0.024096,
0.039348,
-0.093210,
-0.013107,
0.045723,
0.010111,
-0.048908,
0.103103,
0.024388,
-0.089674,
0.075242,
-0.067773,
0.045099,
0.089498,
-0.047698,
0.017392,
0.076427,
0.019971,
-0.025247,
0.042782,
0.050651,
-0.034313,
0.048131,
0.095512,
0.049795,
0.043233,
-0.022461,
0.053463,
-0.010673,
-0.062650,
0.010938,
0.019929,
-0.038599,
-0.018959,
-0.008106,
0.036559,
0.025888,
0.038174,
-0.065328,
-0.080993,
0.007422,
-0.064743,
-0.038930,
-0.058236,
0.012176,
-0.010494,
0.022270,
0.012289,
0.010630,
0.098379,
0.076971,
0.022583,
-0.025870,
-0.008478,
0.021070,
0.073605,
-0.024185,
-0.044178,
-0.013041,
-0.055805,
-0.006084,
0.058823,
-0.005049,
-0.026529,
0.059964,
-0.074821,
-0.085624,
0.003970,
-0.019708,
-0.069570,
-0.041571,
0.088062,
-0.009972,
-0.033315,
-0.063885,
-0.026691,
-0.060485,
-0.054675,
-0.056304,
0.049462,
0.044488,
-0.041336,
-0.071153,
-0.051885,
-0.049515,
-0.003780,
0.049474,
0.115851,
0.072403,
-0.087719,
-0.048021,
0.112463,
-0.085900,
0.078929,
0.026582,
0.094775,
-0.010930,
0.067746,
-0.007277,
-0.012466,
-0.032439,
0.031869,
0.007726,
-0.070896,
0.014278,
0.084758,
-0.048207,
0.049448,
-0.013906,
-0.051839,
-0.066885,
0.067698,
0.067379,
0.083056,
0.015259,
0.029897,
0.011187,
-0.081658,
0.060568,
0.046645,
-0.006642,
-0.042800,
-0.073619,
-0.005684,
-0.026582,
0.046862,
-0.024902,
0.045016,
0.083356,
-0.021721,
-0.086629,
-0.012037,
0.045213,
0.001577,
0.080132,
0.065375,
-0.074936,
-0.051385,
-0.048962,
0.023378,
-0.029597,
-0.052666,
-0.017127,
-0.053962,
-0.033238,
-0.087743,
-0.032301,
-0.063758,
0.010940,
0.015851,
0.044202,
0.017545,
-0.011800,
0.034755,
0.035196,
0.012533,
0.039807,
-0.000210,
0.076455,
-0.041107,
0.023051,
-0.017391,
-0.065774,
-0.019376,
-0.074656,
0.077279,
0.035985,
0.003173,
-0.003512,
-0.051554,
-0.043716,
-0.052586,
-0.057038,
-0.065146,
0.045709,
0.025021,
-0.038215,
0.049715,
-0.054831,
-0.020044,
-0.058210,
-0.027057,
-0.027374,
0.038962,
-0.034762,
-0.030625,
-0.025401,
0.055514,
-0.089442,
-0.019769,
-0.049572,
-0.067024,
-0.050124,
-0.011894,
0.083521,
0.003102,
0.007031,
-0.043568,
-0.020490,
-0.039409,
-0.083833,
-0.057190,
0.004464,
0.088902,
-0.019441,
-0.037591,
0.021641,
0.062362,
-0.032600,
-0.010288,
0.066693,
-0.055191,
0.024803,
0.077115,
0.052083,
0.012055,
0.018899,
0.023064,
-0.002084,
-0.062400,
0.052833,
-0.073449,
-0.053636,
-0.005727,
0.073239,
-0.065028,
0.017545,
0.032594,
-0.031855,
-0.081717,
-0.027150,
-0.050532,
-0.060925,
-0.083941,
-0.020087,
-0.048308,
0.023310,
-0.051783,
0.026559,
0.013141,
-0.014474,
0.037998,
0.015814,
-0.040229,
0.044587,
-0.070966,
-0.081193,
-0.029234,
-0.035673,
-0.010041,
0.065208,
-0.082204,
-0.093108,
-0.016438,
0.028402,
-0.047229,
0.058598,
-0.006887,
-0.072244,
0.001500,
-0.061026,
0.020202,
-0.000500,
0.065992,
0.074336,
0.005644,
0.033032,
0.007250,
-0.008622,
0.036079,
-0.042461,
0.035926,
0.083216,
0.016704,
0.079637,
-0.057587,
-0.015407,
-0.082414,
0.014449,
0.075581,
0.040668,
0.063025,
-0.062618,
0.022473,
0.062341,
0.076887,
-0.002402,
0.044721,
0.054881,
0.020798,
-0.085019,
-0.081013,
-0.002531,
0.033177,
-0.065714,
0.014797,
0.039875,
-0.034263,
-0.024248,
-0.061541,
0.049043,
0.046515,
0.023347,
-0.085784,
0.013397,
0.034457,
-0.075205,
0.078358,
-0.018402,
-0.030879,
-0.000125,
-0.083647,
-0.039140,
0.048935,
-0.051549,
0.018675,
-0.051174,
0.063502,
0.000760,
-0.045518,
-0.049979,
-0.048611,
0.022680,
-0.070302,
-0.017562,
0.049471,
0.006774,
0.029227,
0.018416,
-0.030700,
-0.022785,
0.075025,
-0.041338,
0.061868,
0.046532,
0.006741,
-0.060996,
0.001744,
0.022727,
0.064675,
0.052736,
0.032248,
0.048383,
0.050164,
-0.071840,
0.043992,
-0.045839,
0.038307,
-0.023887,
0.084317,
0.058298,
-0.032355,
0.020759,
-0.042209,
0.046516,
0.035720,
0.053389,
0.007479,
0.025336,
0.005809,
0.076894,
-0.051865,
-0.040647,
-0.068286,
0.038906,
0.008650,
0.062826,
0.042875,
0.008431,
-0.071287,
0.038162,
0.075945,
-0.077400,
0.086265,
0.068269,
-0.036782,
-0.018867,
-0.068817,
-0.028480,
-0.022579,
-0.052712,
0.072845,
-0.014245,
0.082813,
0.082700,
-0.065108,
0.020617,
0.089575,
-0.070875,
-0.081743,
-0.049279,
-0.026620,
0.068345,
-0.045070,
-0.046204,
-0.052923,
-0.038677,
-0.077163,
0.019897,
0.021303,
0.077528,
-0.087422,
-0.071524,
0.043212,
0.071190,
-0.047858,
-0.056859,
0.068854,
-0.017482,
0.035589,
0.037261,
0.075387,
0.062023,
-0.080482,
0.055890,
-0.056069,
0.031569,
0.077192,
-0.055758,
-0.074169,
-0.084965,
0.029094,
-0.086969,
-0.026022,
0.014655,
-0.034151,
0.026203,
0.080108,
0.032835,
0.073590,
-0.045872,
0.011612,
0.003808,
-0.015414,
-0.002700,
-0.078677,
-0.015115,
0.082730,
0.072656,
-0.040143,
0.009323,
-0.056824,
-0.006922,
0.040215,
0.031743,
0.049293,
0.042023,
0.013827,
0.063028,
0.050577,
0.081119,
0.031366,
-0.018227,
-0.024536,
0.071558,
-0.057608,
-0.078356,
0.048588,
0.042731,
-0.063791,
-0.045782,
-0.017409,
0.032572,
0.022669,
-0.026592,
0.022722,
-0.042590,
-0.055960,
0.037752,
0.023896,
0.085582,
-0.024539,
0.011456,
0.006186,
0.051563,
-0.012097,
-0.030119,
-0.064195,
-0.056684,
-0.038177,
-0.054476,
-0.004765,
0.073501,
0.047100,
-0.012456,
0.008859,
0.066039,
-0.081783,
0.078760,
-0.074179,
0.044556,
0.069180,
0.003920,
0.003770,
0.063143,
0.012479,
-0.031302,
0.039537,
-0.060597,
-0.027531,
0.035808,
0.076561,
-0.040707,
0.042899,
-0.027550,
0.077962,
0.031835,
-0.004558,
-0.054943,
0.068459,
0.057132,
-0.016082,
0.078274,
0.017993,
-0.000378,
-0.027128,
0.069746,
-0.018149,
0.031968,
0.032229,
-0.071249,
-0.014102,
0.077503,
0.063518,
-0.035385,
0.049855,
-0.075163,
-0.016518,
-0.059438,
0.009928,
-0.098551,
0.065007,
-0.061395,
0.053105,
-0.065000,
0.055453,
0.005694,
0.033381,
0.046229,
-0.052131,
-0.054582,
0.073067,
0.050747,
0.028633,
-0.083488,
-0.013731,
-0.068136,
-0.015889,
0.062632,
0.019193,
-0.000903,
-0.055824,
-0.045785,
-0.018031,
-0.009792,
-0.080813,
0.141507,
-0.058736,
0.014300,
-0.060756,
0.073192,
-0.027709,
-0.046692,
0.030347,
-0.016891,
0.015298,
-0.023391,
-0.032046,
0.023636,
0.023762,
-0.052860,
0.036407,
-0.035612,
-0.077926,
0.057234,
0.084510,
-0.039154,
-0.060351,
0.072661,
-0.030679,
0.056786,
0.064880,
-0.007898,
0.087164,
-0.072238,
0.043525,
-0.015872,
0.028917,
-0.052931,
0.007039,
0.045293,
-0.001192,
0.022482,
-0.052618,
0.036395,
-0.057412,
0.032120,
0.029189,
-0.064207,
-0.012053,
0.002098,
-0.030454,
-0.016262,
-0.047392,
0.061167,
0.015036,
0.066409,
-0.052556,
0.063050,
-0.035556,
-0.057859,
-0.131897,
-0.081253,
-0.036045,
-0.052357,
-0.051882,
0.026843,
0.034524,
0.007814,
0.044967,
0.000917,
0.084459,
0.092088,
-0.006588,
0.040660,
0.110953,
0.090001,
-0.086203,
-0.015221,
-0.082517,
-0.059402,
-0.021450,
0.089782,
-0.054391,
0.018096,
0.020274,
-0.092697,
0.070987,
0.000453,
-0.026240,
-0.008874,
-0.065555,
-0.100820,
0.022734,
0.027952,
0.016466,
0.074733,
-0.022932,
0.056772,
0.026923,
-0.063522,
-0.019688,
-0.002532,
-0.038000,
-0.002796,
-0.002237,
0.033015,
-0.027678,
0.054440,
-0.037948,
0.044684,
0.066652,
0.063277,
0.021721,
-0.037631,
-0.027680,
-0.002481,
0.104473,
-0.031040,
0.032858,
-0.070704,
0.083843,
-0.090873,
0.075431,
-0.068936,
-0.001380,
0.066215,
0.054291,
-0.047679,
0.021414,
0.026952,
-0.019627,
0.040616,
-0.023486,
0.058202,
-0.068749,
-0.038356,
-0.048914,
-0.079536,
-0.008304,
0.088610,
0.044749,
0.015782,
-0.044520,
0.066677,
-0.063403,
0.058752,
-0.049818,
-0.000240,
0.000740,
-0.083236,
-0.042561,
0.007115,
0.050971,
0.025760,
0.012811,
0.030104,
-0.051718,
-0.003368,
0.014357,
-0.028567,
-0.028752,
-0.116566,
0.054096,
0.036626,
0.029798,
-0.044123,
-0.048005,
-0.054437,
0.025792,
-0.032668,
0.002205,
0.000357,
-0.059084,
-0.080832,
0.073305,
-0.013974,
-0.041215,
-0.012384,
0.001488,
0.037886,
-0.020629,
0.002528,
0.064502,
0.108481,
0.089364,
-0.024047,
0.016331,
0.000761,
-0.072942,
0.069060,
0.051204,
-0.046257,
-0.088846,
0.119392,
0.039760,
-0.064300,
0.079330,
0.056573,
0.044349,
0.072978,
-0.081635,
0.008036,
-0.045174,
-0.039098,
-0.007544,
0.088026,
0.029859,
0.012439,
-0.146230,
0.061838,
-0.028337,
0.055286,
-0.018135,
0.021306,
-0.055185,
-0.004591,
0.074510,
-0.039277,
-0.045044,
0.004189,
0.091997,
-0.023859,
-0.058700,
0.090269,
0.060302,
-0.117276,
-0.009060,
-0.031059,
0.021242,
-0.022483,
0.026981,
-0.022760,
-0.088885,
0.064011,
-0.020653,
-0.036600,
0.037819,
0.005646,
-0.058273,
0.026896,
-0.028441,
-0.027674,
0.050000,
0.112549,
-0.024466,
0.012145,
-0.041615,
0.057462,
-0.065780,
-0.056143,
-0.005790,
-0.103333,
-0.112860,
0.001483,
-0.014624,
-0.009000,
-0.048833,
0.073411,
0.061851,
0.030796,
-0.050890,
0.036357,
0.027881,
0.081770,
0.065062,
-0.088167,
0.041956,
0.051526,
-0.074269,
-0.012703,
0.011044,
-0.036612,
-0.108454,
0.049113,
0.034293,
-0.011930,
0.058664,
-0.044983,
-0.029083,
0.008794,
-0.019059,
0.061533,
0.047573,
0.043899,
0.085488,
-0.076631,
0.094386,
0.055617,
0.034546,
-0.030325,
0.065371,
0.050641,
0.097146,
-0.076621,
-0.084181,
-0.019533,
-0.016161,
0.052041,
0.034613,
-0.057755,
0.016731,
-0.160306,
0.059255,
-0.000729,
0.079388,
0.059442,
-0.022680,
0.021566,
-0.025992,
0.059369,
-0.053488,
-0.014768,
-0.014352,
-0.056523,
-0.061641,
-0.011368,
-0.009389,
0.034351,
0.066563,
0.040455,
-0.002753,
-0.010333,
-0.001508,
0.018185,
0.010445,
0.033712,
-0.021220,
0.024497,
0.037939,
0.072089,
-0.012224,
0.143436,
0.017429,
-0.024124,
0.047847,
-0.032590,
0.069908,
-0.051247,
0.090394,
0.035715,
-0.067515,
-0.088037,
0.050942,
-0.054584,
0.023864,
-0.086714,
0.079580,
-0.027645,
-0.041929,
0.064630,
-0.047533,
0.083456,
0.083462,
-0.037461,
0.014655,
0.033260,
0.011004,
-0.061194,
-0.004782,
0.066860,
0.042687,
-0.072327,
0.088630,
-0.038547,
-0.027649,
-0.142023,
0.012851,
-0.076095,
0.045913,
0.067963,
0.070784,
0.026215,
-0.021356,
-0.022814,
-0.025040,
-0.035014,
0.063504,
-0.054170,
0.041710,
-0.127087,
-0.019049,
-0.009098,
0.034153,
0.031415,
-0.072684,
0.072700,
0.054211,
0.019875,
-0.037928,
0.013649,
-0.005814,
0.047883,
-0.049495,
0.033461,
-0.027295,
0.092877,
0.038759,
0.013403,
0.026684,
-0.061616,
0.098517,
0.037520,
-0.048527,
0.008002,
-0.055756,
-0.010487,
-0.023583,
-0.024298,
-0.043216,
0.095669,
-0.034745,
0.054426,
-0.015550,
0.062292,
-0.016396,
0.012241,
0.123947,
-0.107606,
0.103959,
0.028831,
-0.034336,
0.031061,
-0.004860,
-0.022123,
-0.004644,
-0.004415,
0.124188,
0.035781,
0.063544,
-0.047388,
-0.017159,
0.014083,
-0.013305,
-0.021373,
-0.010260,
0.167225,
0.107261,
-0.023306,
0.054604,
0.058201,
-0.006224,
0.015561,
0.024312,
-0.124883,
-0.123431,
0.002109,
0.051107,
-0.005992,
-0.018106,
0.033752,
0.098536,
0.077062,
-0.017549,
-0.035175,
-0.030563,
0.092783,
-0.000043,
0.074850,
0.014261,
0.083221,
0.005726,
-0.025885,
0.043832,
0.043837,
0.072168,
0.018904,
-0.036690,
-0.034052,
0.008872,
0.032112,
0.061154,
0.094985,
-0.056529,
0.035466,
0.062467,
-0.021931,
0.026368,
0.006072,
0.027043,
0.061105,
0.141240,
0.031888,
0.069402,
-0.014877,
-0.011226,
-0.077567,
0.014962,
0.037831,
-0.001184,
0.009431,
-0.028627,
0.028649,
0.061463,
-0.027965,
-0.026686,
0.042310,
0.135085,
-0.040610,
-0.015526,
0.057781,
0.004489,
-0.065054,
-0.090710,
-0.028138,
0.085254,
0.094529,
-0.040399,
-0.089358,
-0.016512,
0.027630,
-0.056558,
-0.002348,
0.057346,
0.021015,
0.083727,
-0.003224,
0.063773,
0.046621,
0.050439,
0.076906,
-0.033688,
0.142305,
0.001590,
0.118837,
-0.091287,
0.102104,
-0.067671,
-0.045204,
0.124761,
-0.003519,
0.008646,
0.067173,
-0.045510,
-0.100727,
0.026065,
-0.029378,
0.046317,
-0.009125,
0.031844,
0.037205,
0.040773,
-0.090800,
0.054988,
-0.040676,
0.112610,
0.022956,
-0.057111,
-0.031513,
-0.029830,
0.022587,
0.105111,
-0.067435,
-0.027493,
0.007835,
-0.062832,
-0.002209,
-0.061891,
-0.063187,
0.070889,
-0.082174,
0.001493,
0.064642,
-0.012831,
0.101512,
0.048277,
-0.054308,
-0.057986,
0.034890,
-0.040911,
0.012272,
0.003626,
-0.083077,
-0.058848,
-0.052028,
-0.038935,
0.050019,
0.028712,
0.074127,
0.080734,
-0.034717,
-0.075000,
0.018173,
0.049617,
-0.008079,
0.004160,
0.124999,
-0.019128,
0.075411,
0.024764,
0.017401,
0.000803,
-0.069585,
0.115369,
-0.029475,
-0.035488,
0.059272,
0.093137,
-0.064290,
-0.015211,
0.059455,
0.017847,
-0.068236,
-0.076248,
0.039547,
0.023960,
-0.023396,
-0.061946,
-0.046921,
0.116429,
0.068146,
-0.042414,
0.045599,
0.080426,
-0.078057,
-0.051647,
0.046233,
-0.014544,
0.002868,
0.004670,
-0.042089,
-0.042708,
0.106485,
0.020360,
-0.020962,
0.110606,
0.059897,
-0.026376,
0.039791,
0.008289,
-0.029368,
0.005315,
-0.004313,
0.024855,
-0.038929,
-0.015565,
-0.111264,
-0.097277,
0.052103,
-0.059055,
0.080684,
-0.005472,
0.070706,
-0.080450,
0.039631,
0.026212,
-0.001718,
-0.013997,
-0.010367,
0.060521,
0.068089,
0.056172,
0.121508,
-0.110870,
0.047342,
0.011992,
0.024249,
0.063514,
-0.091230,
-0.078535,
0.083462,
-0.010339,
0.088303,
-0.041547,
0.103339,
0.016282,
0.072478,
0.042519,
-0.042521,
0.086244,
-0.081908,
0.044794,
-0.064022,
0.007763,
0.083944,
-0.153879,
0.034110,
0.005125,
0.008728,
-0.008437,
0.023722,
0.032434,
0.025064,
-0.029648,
-0.015166,
-0.116799,
0.122356,
0.005241,
0.016845,
0.035855,
-0.007811,
-0.103144,
-0.055860,
0.102222,
0.069109,
0.039804,
0.097698,
-0.053244,
0.025935,
0.039453,
-0.020315,
0.018352,
-0.066246,
-0.038256,
0.075196,
-0.080917,
0.009842,
-0.065067,
-0.068308,
-0.075035,
0.013177,
0.028217,
-0.059737,
-0.079653,
-0.022822,
0.076958,
0.120538,
-0.104662,
0.060538,
0.015357,
-0.034075,
-0.086923,
-0.039288,
0.007910,
-0.021357,
0.011496,
-0.016968,
0.000675,
-0.059937,
0.055092,
-0.047339,
0.005332,
-0.038197,
0.065458,
-0.093719,
-0.025671,
-0.056289,
-0.043550,
0.075806,
0.025650,
0.038374,
-0.027468,
0.015882,
-0.011568,
0.042732,
-0.048501,
0.035730,
0.032841,
0.031568,
-0.114701,
0.054831,
0.067123,
0.062667,
0.070197,
0.092950,
-0.012051,
0.059989,
-0.048984,
0.052343,
0.050083,
0.007812,
-0.065035,
-0.052770,
-0.060330,
-0.084739,
0.005926,
-0.074071,
0.083378,
0.097825,
-0.018704,
0.083951,
0.003868,
-0.039899,
0.060579,
0.035479,
0.052161,
0.049342,
0.067080,
-0.013777,
0.005578,
0.017772,
-0.065518,
0.043126,
0.034296,
0.063563,
-0.199813,
-0.016423,
-0.001355,
0.058632,
-0.038133,
-0.006194,
0.000568,
-0.028159,
-0.035262,
0.025618,
-0.005516,
-0.056291,
0.040233,
-0.091135,
0.026921,
-0.150710,
0.019886,
-0.000352,
0.007867,
0.074491,
0.039878,
-0.069297,
0.081001,
-0.041196,
-0.080252,
-0.014118,
0.025027,
0.012224,
-0.014771,
0.115118,
-0.001947,
-0.046115,
0.069992,
0.070391,
-0.188883,
0.047669,
0.018396,
-0.025362,
0.018102,
0.009672,
-0.014533,
0.057559,
-0.001284,
0.019626,
-0.073656,
0.085564,
0.005617,
-0.029352,
-0.006535,
0.049972,
0.045938,
0.002194,
0.071891,
0.011471,
0.055148,
-0.045499,
0.093669,
0.037781,
0.081061,
0.092676,
-0.043528,
-0.007780,
-0.001513,
-0.036389,
-0.160840,
0.112757,
0.018191,
-0.045186,
-0.027356,
0.021625,
-0.016474,
0.015718,
0.020697,
-0.005316,
-0.024080,
-0.013053,
0.021728,
-0.063250,
0.051628,
-0.027294,
0.121814,
-0.078775,
0.043038,
-0.028892,
0.045570,
0.053470,
-0.037732,
0.077247,
0.040014,
0.076796,
0.130884,
0.029761,
-0.039166,
0.046199,
-0.064094,
0.051624,
0.035674,
0.056698,
-0.109804,
-0.093788,
-0.044060,
-0.048806,
0.001394,
0.004250,
-0.054557,
-0.081996,
0.030512,
-0.068378,
-0.093649,
-0.026342,
-0.014242,
-0.057903,
-0.057181,
-0.007598,
-0.027995,
-0.014231,
0.036998,
0.025756,
0.081318,
-0.017854,
0.032621,
0.047537,
0.026220,
-0.047408,
-0.018965,
0.027790,
0.067328,
0.104760,
-0.143574,
0.018255,
-0.020161,
0.072880,
-0.002961,
-0.089982,
-0.053890,
0.029554,
0.038269,
-0.046834,
0.011146,
0.081137,
0.109665,
0.083222,
0.020507,
-0.010935,
0.097737,
-0.049097,
0.066339,
-0.001038,
-0.010126,
0.056770,
-0.014831,
-0.077070,
0.012722,
-0.050791,
0.132677,
-0.061825,
0.038104,
0.025101,
0.037962,
0.016784,
0.011188,
0.077101,
-0.065704,
0.048787,
0.112024,
0.025558,
0.055771,
0.022182,
0.078101,
0.049522,
-0.027159,
-0.045009,
-0.085181,
0.066654,
-0.003105,
-0.054798,
0.107958,
0.093693,
-0.055958,
-0.005456,
0.052399,
-0.029536,
-0.027019,
0.042808,
0.072010,
-0.052997,
0.041215,
-0.045996,
0.015137,
-0.076654,
0.033650,
0.058529,
0.025317,
0.043886,
-0.008483,
-0.037282,
-0.112704,
0.007383,
0.013244,
-0.027859,
-0.070936,
0.032684,
-0.008508,
-0.041372,
0.049279,
0.100675,
-0.086222,
-0.050217,
0.078257,
-0.149109,
0.079911,
0.018765,
0.072915,
-0.067348,
-0.033747,
0.000617,
-0.010311,
0.070590,
0.049000,
-0.036027,
0.013067,
-0.058403,
0.028132,
-0.028193,
0.122735,
-0.030462,
0.016924,
0.041682,
0.067529,
0.001494,
0.004211,
0.157883,
0.049389,
0.028698,
-0.062016,
-0.007489,
0.009746,
-0.001155,
0.037774,
-0.007807,
0.033934,
0.041969,
0.032959,
-0.034598,
-0.064511,
0.054764,
-0.059984,
-0.127155,
-0.077845,
0.029662,
0.092079,
-0.085092,
-0.093013,
0.026629,
0.032509,
0.012813,
-0.037757,
0.146188,
-0.071259,
-0.037282,
0.010356,
-0.000989,
0.060930,
-0.060137,
-0.020773,
-0.055504,
-0.074573,
0.018072,
0.025208,
-0.028681,
-0.040998,
-0.038890,
0.113616,
-0.073071,
0.079160,
-0.030869,
0.070885,
-0.058167,
-0.048662,
-0.079164,
-0.033425,
-0.036636,
0.022175,
0.025521,
0.045400,
-0.076633,
-0.036264,
-0.006403,
0.102923,
0.090933,
-0.127098,
0.040910,
0.003188,
-0.005086,
0.063206,
0.024746,
-0.004590,
0.050648,
0.040880,
-0.021234,
-0.039126,
-0.053107,
-0.059012,
0.027593,
0.061457,
0.065271,
0.003388,
0.050493,
-0.033993,
0.024645,
0.055514,
-0.057230,
0.020309,
0.010365,
0.046201,
0.035824,
0.036635,
-0.055129,
0.070698,
0.019227,
0.060382,
0.028199,
-0.030235,
0.004808,
0.012057,
0.024547,
-0.069866,
-0.097137,
-0.000235,
-0.035793,
0.028998,
-0.086495,
0.072835,
0.111672,
0.008113,
0.013832,
0.110558,
-0.103308,
-0.032474,
-0.016721,
-0.012248,
-0.057702,
0.056934,
0.020141,
0.011472,
-0.030195,
-0.011028,
-0.017396,
-0.032981,
0.047181,
-0.068300,
-0.012560,
0.052987,
-0.043022,
-0.048661,
-0.067397,
0.107140,
0.021689,
0.019027,
0.013755,
0.076561,
-0.045692,
-0.070290,
-0.143403,
-0.018106,
-0.074860,
-0.063465,
-0.053829,
-0.051599,
-0.059068,
0.006833,
-0.075434,
-0.032165,
-0.023976,
-0.063911,
-0.043207,
-0.058443,
0.042688,
0.055731,
0.047281,
0.031755,
-0.012737,
0.010500,
-0.082844,
0.013876,
0.089611,
-0.033941,
0.023981,
-0.036549,
-0.018005,
0.043601,
0.064678,
-0.016597,
-0.089701,
0.078057,
-0.088035,
-0.049932,
0.038361,
0.065750,
-0.064697,
0.030940,
-0.088671,
0.010615,
-0.018743,
0.080188,
0.070739,
-0.026379,
0.006838,
-0.001350,
0.091207,
0.056607,
-0.077197,
0.024568,
0.059140,
0.090163,
-0.050531,
0.122420,
0.047127,
-0.103779,
-0.130901,
0.086541,
-0.027111,
-0.051299,
0.095411,
0.077276,
-0.090203,
0.034521,
-0.021839,
-0.112946,
0.016701,
0.031462,
-0.037181,
-0.084119,
0.002371,
0.039637,
0.068466,
0.001128,
0.027893,
0.050596,
-0.087734,
0.093520,
-0.025013,
0.115398,
-0.045343,
-0.077248,
-0.098418,
0.071384,
0.044488,
0.090972,
-0.015362,
-0.034650,
0.070265,
-0.104024,
-0.070287,
0.046247,
-0.039923,
0.000041,
-0.061227,
0.058828,
-0.036118,
0.080740,
-0.041480,
0.066222,
-0.002277,
0.041945,
0.016867,
-0.036243,
0.083077,
0.027935,
-0.003847,
-0.048067,
0.021109,
-0.072628,
-0.047882,
0.031826,
-0.048830,
-0.000257,
-0.030145,
-0.084392,
-0.087673,
0.082817,
0.038755,
0.026292,
0.011920,
0.067923,
0.012724,
-0.000092,
0.056721,
0.082236,
0.043571,
-0.010222,
-0.102700,
0.022772,
-0.006405,
-0.005609,
-0.067689,
0.081726,
-0.058717,
-0.028932,
0.023815,
0.065310,
0.030698,
-0.035844,
0.056109,
0.046397,
-0.010006,
0.039411,
0.011604,
-0.083103,
-0.016503,
0.008251,
0.037390,
0.030283,
-0.045999,
0.054711,
-0.051953,
0.033461,
-0.089661,
0.054549,
-0.077155,
-0.013408,
0.031972,
-0.006904,
-0.075726,
0.071363,
0.040859,
-0.072536,
-0.048513,
0.081448,
-0.045503,
0.059257,
-0.048875,
-0.043912,
0.017277,
-0.062878,
-0.067969,
-0.091751,
0.059547,
0.059525,
0.015489,
0.005194,
0.066482,
-0.019747,
-0.047707,
0.026879,
-0.029764,
0.066053,
0.016655,
0.044200,
0.014200,
0.050724,
0.019783,
0.006954,
0.032971,
-0.029530,
0.036844,
0.015263,
-0.083469,
0.050469,
0.067579,
-0.084849,
-0.024229,
0.029840,
-0.082844,
0.063740,
0.015806,
-0.007792,
0.031887,
-0.078356,
-0.061617,
-0.053801,
-0.009032,
0.057830,
0.067230,
-0.081609,
0.044369,
0.071730,
0.066969,
-0.026367,
-0.084745,
-0.004528,
-0.070353,
-0.051314,
0.047137,
-0.068165,
-0.010893,
0.048094,
0.032113,
0.007103,
0.059259,
-0.090740,
-0.016095,
0.073380,
-0.073197,
0.080767,
-0.049267,
-0.081962,
0.083862,
-0.053413,
0.052685,
-0.050489,
-0.002358,
0.059378,
0.071382,
0.070908,
0.057353,
-0.065057,
0.006656,
-0.042868,
-0.076435,
-0.079786,
-0.015304,
0.083738,
-0.082327,
0.058658,
-0.061773,
0.035179,
0.066872,
-0.009721,
-0.088523,
0.074416,
0.054708,
-0.046341,
-0.061176,
0.042628,
0.071373,
-0.042430,
-0.056318,
-0.048508,
-0.081403,
-0.064098,
-0.005793,
-0.077712,
-0.090400,
0.057061,
-0.013022,
0.027045,
0.070762,
0.050482,
-0.002232,
-0.065062,
0.065829,
-0.015861,
-0.019394,
-0.064639,
0.012115,
0.064430,
0.023132,
0.083974,
0.058700,
0.007760,
0.052647,
-0.050321,
-0.056990,
-0.019649,
0.049887,
0.001634,
-0.087253,
0.067104,
0.009872,
0.057736,
0.001066,
0.085952,
0.040944,
0.026143,
0.050460,
-0.054604,
-0.081722,
-0.043625,
-0.080306,
-0.000178,
-0.083695,
0.065009,
-0.080564,
0.008481,
-0.089091,
-0.020920,
0.001843,
0.062726,
0.064831,
0.029977,
0.020807,
0.039847,
0.023401,
0.034296,
0.034777,
-0.039520,
0.028838,
-0.008036,
-0.020573,
-0.074086,
-0.073843,
-0.001231,
0.034212,
0.035684,
-0.020091,
-0.059509,
-0.017671,
0.071953,
-0.062252,
-0.080730,
0.050773,
0.072548,
-0.046267,
0.060923,
0.026862,
-0.039400,
-0.048585,
0.062085,
0.001074,
0.082385,
0.085269,
-0.055891,
-0.009810,
0.030209,
-0.036989,
0.009730,
-0.065465,
0.041187,
-0.078338,
0.054406,
0.064517,
-0.059357,
-0.049055,
-0.032169,
0.051299,
-0.000047,
0.043441,
-0.063596,
0.020823,
-0.030947,
0.057452,
0.062530,
0.027020,
-0.042618,
0.031698,
0.019015,
-0.035278,
0.020054,
-0.053082,
0.074996,
-0.074664,
-0.013618,
-0.048498,
0.033730,
0.009563,
0.003109,
-0.081591,
0.053361,
-0.054335,
-0.029842,
-0.081643,
0.025155,
0.035335,
-0.015129,
-0.067834,
-0.014534,
-0.038690,
-0.067088,
-0.021033,
0.044365,
0.017827,
-0.050742,
-0.056233,
-0.061131,
0.056490,
0.003052,
0.008758,
-0.021330,
-0.073514,
-0.073032,
0.064682,
-0.031318,
0.039755,
0.014281,
0.048309,
0.065030,
-0.023963,
0.080942,
-0.055530,
-0.048192,
-0.008453,
0.021943,
-0.053199,
-0.036039,
0.061895,
-0.081553,
0.081443,
-0.074575,
-0.040861,
0.000055,
-0.069201,
-0.027127,
0.028814,
0.020788,
0.075816,
-0.059210,
-0.082780,
-0.070073,
0.018097,
-0.028189,
0.010044,
0.081305,
-0.088039,
0.026394,
0.023775,
0.051539,
0.073384,
-0.009062,
-0.052387,
0.078382,
0.043151,
0.072731,
-0.045824,
-0.047474,
0.003579,
-0.042062,
0.042200,
0.081570,
-0.042432,
-0.033053,
-0.000484,
-0.028536,
0.047598,
-0.000088,
-0.061923,
0.065271,
0.039284,
0.034179,
-0.075712,
0.081873,
0.019987,
-0.060149,
-0.012887,
0.000004,
-0.040707,
0.016417,
-0.074371,
-0.088245,
0.050267,
0.029063,
-0.073404,
0.014969,
0.037759,
0.070463,
-0.052394,
0.057438,
0.067105,
-0.044609,
0.061849,
-0.030054,
0.077776,
0.067699,
0.076925,
0.073584,
0.082408,
-0.086635,
0.058534,
-0.057006,
-0.030910,
-0.042175,
0.058341,
-0.039660,
0.050243,
0.012361,
-0.063780,
0.002250,
-0.003255,
-0.048916,
0.083691,
0.006518,
-0.020298,
0.068026,
-0.071115,
0.053268,
-0.004637,
-0.047457,
0.045476,
-0.032788,
-0.071852,
0.028559,
-0.050428,
0.059946,
0.006723,
-0.001519,
0.056890,
-0.064029,
-0.078436,
0.063850,
0.024818,
0.003762,
0.038143,
-0.003666,
0.071076,
-0.046974,
-0.070709,
-0.047546,
-0.062134,
-0.082559,
0.029940,
-0.087138,
0.029136,
-0.013628,
0.060370,
0.009559,
0.077622,
-0.002515,
-0.080909,
-0.004462,
-0.050550,
0.070940,
-0.044936,
0.031634,
0.057483,
0.008581,
-0.058796,
-0.084147,
-0.001069,
0.070513,
0.038403,
-0.055772,
-0.042705,
0.000344,
-0.049306,
0.056930,
-0.022243,
-0.003753,
-0.052975,
-0.023126,
-0.079547,
0.047152,
0.084777,
0.006505,
-0.021167,
-0.068402,
0.044420,
-0.079710,
-0.045946,
-0.009339,
0.015989,
0.058376,
0.000379,
0.026075,
-0.018420,
0.016062,
0.077688,
0.030684,
0.018101,
-0.032310,
0.004340,
0.037422,
-0.003198,
-0.031892,
-0.081986,
-0.003012,
0.007887,
-0.024398,
0.062013,
0.080021,
0.023546,
-0.029730,
-0.028181,
0.027354,
0.026082,
0.050536,
-0.056861,
0.020490,
-0.077858,
0.076514,
0.042071,
0.079022,
0.031283,
0.062650,
0.032524,
0.008847,
0.043889,
0.062699,
-0.020589,
0.085939,
0.023871,
-0.029025,
-0.045245,
-0.009202,
-0.034487,
0.061821,
0.037942,
0.066851,
-0.002868,
-0.033317,
0.033401,
0.017704,
-0.033249,
0.052684,
0.003473,
0.008188,
0.014422,
-0.062010,
-0.066533,
0.021662,
0.078569,
0.038581,
-0.078115,
-0.018012,
0.031195,
-0.060327,
-0.000764,
0.087535,
-0.014241,
-0.053527,
-0.044520,
-0.086002,
-0.054217,
0.029315,
0.026371,
-0.051448,
-0.076761,
0.065618,
-0.094994,
-0.005731,
-0.018781,
-0.020455,
-0.002532,
-0.034802,
0.068345,
-0.117314,
-0.060923,
-0.007846,
0.018755,
0.051931,
-0.083326,
0.043038,
-0.093349,
-0.054247,
-0.065175,
-0.054855,
-0.057878,
0.052033,
-0.064179,
0.017480,
0.080260,
-0.032660,
-0.049617,
-0.025110,
-0.061961,
0.056518,
-0.038203,
-0.059468,
0.040177,
-0.028835,
0.061357,
0.028358,
-0.075054,
-0.050326,
-0.095404,
-0.055865,
-0.042900,
0.039088,
-0.030924,
0.074271,
-0.027903,
0.045890,
-0.035888,
-0.086979,
-0.059684,
-0.019355,
0.044919,
0.023539,
-0.058080,
-0.043097,
-0.059148,
-0.034587,
-0.042599,
0.049774,
0.093736,
0.032286,
0.049781,
-0.008890,
-0.006097,
0.040783,
-0.047185,
-0.015066,
0.057429,
-0.002633,
-0.020419,
-0.048672,
0.042534,
-0.080066,
0.067439,
0.034109,
0.092240,
0.070662,
0.012276,
0.011406,
-0.055216,
-0.084524,
-0.019536,
-0.039053,
-0.076691,
-0.071254,
-0.026243,
0.062087,
0.078971,
0.045811,
0.017327,
-0.003639,
-0.041732,
-0.016696,
-0.031629,
0.052777,
0.069667,
-0.031160,
-0.109246,
0.058436,
0.059097,
0.042631,
-0.049230,
0.077362,
-0.017335,
-0.057788,
-0.063560,
0.054208,
-0.066955,
-0.045516,
-0.000042,
-0.063486,
0.013345,
-0.084293,
0.093203,
0.070276,
-0.084102,
0.077590,
-0.067857,
-0.035277,
-0.020690,
0.028830,
0.077371,
-0.037863,
0.002558,
-0.087854,
0.016753,
0.043126,
0.110549,
0.002729,
0.029102,
0.069437,
-0.081930,
0.100402,
-0.018652,
0.041309,
-0.006851,
-0.032998,
0.015796,
-0.114103,
-0.010639,
-0.032817,
0.031311,
-0.053281,
0.025488,
0.060987,
0.005337,
-0.060529,
0.068077,
0.070327,
-0.043680,
0.066626,
-0.031331,
0.086401,
-0.025602,
0.063760,
-0.042784,
0.026828,
0.085133,
0.068575,
0.081986,
0.021371,
-0.014146,
-0.085439,
0.070923,
-0.051617,
-0.116258,
0.096129,
-0.133700,
0.033143,
0.064889,
-0.002063,
-0.037251,
0.097500,
0.095504,
-0.050195,
-0.047259,
-0.030395,
0.028648,
-0.088292,
0.055262,
-0.032078,
-0.127645,
-0.014876,
-0.000203,
0.004458,
-0.072066,
-0.038306,
-0.060791,
-0.015190,
0.034176,
0.018443,
0.113196,
0.015742,
0.074059,
-0.005094,
-0.009281,
0.083964,
-0.005722,
-0.036634,
0.033917,
-0.083227,
0.075461,
0.022385,
0.129537,
-0.004064,
0.046778,
-0.059512,
0.012630,
0.057718,
0.082322,
0.032000,
-0.089289,
-0.015658,
0.040729,
-0.008584,
0.097896,
-0.042485,
0.034390,
0.047723,
-0.011132,
0.047252,
-0.066420,
0.089950,
-0.055306,
0.054078,
0.065497,
-0.084285,
-0.023990,
-0.012252,
-0.066557,
0.094535,
-0.172220,
-0.092015,
-0.026733,
0.083177,
0.072246,
0.029636,
-0.006067,
0.046928,
0.057883,
-0.009788,
0.044052,
-0.064916,
0.069636,
-0.014058,
-0.019454,
0.052088,
0.088310,
-0.046023,
-0.035650,
0.001784,
0.030868,
-0.013264,
0.064379,
-0.033225,
-0.050418,
0.002363,
0.066743,
-0.062263,
-0.025092,
0.061449,
0.126168,
-0.063764,
0.019618,
-0.069064,
-0.037878,
-0.009407,
0.080311,
-0.015946,
0.076876,
-0.013500,
-0.039379,
-0.069567,
0.039894,
-0.033284,
0.045778,
0.058675,
-0.048209,
0.047924,
0.077925,
0.082113,
0.099210,
-0.038711,
-0.022787,
0.053039,
0.018732,
0.009740,
-0.017274,
0.055297,
-0.048852,
0.070610,
0.016442,
0.006581,
0.030386,
-0.024171,
-0.179916,
-0.023520,
0.077604,
0.004449,
0.082792,
0.056096,
0.054786,
0.059065,
-0.032164,
-0.031371,
0.087486,
0.025704,
0.058140,
-0.046210,
-0.129723,
-0.003579,
-0.045051,
-0.032874,
-0.027451,
0.032018,
0.111758,
-0.005377,
0.005148,
0.010971,
0.034669,
0.032130,
0.001168,
-0.059102,
0.041162,
0.128179,
0.028400,
0.052219,
0.041222,
-0.023691,
0.011355,
0.101086,
-0.015758,
-0.069847,
0.052168,
0.063765,
0.021195,
0.047742,
-0.058525,
-0.026135,
0.009198,
0.021404,
-0.039881,
0.000358,
0.031601,
0.078776,
-0.027541,
0.043685,
-0.090061,
0.081327,
-0.051169,
0.052356,
0.085239,
0.013890,
-0.026630,
-0.056791,
0.040577,
0.033851,
-0.014827,
0.103900,
-0.074965,
0.019052,
-0.054021,
-0.011850,
-0.036179,
0.028603,
0.100648,
-0.040854,
0.027560,
-0.034367,
0.106769,
0.032406,
-0.002508,
0.071133,
-0.066639,
-0.045549,
0.066903,
-0.057431,
0.042818,
-0.041598,
0.040398,
-0.053266,
0.004651,
-0.013155,
0.060700,
0.065791,
0.019822,
0.055095,
0.021322,
0.092210,
0.101582,
0.017310,
0.066662,
-0.044063,
-0.039330,
0.015858,
0.082110,
0.057910,
0.025474,
0.003051,
-0.064185,
-0.014490,
0.080950,
0.096173,
0.094789,
-0.048529,
-0.050041,
0.097555,
-0.060443,
0.005222,
0.069249,
-0.011962,
-0.016340,
0.028915,
0.053387,
-0.013756,
0.006104,
-0.020547,
-0.038640,
0.038780,
0.032804,
-0.014523,
-0.012643,
-0.000816,
-0.118043,
-0.064052,
-0.003219,
0.060308,
0.057533,
-0.037622,
0.041003,
-0.051352,
-0.051458,
-0.054018,
0.006549,
0.022689,
-0.006069,
0.037597,
-0.073803,
-0.042742,
0.120745,
0.003437,
-0.070736,
0.014682,
-0.044413,
0.053888,
-0.037544,
0.054490,
0.086494,
-0.000618,
-0.017660,
0.010356,
-0.008465,
0.100780,
0.054126,
-0.064615,
-0.046488,
-0.084959,
-0.046205,
0.130653,
-0.020019,
-0.025103,
0.064679,
0.007981,
-0.036545,
0.020622,
-0.015556,
-0.012624,
0.091539,
0.083191,
0.060455,
0.080764,
-0.047486,
0.046546,
0.083243,
0.125791,
0.104595,
-0.085714,
-0.008456,
-0.013191,
-0.037677,
-0.015454,
0.061831,
0.030174,
-0.004211,
-0.044492,
0.037819,
-0.010478,
-0.084243,
-0.038955,
-0.074551,
-0.018642,
0.090614,
0.081219,
0.032809,
0.044046,
-0.071135,
0.043188,
0.065248,
0.048384,
0.090656,
0.026265,
-0.124920,
-0.089045,
0.068514,
-0.083279,
-0.045200,
-0.061864,
0.001096,
0.041924,
0.040825,
-0.004585,
0.010900,
-0.063988,
0.057014,
-0.054246,
-0.006654,
0.039988,
-0.004963,
-0.060666,
0.047467,
-0.042756,
-0.025813,
0.010118,
-0.019419,
-0.045870,
0.065369,
0.077361,
-0.024070,
-0.057980,
-0.035503,
0.073045,
0.008033,
-0.024662,
0.032081,
0.050210,
0.008377,
0.054737,
0.029963,
0.143704,
0.126326,
-0.004443,
-0.061940,
0.002509,
0.018168,
-0.026502,
0.053752,
0.057269,
0.064915,
0.037052,
-0.029928,
-0.041313,
0.035049,
0.041535,
0.064837,
-0.002136,
-0.012828,
0.067783,
0.094518,
0.044193,
0.056032,
0.028108,
0.005956,
0.066798,
-0.016969,
-0.050392,
-0.168757,
-0.109739,
0.015976,
-0.037168,
0.007994,
0.025731,
0.043656,
-0.030985,
0.039645,
0.021344,
-0.012652,
-0.011742,
-0.047504,
0.043270,
-0.042807,
0.050733,
0.085463,
0.042590,
-0.030532,
-0.004555,
-0.024913,
0.134765,
0.036703,
0.021971,
-0.031996,
0.060462,
0.045869,
0.091321,
-0.056798,
0.011548,
0.002241,
-0.021811,
-0.027272,
0.006769,
-0.107281,
0.046529,
-0.059122,
0.026413,
0.042772,
-0.080024,
-0.026266,
0.079695,
0.013884,
-0.028149,
-0.054957,
-0.005738,
0.033973,
-0.058812,
0.095797,
-0.067574,
0.059223,
-0.028359,
-0.066755,
0.113989,
-0.011611,
-0.090566,
0.013636,
0.021808,
-0.053546,
-0.005337,
0.072917,
0.010543,
-0.002456,
0.067548,
-0.132188,
-0.052461,
0.055823,
0.051740,
0.023750,
0.020776,
-0.051805,
0.064333,
0.007009,
-0.008926,
-0.007429,
-0.014227,
-0.026333,
0.013955,
-0.025331,
-0.008233,
0.060216,
-0.073726,
0.010532,
0.032669,
0.069795,
-0.031848,
0.059191,
0.017844,
0.077440,
-0.056696,
-0.049005,
-0.018110,
-0.029619,
-0.004894,
0.034470,
0.079149,
0.033032,
0.026725,
0.008760,
0.066346,
-0.144505,
0.021137,
-0.028528,
-0.125896,
-0.013820,
-0.018960,
-0.022429,
0.029021,
0.012710,
0.026250,
0.003292,
-0.078070,
0.087780,
-0.088304,
0.023497,
0.000690,
-0.061493,
0.046401,
0.093483,
-0.093778,
-0.075111,
-0.055730,
-0.042540,
0.007423,
0.046248,
0.061307,
0.102352,
0.058227,
-0.077876,
-0.109645,
-0.016430,
-0.045816,
0.002755,
-0.046603,
-0.031983,
0.061998,
0.085596,
-0.023484,
-0.045918,
0.024007,
-0.018997,
-0.055790,
0.032306,
-0.025315,
0.059180,
-0.060424,
-0.043489,
0.050345,
-0.026378,
-0.037482,
0.061328,
0.026116,
0.006652,
0.039756,
0.053722,
-0.007531,
0.040456,
-0.059232,
0.035320,
-0.036041,
-0.072366,
0.101022,
-0.135652,
0.034448,
-0.146634,
0.056692,
0.068603,
-0.083100,
-0.003515,
0.059627,
0.018943,
-0.031162,
-0.079312,
-0.058973,
0.041534,
0.037615,
0.033692,
-0.020744,
0.147885,
0.067974,
-0.048356,
0.014822,
-0.031454,
-0.025571,
0.048442,
-0.077327,
-0.103097,
-0.068560,
0.044348,
-0.047677,
0.022255,
0.049198,
-0.126942,
-0.084116,
-0.037945,
0.052865,
0.041057,
0.087581,
-0.010651,
0.006237,
-0.054644,
0.087072,
0.010611,
0.059249,
0.072596,
0.023558,
-0.027587,
0.010662,
0.035353,
0.014841,
-0.033103,
0.014340,
0.031259,
-0.037995,
0.020834,
-0.038115,
-0.021680,
-0.056221,
0.045670,
0.038142,
0.030805,
0.030174,
-0.023770,
-0.036317,
0.038003,
0.136662,
-0.100192,
-0.067326,
-0.078320,
0.065840,
-0.002498,
-0.009401,
0.042323,
-0.059492,
0.053477,
-0.022020,
-0.013590,
0.068398,
-0.062033,
0.115261,
-0.030860,
-0.103520,
0.003843,
-0.003215,
-0.071816,
0.119694,
0.020909,
-0.200489,
-0.019702,
0.015820,
-0.086960,
-0.026155,
0.123367,
0.015240,
0.061661,
-0.041599,
-0.101912,
-0.065170,
-0.014214,
0.050185,
0.050246,
0.003698,
0.143259,
-0.056261,
0.057263,
-0.024110,
0.008464,
0.069365,
-0.068095,
-0.053182,
-0.082038,
0.033976,
0.073233,
0.026876,
0.067261,
-0.043253,
-0.008633,
-0.095205,
0.095311,
0.009059,
0.081552,
-0.027393,
-0.021543,
-0.009026,
0.000243,
-0.009633,
-0.036652,
-0.041621,
-0.000807,
0.078816,
-0.059123,
0.076063,
-0.067208,
0.004182,
-0.067934,
-0.020460,
0.007618,
0.059256,
-0.066890,
-0.059404,
0.040474,
0.013101,
0.038943,
0.048173,
-0.051968,
0.032839,
0.114848,
-0.010887,
-0.010036,
0.026299,
-0.046794,
-0.031912,
-0.035208,
0.049316,
-0.120281,
-0.037670,
0.129649,
-0.028453,
-0.033241,
-0.021475,
-0.139116,
-0.051445,
0.062217,
-0.044624,
0.089775,
0.077735,
-0.004112,
-0.005241,
-0.044288,
-0.007835,
-0.027221,
0.070326,
-0.007141,
-0.003012,
0.013284,
-0.032107,
0.050311,
-0.098398,
-0.001913,
0.041633,
0.034141,
-0.101714,
0.095985,
0.062350,
0.021657,
-0.014204,
0.010549,
0.043450,
-0.062699,
-0.012105,
0.061751,
0.023451,
-0.068660,
0.083352,
-0.037701,
-0.055142,
-0.074014,
0.039599,
-0.092901,
-0.029473,
0.015146,
0.042580,
0.001185,
-0.031621,
0.024413,
-0.021453,
0.043205,
0.127549,
0.063938,
0.020592,
0.019897,
0.068854,
0.002838,
-0.004769,
0.041783,
-0.129058,
-0.061756,
-0.035968,
-0.095192,
0.093144,
0.013058,
0.013467,
0.044374,
0.054918,
0.003799,
-0.088104,
0.019459,
0.033254,
0.070697,
-0.007218,
-0.016243,
-0.011803,
-0.064960,
0.000272,
-0.079543,
0.018027,
-0.098061,
0.037109,
-0.100624,
-0.033107,
-0.049956,
-0.038837,
0.008453,
-0.068399,
-0.022027,
-0.126869,
-0.005158,
-0.052706,
-0.049315,
-0.094969,
-0.032041,
-0.057152,
-0.003153,
-0.033348,
0.059255,
0.033312,
-0.073318,
0.137642,
0.108846,
-0.020973,
-0.135768,
-0.008003,
-0.127379,
-0.026768,
0.058740,
-0.073960,
-0.066008,
0.011890,
0.037629,
0.028209,
0.014389,
0.015587,
0.008536,
-0.040386,
0.043124,
-0.015243,
0.056509,
-0.027332,
0.026175,
-0.100817,
-0.017608,
0.093268,
0.030411,
-0.049326,
0.038875,
-0.033147,
0.007167,
-0.006339,
-0.119339,
-0.087975,
0.001551,
0.049918,
-0.028423,
0.027549,
0.051104,
-0.016710,
0.087268,
-0.010711,
0.028208,
0.048792,
0.031865,
0.050145,
-0.105462,
0.101788,
-0.057657,
0.013567,
0.020129,
0.029456,
-0.013295,
-0.052111,
0.039226,
-0.085131,
0.055750,
-0.051691,
-0.059108,
0.038223,
0.070731,
-0.100511,
-0.049734,
-0.083329,
-0.006666,
0.075749,
-0.033914,
-0.046338,
-0.054693,
-0.045094,
-0.018345,
0.041193,
0.039485,
0.012490,
0.046762,
0.036953,
-0.022100,
-0.020783,
-0.047543,
0.051096,
0.048972,
-0.021215,
-0.049174,
0.059114,
0.031045,
0.004122,
-0.081012,
-0.093501,
-0.086139,
0.047205,
-0.108173,
-0.028981,
0.028023,
-0.045560,
-0.053586,
-0.068864,
-0.014052,
-0.121641,
0.025494,
-0.046753,
-0.081346,
-0.027775,
-0.048957,
0.079710,
-0.028767,
-0.063094,
-0.019856,
0.038146,
-0.014402,
0.008507,
0.017875,
-0.052945,
0.040417,
0.041121,
-0.035213,
-0.014857,
-0.058264,
-0.037561,
0.136746,
-0.028250,
0.005484,
0.008851,
0.046786,
-0.061857,
-0.060348,
0.060630,
0.008141,
0.002771,
-0.030045,
0.068059,
0.056615,
-0.030488,
0.035830,
0.014456,
0.006569,
-0.014326,
0.068284,
0.026566,
0.054772,
0.032930,
-0.016973,
0.066505,
0.065232,
0.055891,
-0.062944,
-0.077992,
-0.000893,
0.085104,
0.070497,
-0.012173,
0.001036,
-0.052333,
-0.007670,
-0.027508,
-0.012852,
-0.013548,
0.019607,
-0.079321,
0.064763,
0.012440,
-0.031982,
-0.033763,
-0.030297,
0.053324,
-0.052469,
0.026393,
0.011402,
0.060442,
-0.031249,
0.016103,
-0.082498,
-0.004960,
0.026569,
0.067304,
-0.108614,
0.027809,
0.025730,
0.001762,
-0.046096,
0.008366,
-0.093859,
0.035695,
0.011983,
-0.044084,
0.020995,
-0.019365,
-0.102111,
-0.064346,
0.065757,
0.038502,
0.025833,
-0.059183,
-0.001614,
0.072166,
0.119187,
-0.046830,
0.058574,
-0.026295,
-0.037197,
-0.001803,
0.043505,
0.062553,
-0.046110,
-0.022557,
0.020798,
-0.094109,
-0.031857,
-0.027732,
-0.047179,
-0.073578,
0.020796,
-0.082541,
0.064412,
-0.024460,
-0.053469,
-0.052764,
-0.127243,
0.123019,
-0.099443,
0.005663,
-0.018005,
-0.023131,
-0.022000,
-0.043799,
-0.165639,
0.004671,
0.025901,
-0.030997,
-0.040587,
0.027049,
0.057637,
-0.005537,
0.041996,
0.053608,
0.020297,
0.095220,
0.046766,
-0.046527,
-0.021308,
0.031833,
-0.090180,
0.067973,
0.040203,
0.044855,
-0.071983,
-0.070092,
0.092337,
-0.097424,
0.034928,
0.056101,
-0.054807,
0.025506,
0.043596,
-0.081249,
0.067543,
-0.054673,
-0.053655,
0.060625,
-0.020592,
0.041327,
-0.005244,
0.001505,
-0.015808,
0.033026,
0.059379,
-0.021798,
0.023428,
-0.079385,
0.021212,
0.061521,
0.057866,
-0.045227,
-0.065569,
-0.057002,
0.052861,
-0.071474,
-0.078761,
0.020835,
0.002385,
-0.027534,
0.029592,
-0.037470,
-0.000373,
-0.065066,
0.069303,
0.051256,
-0.034008,
0.003515,
-0.017420,
0.017285,
0.034719,
0.052851,
0.021439,
0.087290,
0.025720,
-0.058706,
0.054185,
0.071144,
0.019477,
0.033165,
-0.050563,
-0.042438,
-0.078050,
-0.015880,
0.042386,
-0.051340,
0.061488,
0.011673,
0.064081,
-0.018757,
-0.032490,
-0.038255,
-0.040364,
-0.075877,
0.071748,
0.050665,
0.019544,
0.040703,
0.073753,
0.012803,
-0.098894,
-0.044832,
0.038524,
-0.019491,
0.015596,
-0.057512,
-0.090108,
0.073271,
-0.061472,
-0.057263,
-0.054392,
-0.014167,
-0.081479,
-0.085456,
-0.005725,
0.052181,
-0.042446,
0.043800,
0.075765,
-0.004373,
0.034159,
0.054014,
-0.067455,
-0.093198,
0.059306,
-0.019025,
-0.101059,
-0.047127,
-0.010656,
-0.067695,
0.001645,
-0.096747,
-0.062726,
0.064539,
0.023875,
0.044835,
0.061450,
0.075225,
0.002580,
0.033669,
0.071175,
-0.034624,
0.050564,
0.068589,
0.019712,
0.066511,
0.050850,
-0.032881,
-0.049873,
-0.015701,
0.015708,
0.032559,
0.003889,
0.085029,
-0.058762,
-0.031562,
-0.067733,
-0.088073,
-0.021340,
-0.089702,
-0.032395,
-0.008034,
0.039898,
-0.063106,
-0.071959,
0.036666,
-0.047671,
-0.017510,
0.036760,
0.030199,
-0.010388,
0.067393,
-0.055105,
0.060587,
-0.007726,
0.011316,
0.020698,
0.048821,
0.073352,
-0.057782,
0.019984,
-0.053982,
-0.035640,
0.036961,
-0.013997,
0.080772,
-0.035426,
0.015325,
-0.092269,
0.086525,
-0.051105,
0.026133,
-0.020139,
0.017968,
0.014509,
0.019689,
0.051538,
-0.039146,
-0.008619,
0.064276,
0.079239,
0.026346,
-0.058469,
-0.041776,
0.083171,
0.064266,
-0.073123,
-0.029336,
-0.012768,
0.035049,
-0.064545,
0.053764,
0.079157,
0.078965,
-0.014469,
-0.047797,
-0.020279,
0.032168,
-0.021810,
0.013836,
-0.059345,
-0.039573,
-0.083275,
-0.058657,
0.028773,
-0.081245,
-0.035706,
0.017988,
-0.062265,
0.076857,
-0.037025,
-0.021733,
0.083517,
0.003285,
-0.088620,
0.045910,
0.001134,
-0.050933,
0.074955,
-0.046248,
0.016438,
-0.011873,
0.000185,
-0.014033,
-0.049487,
-0.058611,
0.031646,
-0.027358,
-0.021714,
0.045626,
0.073344,
0.077733,
-0.065532,
0.089812,
0.003324,
0.037532,
0.083491,
-0.064916,
0.062398,
-0.052146,
0.015368,
0.028063,
0.002491,
0.075781,
0.041255,
-0.087107,
-0.049209,
-0.080996,
-0.027966,
0.061825,
0.041970,
-0.082664,
0.024388,
-0.079783,
-0.088650,
0.066711,
-0.057918,
-0.040896,
0.082586,
0.065216,
0.002470,
0.018420,
0.005923,
0.016356,
-0.057489,
-0.043398,
-0.081703,
0.050824,
-0.071509,
-0.084047,
0.018349,
0.040230,
0.033037,
0.074752,
-0.048634,
-0.026408,
-0.064550,
0.054445,
0.044943,
0.026298,
-0.018648,
0.075690,
-0.026772,
-0.053673,
0.047080,
-0.067177,
0.054601,
0.071075,
0.079755,
0.086902,
0.048405,
-0.012866,
-0.076516,
-0.058964,
-0.005499,
0.065711,
-0.089103,
0.048883,
0.030880,
0.025034,
-0.027767,
-0.061445,
0.052275,
0.023447,
-0.077121,
0.056885,
0.059902,
0.022612,
0.013204,
-0.064699,
-0.020527,
0.079196,
-0.032138,
0.060265,
0.061600,
0.060718,
-0.084428,
0.012851,
0.063717,
-0.082308,
0.023672,
-0.085856,
-0.025279,
-0.003842,
0.002654,
0.057303,
-0.027140,
-0.061451,
0.019253,
0.082621,
0.076045,
0.033527,
-0.053483,
0.024417,
0.020263,
-0.072100,
0.074623,
0.009106,
0.004645,
-0.082480,
0.030503,
-0.074452,
0.081871,
-0.049258,
-0.039322,
-0.009447,
0.050717,
-0.055746,
-0.000073,
-0.074916,
-0.039030,
-0.018457,
0.059040,
-0.031417,
-0.006063,
-0.046199,
0.015351,
-0.074483,
-0.020829,
-0.017882,
0.052379,
-0.055003,
-0.065133,
0.009226,
-0.009340,
0.064500,
-0.017314,
-0.029102,
-0.047091,
0.061234,
-0.030287,
-0.036809,
-0.035060,
0.003988,
0.084082,
-0.061994,
-0.000542,
0.078239,
-0.005458,
0.048233,
-0.084549,
0.002719,
0.005678,
0.027663,
0.051936,
0.037899,
0.061749,
0.049560,
-0.000066,
-0.047300,
0.031963,
0.079007,
-0.038165,
0.014819,
0.076203,
-0.077089,
0.069227,
-0.076809,
-0.026418,
0.033490,
0.001175,
0.011541,
0.061896,
-0.027464,
-0.063600,
0.022486,
0.002412,
0.007312,
0.003086,
0.001230,
0.058864,
-0.052208,
-0.065543,
-0.016489,
-0.031365,
0.084232,
0.025597,
-0.076774,
-0.000671,
0.076336,
-0.077074,
-0.024799,
-0.050502,
-0.080202,
0.035307,
-0.026027,
-0.057991,
-0.016731,
-0.063469,
-0.027380,
-0.028351,
0.053031,
-0.016744,
0.077530,
0.065640,
-0.048913,
0.014501,
-0.068228,
0.028840,
-0.074111,
0.039979,
-0.057428,
0.011218,
0.067694,
-0.000049,
0.019438,
-0.072588,
-0.060869,
0.091772,
-0.059923,
0.066825,
-0.072972,
0.059273,
-0.054891,
0.052801,
0.043024,
0.012058,
-0.015673,
0.010249,
-0.087280,
-0.021209,
-0.004704,
-0.041343,
0.017557,
0.013828,
-0.038027,
-0.064609,
0.046028,
0.063166,
0.005718,
-0.089725,
0.049608,
-0.026567,
0.045409,
-0.004996,
0.052182,
-0.015398,
0.024788,
0.000760,
-0.034949,
0.070703,
0.058584,
-0.074861,
0.064542,
-0.054706,
-0.032672,
-0.068133,
-0.039815,
0.033429,
-0.037066,
-0.049335,
0.030529,
0.023063,
0.014668,
-0.082896,
0.073318,
-0.095843,
-0.035072,
-0.067220,
-0.049854,
0.049657,
-0.095619,
0.038737,
0.060785,
0.020983,
0.058792,
-0.036957,
0.071887,
0.061010,
0.037420,
0.032115,
-0.022949,
0.009678,
-0.050657,
-0.043005,
0.074427,
-0.015021,
-0.070622,
-0.010490,
0.060394,
-0.037370,
0.010061,
0.000478,
0.045113,
0.061689,
0.056397,
0.000705,
0.000185,
-0.046406,
0.027315,
-0.045321,
0.079458,
0.024467,
0.024076,
-0.023168,
0.079597,
-0.011637,
0.006091,
0.026954,
-0.053954,
0.066023,
-0.002889,
0.004332,
0.036395,
0.008893,
-0.015739,
0.058677,
0.020820,
0.077540,
0.069745,
-0.062937,
0.004254,
0.050487,
-0.028124,
0.082274,
-0.049506,
-0.030112,
0.053106,
-0.061705,
-0.007518,
0.001512,
-0.031300,
0.002470,
-0.023949,
0.023764,
0.027635,
0.020858,
-0.067121,
0.004663,
-0.000616,
0.090902,
-0.015886,
-0.036771,
-0.039902,
-0.097559,
0.053653,
0.036997,
0.066795,
-0.021270,
0.038266,
0.070370,
-0.034338,
0.016675,
-0.028672,
-0.072790,
0.020677,
0.058048,
-0.071116,
-0.023394,
0.026266,
-0.083981,
0.080177,
0.028322,
-0.017563,
-0.053500,
0.035710,
0.087846,
0.059802,
0.006917,
0.095680,
0.054907,
-0.036551,
0.014671,
0.041945,
-0.024699,
-0.008388,
-0.007665,
-0.032143,
0.032347,
0.072343,
-0.079266,
-0.069562,
0.079780,
-0.034049,
-0.016073,
0.042697,
0.067213,
0.083876,
-0.054270,
-0.063791,
0.090691,
0.064541,
-0.008447,
-0.048411,
-0.125283,
-0.048233,
-0.043211,
-0.016761,
0.058143,
0.038464,
0.014430,
-0.015807,
0.065067,
0.005193,
0.022772,
0.058834,
0.034429,
-0.087958,
0.000122,
0.040159,
0.014692,
0.054675,
-0.055141,
-0.000408,
-0.017029,
-0.088520,
0.060867,
-0.074313,
0.057884,
0.036531,
-0.015430,
-0.003986,
0.063368,
-0.020553,
-0.047645,
-0.038659,
-0.010763,
0.062639,
0.020855,
0.062038,
-0.010402,
-0.000592,
-0.064021,
0.009981,
0.004664,
0.052466,
0.029422,
-0.027462,
-0.037384,
0.076719,
-0.056196,
0.020210,
-0.015369,
-0.059344,
0.019957,
0.015805,
-0.050852,
-0.020735,
0.023768,
-0.039157,
0.076441,
0.038639,
0.046315,
-0.094103,
0.073377,
0.011483,
-0.025254,
0.017813,
-0.135604,
-0.051819,
-0.011303,
0.005465,
0.045539,
0.014529,
0.085720,
0.011275,
0.042217,
-0.067163,
-0.036391,
0.016327,
0.062801,
0.058671,
-0.054882,
0.104161,
-0.045569,
0.026517,
0.032354,
0.028479,
0.033419,
0.076918,
0.026916,
0.041231,
-0.033391,
-0.006019,
0.022404,
-0.064680,
-0.020303,
-0.009677,
-0.024896,
-0.064802,
-0.050882,
0.130184,
0.037615,
-0.085389,
0.088298,
0.033359,
-0.066833,
0.004944,
0.052536,
-0.031577,
-0.023910,
-0.060629,
0.018241,
-0.041088,
0.012595,
-0.085590,
-0.025778,
-0.042471,
-0.005566,
0.042589,
-0.051984,
0.019899,
-0.016290,
-0.008397,
-0.000255,
-0.049879,
0.049402,
0.064247,
0.060963,
-0.018551,
-0.031335,
0.060938,
-0.066863,
-0.070207,
0.036843,
-0.024539,
0.027185,
-0.078209,
0.025912,
0.073588,
0.024678,
-0.076040,
0.093205,
0.024144,
0.099300,
0.057221,
0.038256,
0.062244,
0.079572,
0.037888,
-0.002897,
-0.004798,
-0.015845,
-0.010221,
-0.014411,
0.074820,
0.033751,
-0.080561,
-0.059646,
-0.072526,
0.005988,
0.060067,
0.028677,
0.025152,
0.044767,
0.042761,
0.042810,
0.088943,
0.029399,
-0.032567,
0.029365,
-0.000359,
0.083033,
-0.025000,
0.040889,
-0.041946,
0.055687,
0.054351,
-0.034669,
-0.067155,
-0.053407,
0.007309,
-0.099058,
0.068258,
0.022181,
-0.037719,
0.003421,
0.052508,
0.050852,
-0.073658,
-0.003832,
0.023390,
-0.036209,
0.033245,
-0.079127,
0.081253,
-0.033291,
-0.075724,
0.071130,
0.025867,
0.008457,
0.045959,
0.035576,
0.049587,
-0.001901,
0.063632,
-0.044541,
-0.039243,
0.038341,
-0.071690,
0.056425,
0.115696,
0.039491,
-0.095831,
0.012598,
-0.041641,
0.022042,
0.014025,
0.141456,
0.073355,
-0.013139,
0.086528,
-0.069237,
0.018618,
0.033008,
-0.014807,
0.023863,
-0.059250,
-0.002306,
-0.025845,
0.003818,
0.069487,
0.014717,
0.049165,
0.036031,
0.065422,
-0.019865,
0.075230,
-0.010400,
0.079307,
0.000263,
0.012375,
0.000545,
0.018990,
-0.012826,
0.037382,
-0.030527,
0.003442,
0.041746,
0.030871,
0.081857,
-0.084915,
-0.007115,
0.017634,
-0.043047,
0.076325,
-0.059316,
0.013422,
-0.008484,
-0.017884,
-0.178154,
-0.096725,
0.077064,
0.048909,
-0.018184,
-0.096295,
0.029189,
0.074008,
0.034622,
-0.045665,
0.101890,
0.044072,
0.038579,
-0.051237,
-0.000056,
-0.008234,
-0.030372,
0.021114,
-0.009966,
-0.081738,
-0.001560,
0.082459,
0.002120,
0.025428,
-0.009853,
0.063082,
0.001337,
-0.046396,
-0.069867,
-0.007669,
-0.053187,
0.046646,
0.015809,
0.061350,
0.002347,
-0.048217,
-0.042694,
0.093568,
-0.051116,
0.055995,
0.038001,
-0.049237,
0.007679,
-0.071592,
0.040404,
-0.028025,
0.009850,
0.079758,
-0.007885,
-0.010495,
-0.062744,
-0.016833,
0.055974,
0.041123,
-0.015625,
-0.029238,
0.051768,
0.042868,
-0.092972,
-0.026570,
0.085497,
0.060735,
-0.009138,
-0.062604,
-0.159024,
-0.011912,
0.094765,
-0.047375,
0.032403,
-0.014781,
0.028076,
0.083901,
0.053274,
-0.049533,
0.029772,
0.047564,
0.018944,
0.073195,
0.094987,
0.084675,
-0.034038,
0.031678,
0.002191,
-0.013714,
0.067969,
0.138612,
0.084884,
-0.014436,
-0.006657,
-0.055126,
-0.003659,
-0.100286,
0.018433,
0.071311,
0.065520,
-0.019723,
0.015620,
0.031240,
0.069735,
-0.000546,
0.075961,
0.116975,
0.083237,
-0.039675,
-0.069622,
-0.084567,
0.061222,
-0.033777,
-0.021705,
-0.041184,
0.121810,
-0.000833,
0.027996,
0.078274,
0.036562,
0.019181,
-0.082546,
0.042853,
-0.029107,
0.014475,
0.036537,
-0.050477,
-0.051781,
-0.051653,
-0.070067,
0.040003,
0.038631,
-0.013438,
-0.154843,
-0.076281,
0.069525,
-0.025933,
-0.029744,
-0.007388,
0.049441,
0.069103,
0.042391,
0.033434,
0.001544,
-0.036234,
0.054157,
0.007871,
0.050127,
0.021304,
-0.039220,
0.111322,
0.070456,
-0.037109,
0.068106,
0.049612,
0.096810,
-0.022830,
0.065722,
0.089589,
-0.036538,
0.039349,
0.007157,
0.048068,
0.012770,
0.004099,
0.012000,
0.037152,
-0.031516,
0.089478,
0.039171,
0.065459,
0.068290,
-0.053561,
-0.060770,
0.046964,
0.024509,
-0.052787,
0.060425,
0.046142,
0.036461,
-0.027414,
-0.069169,
0.061056,
0.030066,
0.036136,
0.014582,
0.075307,
0.089891,
-0.044761,
0.024416,
-0.069393,
-0.003858,
0.035071,
0.044436,
-0.010752,
-0.048236,
0.060530,
-0.222634,
0.000718,
0.020543,
0.074442,
0.092472,
-0.057756,
-0.045338,
0.023025,
-0.010021,
-0.047611,
0.005518,
-0.006009,
-0.002722,
-0.036880,
0.032442,
0.024586,
0.068775,
-0.046048,
-0.054683,
0.059049,
-0.063033,
0.033296,
0.039082,
0.024615,
0.057812,
0.051068,
0.009212,
-0.028284,
0.061395,
-0.026702,
-0.034043,
-0.027125,
-0.054249,
-0.037984,
0.109965,
-0.074048,
-0.070475,
0.008256,
0.003264,
-0.013085,
-0.080269,
-0.052312,
0.083728,
0.054068,
-0.004682,
-0.090419,
0.022672,
-0.035589,
-0.014079,
0.036988,
-0.003900,
-0.005162,
-0.074110,
0.075852,
0.049338,
-0.119354,
0.013062,
0.068891,
-0.034205,
-0.073147,
0.042143,
0.009896,
-0.042824,
0.044308,
-0.108942,
-0.015762,
-0.050881,
0.075572,
-0.035588,
0.042885,
-0.002365,
0.043313,
-0.004965,
-0.029641,
0.003166,
-0.026606,
0.063706,
0.049692,
0.091636,
-0.047377,
0.075914,
0.001948,
0.042373,
-0.013218,
0.007888,
0.081609,
0.016113,
0.021082,
0.002018,
0.009149,
0.002047,
0.063944,
0.066820,
-0.012606,
0.025447,
0.042545,
-0.014545,
-0.029656,
0.046501,
-0.005895,
-0.023049,
0.022007,
0.059319,
-0.045245,
-0.039546,
0.038281,
0.058300,
-0.037464,
0.018798,
0.028413,
0.033987,
0.067906,
0.012137,
-0.039983,
0.038867,
-0.012569,
-0.025245,
-0.020936,
0.089866,
-0.005036,
0.014511,
0.048986,
0.027405,
-0.046425,
-0.013390,
0.011855,
-0.006620,
-0.016009,
-0.078805,
-0.099330,
-0.066411,
0.069232,
0.067141,
0.054635,
0.054877,
0.019500,
0.029585,
0.015565,
-0.014181,
0.060096,
0.036584,
-0.070877,
0.042077,
0.076184,
0.081062,
-0.072040,
-0.066421,
-0.068960,
-0.076224,
0.067607,
0.144626,
-0.027656,
-0.041693,
-0.023278,
-0.003087,
-0.081445,
0.033850,
0.053134,
-0.012437,
0.052836,
0.060817,
0.052480,
-0.096423,
-0.025207,
-0.063756,
-0.018046,
0.077240,
-0.021104,
-0.069817,
-0.022797,
0.098153,
-0.026033,
0.030399,
-0.016671,
0.038001,
-0.068159,
-0.045840,
-0.134877,
0.012100,
0.005552,
0.022716,
0.021985,
-0.002160,
-0.036864,
-0.018382,
0.031264,
-0.015609,
0.047670,
-0.024069,
-0.047839,
0.019449,
-0.001761,
-0.201999,
-0.022355,
-0.042070,
-0.092914,
-0.035495,
-0.010413,
0.089562,
-0.003720,
-0.041943,
0.076603,
-0.028868,
0.067461,
-0.064091,
0.062240,
-0.053198,
0.071515,
-0.094112,
-0.102344,
0.060685,
-0.022876,
-0.039788,
-0.032055,
0.072895,
-0.039240,
-0.064044,
-0.007597,
-0.018299,
0.059317,
-0.014582,
-0.023942,
-0.033221,
0.065030,
-0.075999,
0.065800,
-0.059196,
0.019606,
-0.087223,
-0.036205,
0.039303,
-0.103885,
-0.047803,
-0.056742,
0.085380,
0.064121,
0.048746,
0.013450,
0.071450,
0.000643,
0.069894,
-0.103652,
0.023197,
0.020218,
0.078457,
-0.027676,
0.136074,
-0.019867,
0.006469,
-0.017830,
0.032099,
0.032649,
-0.052800,
0.041792,
-0.047060,
0.088582,
-0.124144,
0.009473,
-0.012077,
-0.053495,
-0.035702,
0.066512,
0.132715,
0.102046,
0.051558,
-0.067448,
-0.061021,
0.031374,
-0.045319,
-0.018821,
0.023661,
0.089155,
-0.052137,
-0.110623,
-0.024375,
-0.017169,
-0.114409,
-0.089672,
0.043589,
0.113432,
0.070837,
-0.114063,
-0.024360,
0.028854,
0.004250,
-0.038453,
0.091912,
0.089401,
0.006427,
0.063962,
-0.071571,
-0.045866,
-0.105023,
0.088649,
-0.064664,
0.061441,
0.051797,
-0.047035,
0.085385,
-0.002548,
0.013399,
0.006407,
0.040230,
0.033909,
0.030186,
-0.078113,
0.096441,
-0.000937,
-0.037379,
0.065864,
0.074104,
-0.118873,
0.019447,
0.017586,
0.019218,
-0.068851,
0.113911,
0.051199,
0.000592,
0.093981,
-0.167362,
0.030226,
0.007072,
-0.014050,
0.029392,
-0.015745,
0.014550,
0.062263,
-0.026863,
-0.067805,
0.062896,
0.015219,
0.038457,
-0.034218,
-0.056053,
-0.022737,
0.035146,
-0.093147,
-0.030318,
0.077453,
-0.025798,
-0.167880,
0.135580,
0.042630,
-0.042141,
-0.046711,
0.002186,
-0.019024,
0.011174,
0.008356,
0.042290,
0.022283,
-0.127193,
0.087246,
0.019917,
-0.079525,
-0.135921,
0.022564,
-0.101405,
-0.051911,
-0.033097,
0.036040,
0.006423,
0.012855,
-0.008033,
0.059107,
0.029088,
0.142278,
0.061318,
-0.016630,
0.088617,
-0.004304,
0.049517,
0.094099,
0.079938,
-0.011801,
0.030245,
-0.025664,
0.022267,
0.042450,
0.067172,
-0.070450,
-0.010014,
-0.046409,
-0.140515,
0.009843,
-0.059731,
0.029104,
-0.028652,
-0.017199,
0.048378,
0.105711,
-0.013852,
0.082620,
-0.040467,
0.092231,
-0.105244,
0.065508,
0.005645,
0.108325,
-0.107427,
-0.019439,
-0.086482,
0.050947,
-0.004208,
-0.162602,
0.058004,
-0.093181,
-0.036390,
0.004283,
0.047794,
-0.009272,
0.058224,
0.024107,
-0.047811,
-0.024691,
-0.004059,
0.038661,
-0.083356,
-0.058710,
0.001823,
-0.034671,
0.027629,
-0.036411,
0.006314,
-0.061868,
0.103742,
0.000186,
-0.046201,
-0.065652,
0.069567,
0.075278,
-0.011229,
-0.021309,
0.032938,
0.087296,
0.042538,
-0.045637,
0.109144,
-0.039720,
-0.017488,
-0.029198,
-0.042575,
-0.066295,
0.034163,
0.000005,
-0.006146,
0.055908,
-0.144042,
0.027663,
-0.079337,
-0.035542,
0.012722,
0.013364,
0.068281,
0.056936,
0.039698,
-0.081688,
-0.011148,
0.124454,
-0.125903,
-0.059339,
-0.075640,
-0.020158,
-0.023890,
0.024281,
-0.005172,
-0.003846,
0.041996,
-0.015685,
0.097614,
0.003420,
-0.008305,
-0.037736,
0.036608,
0.008222,
-0.035660,
-0.009984,
-0.048198,
-0.007811,
0.019991,
0.100339,
0.075273,
-0.070970,
-0.013837,
-0.029262,
-0.140520,
0.045711,
0.039860,
0.021383,
-0.038880,
0.035658,
-0.044188,
-0.043162,
0.034796,
0.059395,
-0.004450,
-0.049517,
0.124674,
0.018760,
0.057714,
0.008202,
0.029354,
-0.101181,
0.005054,
0.099922,
-0.029203,
-0.045393,
0.051544,
0.030887,
0.043452,
-0.079714,
-0.094240,
-0.089595,
-0.015568,
0.004871,
0.007495,
0.070180,
0.042065,
0.060876,
-0.026686,
0.055021,
-0.047795,
-0.003489,
-0.130310,
-0.003642,
0.038388,
-0.005995,
-0.115399,
-0.088145,
-0.007230,
-0.064066,
0.025591,
-0.017932,
0.049112,
0.046880,
0.007417,
-0.011485,
0.035120,
-0.084074,
0.043884,
-0.065813,
0.013935,
-0.050259,
-0.140909,
0.054921,
0.069609,
0.011829,
-0.058146,
0.069058,
-0.105683,
0.030152,
-0.066550,
0.025382,
-0.014190,
-0.012078,
0.016173,
-0.071605,
0.084844,
0.010190,
-0.035059,
0.064668,
-0.007816,
-0.021320,
-0.026591,
0.062457,
-0.035645,
-0.095659,
-0.069827,
0.008089,
-0.066649,
0.029244,
0.016526,
-0.020766,
-0.083430,
-0.067263,
-0.040292,
-0.069660,
0.012462,
0.001687,
-0.020242,
-0.015718,
0.075507,
-0.009185,
-0.078178,
-0.018771,
-0.058221,
0.049272,
0.002831,
-0.012013,
-0.107102,
0.060802,
-0.096972,
0.041419,
-0.074238,
-0.070549,
-0.086108,
-0.025953,
0.091267,
-0.034521,
-0.009634,
-0.014510,
-0.024402,
-0.087382,
0.046853,
-0.060487,
-0.057331,
-0.035739,
0.034154,
0.065435,
-0.018439,
-0.089598,
0.017199,
0.052180,
-0.006159,
0.047001,
-0.060990,
-0.006629,
-0.010545,
-0.049918,
-0.051236,
-0.013097,
0.064457,
-0.006670,
0.031303,
0.072620,
0.010808,
-0.037407,
0.042290,
-0.038131,
-0.015037,
-0.088185,
-0.072273,
-0.031567,
0.011520,
-0.008897,
0.129144,
0.031374,
0.004979,
0.051673,
-0.129924,
0.010459,
-0.017016,
0.024483,
-0.008805,
-0.061389,
0.003452,
-0.010935,
-0.000220,
-0.070817,
-0.041462,
0.000563,
0.031928,
0.029825,
-0.041206,
-0.065819,
-0.099346,
0.043381,
-0.078802,
0.081808,
0.023081,
-0.106445,
-0.009847,
-0.060329,
-0.010290,
-0.025752,
0.059166,
0.055007,
-0.018444,
0.012081,
-0.037456,
0.083352,
-0.104473,
0.109132,
0.000063,
-0.034672,
0.041202,
0.063641,
-0.069058,
0.015966,
-0.075619,
0.030426,
0.046745,
-0.020145,
0.008208,
-0.077659,
0.046089,
0.094116,
-0.084109,
-0.010612,
0.053680,
0.080884,
-0.000848,
0.009532,
-0.046566,
-0.080464,
-0.094996,
0.053499,
-0.093130,
0.044011,
-0.010575,
0.036496,
0.002002,
-0.053572,
-0.057884,
0.008364,
-0.037904,
-0.086726,
-0.018385,
-0.020160,
-0.070772,
0.014408,
-0.015386,
0.063839,
-0.019276,
-0.043104,
-0.044820,
-0.037109,
0.028166,
0.003509,
-0.015561,
-0.056929,
-0.018708,
0.021559,
-0.093100,
0.060648,
0.072135,
-0.015158,
0.052193,
-0.041680,
0.022948,
0.041869,
-0.083157,
0.043837,
0.006525,
-0.028573,
-0.085276,
0.058982,
-0.017958,
-0.048548,
-0.011282,
0.028247,
-0.100866,
-0.004307,
-0.073842,
0.043441,
0.076665,
0.030974,
0.049982,
0.046250,
-0.008264,
-0.034802,
0.072174,
-0.093539,
0.068691,
0.003922,
-0.038413,
0.028787,
0.001835,
-0.076134,
0.030123,
0.086937,
-0.030140,
-0.029321,
0.058191,
0.057206,
-0.011203,
0.002307,
0.033459,
-0.051203,
0.046446,
-0.086472,
-0.047152,
-0.029279,
0.010599,
-0.009830,
0.071551,
0.072762,
-0.026860,
0.097495,
0.017197,
-0.054943,
-0.049366,
0.032441,
-0.051974,
-0.061644,
-0.046271,
-0.034062,
0.050528,
-0.062619,
0.005381,
0.033012,
0.075738,
-0.086186,
0.049041,
0.050380,
-0.018968,
-0.025274,
0.026869,
-0.034812,
0.020716,
-0.051710,
-0.027847,
-0.038635,
-0.031799,
-0.041724,
-0.055604,
-0.059064,
0.069042,
-0.000072,
-0.059342,
0.036128,
-0.091837,
0.062536,
0.057354,
0.064767,
0.002042,
-0.020963,
-0.069715,
-0.082421,
0.058911,
-0.021258,
0.015926,
0.040738,
-0.054649,
0.079245,
-0.052796,
0.036628,
0.102897,
0.068492,
-0.072301,
0.033492,
0.011738,
-0.047372,
-0.052024,
0.016389,
0.044222,
-0.046741,
-0.048245,
-0.081694,
0.038392,
0.029531,
-0.087898,
0.013899,
-0.081106,
0.074561,
0.073118,
0.016343,
0.009188,
-0.073891,
0.019994,
-0.021025,
0.049629,
0.070982,
0.028816,
0.038936,
0.058256,
0.028639,
-0.030582,
0.052747,
0.008582,
-0.068599,
0.058195,
-0.038282,
0.019674,
0.098714,
-0.062511,
-0.018166,
-0.016865,
0.042066,
0.060778,
-0.029132,
0.056939,
-0.012730,
0.079191,
-0.011639,
-0.052502,
0.067494,
-0.051467,
0.054770,
-0.057819,
-0.043890,
-0.004067,
0.038300,
-0.080739,
0.035523,
0.008618,
0.005019,
0.077099,
0.035891,
-0.002481,
-0.062873,
0.096758,
0.069046,
0.000602,
0.055725,
0.035943,
-0.006542,
-0.082656,
0.073430,
-0.044803,
-0.002747,
0.010176,
-0.007569,
-0.006530,
0.040638,
0.077318,
0.054581,
-0.027451,
-0.073478,
0.019332,
0.056175,
-0.075729,
0.083375,
0.027608,
0.083800,
0.024268,
-0.021979,
0.055448,
-0.037518,
-0.006613,
0.064878,
0.011055,
-0.006144,
0.026468,
0.067362,
-0.048525,
-0.013489,
0.060017,
-0.036559,
0.034292,
0.064435,
-0.070326,
-0.001297,
-0.052805,
-0.018308,
0.021822,
0.061754,
0.013254,
0.016401,
-0.022911,
-0.038979,
-0.026795,
-0.063700,
0.030504,
0.016873,
0.092765,
-0.071726,
-0.020838,
0.043196,
-0.062873,
0.012043,
0.046465,
0.043856,
0.078356,
0.033022,
0.082384,
0.018522,
0.006813,
0.062452,
-0.079104,
0.021458,
-0.087376,
-0.045892,
0.046873,
0.000149,
-0.047932,
-0.026007,
0.043842,
-0.027017,
-0.083248,
0.086809,
0.042789,
-0.067254,
-0.005726,
0.020190,
0.041226,
0.043065,
-0.022141,
-0.016306,
0.046824,
-0.049113,
-0.077576,
-0.060932,
0.049025,
-0.008518,
-0.064603,
0.063697,
0.039436,
-0.059128,
0.021054,
-0.013151,
0.066548,
0.052480,
0.028531,
0.028637,
0.020808,
0.051455,
-0.070110,
-0.057499,
-0.071708,
0.030819,
0.077590,
0.021259,
0.076976,
-0.041800,
-0.010701,
-0.062495,
-0.063922,
-0.017272,
0.008139,
-0.038749,
0.066961,
0.081881,
-0.042196,
0.021216,
0.013086,
0.082036,
0.074968,
0.007726,
0.004755,
-0.073326,
-0.045316,
0.056536,
-0.070863,
-0.014348,
0.064487,
0.067675,
-0.011902,
0.012184,
-0.025429,
-0.085172,
-0.040035,
-0.068087,
-0.058184,
-0.078885,
0.054633,
-0.059523,
0.040801,
-0.011299,
0.064149,
-0.039891,
-0.053309,
0.086883,
0.079701,
-0.077161,
0.019357,
-0.022609,
-0.018507,
0.049042,
-0.087445,
0.012252,
0.048693,
0.034254,
0.039194,
0.022139,
-0.081278,
-0.065541,
-0.086632,
-0.080917,
-0.077563,
-0.082704,
0.031029,
-0.083512,
-0.071575,
0.010770,
0.039111,
0.005203,
-0.032099,
0.033007,
-0.029983,
0.068208,
0.044130,
-0.078506,
-0.056737,
0.010985,
0.029258,
0.054310,
-0.060821,
0.031119,
0.027218,
0.028966,
-0.079236,
-0.076382,
-0.038487,
-0.084949,
-0.017787,
0.077873,
0.036516,
-0.075033,
0.019686,
-0.026297,
-0.068158,
0.075805,
-0.002829,
-0.055517,
0.079580,
-0.015469,
0.016517,
0.031769,
0.014842,
-0.080516,
-0.063435,
0.072428,
0.075425,
0.036433,
-0.026057,
0.032454,
0.014740,
0.070038,
-0.068328,
-0.012170,
0.039060,
-0.033420,
0.068100,
0.032396,
-0.006544,
-0.040087,
-0.002943,
-0.032947,
-0.071190,
-0.034202,
-0.082895,
0.002515,
0.055977,
0.086478,
-0.057133,
0.001400,
0.053974,
0.027563,
-0.062276,
0.030099,
0.075486,
0.031783,
0.070210,
-0.033867,
-0.038729,
0.045219,
0.003967,
0.054592,
0.075415,
0.026893,
0.018003,
0.001334,
0.002407,
0.028803,
0.036593,
-0.044623,
-0.033361,
-0.019154,
-0.039245,
-0.005036,
0.046341,
-0.027950,
-0.006805,
-0.010444,
-0.029180,
-0.008219,
-0.019892,
0.028410,
0.074711,
0.003840,
0.063103,
0.056070,
0.034165,
-0.009604,
0.039399,
0.028079,
-0.014171,
-0.061928,
0.063366,
-0.002512,
-0.007021,
-0.060064,
-0.010276,
-0.025873,
0.032937,
-0.027997,
-0.025858,
0.079346,
0.077680,
-0.019234,
-0.056457,
-0.023446,
0.059825,
-0.050941,
-0.001797,
0.070705,
0.072918,
0.003105,
0.013758,
-0.062171,
0.088840,
-0.038706,
0.014823,
0.063682,
0.082677,
0.012650,
0.063124,
0.029992,
-0.036293,
0.083982,
-0.081291,
0.004603,
0.002496,
0.063280,
0.083780,
-0.074510,
0.043372,
-0.081867,
0.014950,
-0.012946,
-0.076545,
0.074335,
0.065823,
0.054391,
-0.092866,
-0.063079,
0.079731,
0.072164,
-0.054695,
-0.090447,
-0.037118,
-0.070113,
0.060420,
-0.006398,
-0.075048,
0.047466,
-0.030092,
0.016433,
-0.097105,
0.010319,
-0.057535,
-0.055222,
0.030478,
0.016925,
0.028406,
-0.034975,
-0.065064,
-0.050368,
-0.022678,
0.076542,
-0.040881,
0.019540,
-0.016079,
-0.048491,
-0.059592,
-0.025400,
-0.026555,
0.057425,
-0.004848,
-0.059295,
-0.063357,
-0.009888,
0.038498,
0.012929,
0.020355,
-0.014522,
0.026869,
0.044784,
0.025456,
-0.079776,
0.020849,
-0.018415,
0.014265,
0.082262,
-0.063308,
-0.011934,
0.071436,
-0.055800,
-0.015542,
-0.015066,
0.028900,
-0.030705,
0.029962,
0.052593,
0.013878,
-0.017911,
0.068296,
0.039160,
-0.038439,
-0.068872,
-0.038314,
-0.065606,
0.029286,
-0.095570,
0.043980,
-0.034521,
-0.027016,
-0.054978,
0.057693,
0.071156,
-0.041146,
-0.007630,
0.008877,
0.040809,
0.057847,
0.049493,
0.006232,
-0.030409,
-0.088442,
0.011974,
-0.029426,
-0.041473,
-0.023617,
-0.051338,
-0.017320,
0.037210,
-0.051335,
-0.058428,
0.057169,
-0.017255,
-0.041024,
-0.070763,
-0.015155,
-0.083736,
-0.023215,
0.028963,
-0.049689,
-0.004494,
-0.035450,
0.090462,
-0.077373,
-0.064235,
-0.071875,
-0.044099,
-0.020873,
0.057433,
-0.036090,
0.034234,
-0.083481,
0.081989,
-0.007164,
-0.055267,
0.026680,
-0.017456,
-0.034583,
0.030286,
0.010357,
0.044061,
-0.066411,
0.072278,
0.073230,
0.067808,
-0.000480,
-0.066203,
-0.033722,
0.005037,
-0.061228,
-0.049426,
-0.054873,
-0.016134,
0.020197,
-0.044001,
-0.041186,
0.009849,
0.019977,
-0.070980,
-0.033503,
-0.010581,
0.063599,
-0.020695,
0.011149,
-0.019009,
-0.041962,
0.026168,
0.027308,
-0.016555,
-0.005414,
-0.067728,
0.076480,
-0.002691,
0.010785,
0.029776,
-0.027795,
-0.058939,
0.026329,
-0.025367,
0.092913,
-0.006778,
-0.041738,
0.016685,
-0.063015,
-0.029619,
-0.052344,
-0.021789,
0.038886,
-0.014239,
0.039091,
0.049263,
-0.029915,
0.073033,
0.045601,
-0.042364,
-0.114716,
0.064321,
-0.066820,
0.016466,
0.050572,
0.001626,
0.060932,
-0.040474,
-0.067433,
-0.032844,
0.090469,
0.020311,
-0.036603,
0.036563,
-0.080885,
0.069589,
-0.049286,
-0.038179,
0.018351,
-0.049290,
0.059516,
-0.085025,
0.012343,
-0.029284,
0.002221,
0.069413,
0.009460,
-0.021370,
0.055871,
0.055759,
-0.023534,
0.072515,
0.068889,
0.012244,
0.000267,
-0.019487,
0.052959,
-0.026742,
0.031398,
0.074557,
-0.048764,
-0.090188,
0.088093,
-0.012142,
0.039507,
0.044832,
0.033516,
-0.014111,
-0.032881,
-0.018401,
0.094589,
-0.021674,
0.034232,
0.080331,
-0.011117,
0.062191,
-0.066910,
0.033950,
0.033744,
0.055323,
0.001279,
-0.023245,
-0.082473,
0.031679,
-0.146373,
0.033055,
0.062960,
0.041607,
-0.044798,
0.028498,
-0.026858,
-0.044930,
0.067914,
0.008780,
-0.022380,
0.056685,
0.066210,
0.041481,
-0.007727,
0.026529,
-0.042075,
0.016682,
0.052445,
-0.071150,
-0.018791,
-0.021239,
-0.038936,
0.018192,
0.084848,
-0.036428,
0.081465,
-0.073429,
-0.028841,
0.097067,
0.058835,
-0.022032,
0.008935,
-0.077545,
0.036407,
0.062497,
0.033972,
0.023394,
-0.014279,
0.072079,
-0.067139,
-0.090318,
0.010983,
0.039681,
0.085028,
-0.069288,
0.059671,
0.018220,
-0.012044,
0.012485,
0.119832,
0.073938,
-0.064821,
0.053374,
-0.016505,
0.077561,
0.044352,
-0.005326,
-0.056400,
0.020290,
0.034847,
0.056460,
-0.037440,
0.109087,
-0.019307,
0.047850,
-0.013115,
0.076704,
-0.043300,
-0.034210,
0.048895,
0.052637,
-0.065528,
-0.103075,
-0.012279,
-0.061505,
0.039637,
-0.061765,
-0.095220,
-0.068871,
0.045447,
0.002050,
0.035490,
-0.018360,
0.068317,
-0.042460,
-0.015768,
0.025256,
-0.008305,
-0.071762,
-0.020573,
0.037870,
0.004836,
0.021753,
0.023631,
-0.083145,
0.055823,
-0.051075,
-0.083045,
0.075475,
0.137865,
-0.038965,
0.075887,
-0.061325,
0.047642,
0.011817,
0.062947,
0.006401,
-0.063906,
0.009226,
0.051687,
-0.024672,
0.026682,
-0.006338,
0.080296,
-0.067064,
-0.062272,
-0.050262,
0.100634,
-0.038097,
-0.010294,
0.018324,
0.067342,
-0.027763,
0.044812,
0.008267,
-0.062956,
0.084464,
-0.077549,
0.024797,
0.074362,
0.065219,
-0.050687,
0.019094,
0.033557,
0.059713,
0.021548,
-0.028432,
-0.062183,
-0.074171,
0.031323,
0.036659,
-0.073807,
0.061576,
0.015041,
-0.101420,
0.046196,
0.005464,
-0.050860,
-0.021616,
-0.025559,
-0.020550,
0.019145,
0.028907,
0.018856,
0.089861,
-0.069634,
-0.031479,
-0.022610,
0.012409,
-0.091038,
-0.062807,
-0.021351,
0.057942,
0.032890,
-0.024564,
-0.066492,
-0.042340,
-0.024698,
0.016181,
-0.085218,
-0.036169,
0.003932,
-0.040467,
-0.099491,
0.066159,
0.001998,
-0.066407,
-0.025424,
-0.015707,
-0.034859,
0.072670,
0.047807,
-0.023748,
-0.032691,
0.013976,
-0.046839,
0.025735,
0.056669,
-0.032522,
-0.021531,
-0.005602,
-0.026536,
-0.021619,
0.042754,
-0.057551,
-0.010201,
0.052352,
0.005635,
-0.037390,
-0.121169,
-0.068786,
0.035448,
-0.040691,
-0.005736,
0.109449,
-0.135392,
0.004484,
-0.018008,
0.041962,
0.105117,
-0.020416,
0.041358,
-0.048781,
-0.056653,
0.051594,
-0.015942,
0.052689,
0.058950,
-0.016300,
0.082781,
0.129462,
0.050317,
0.004086,
0.018986,
-0.065548,
-0.105111,
0.084609,
0.029042,
0.020694,
-0.005137,
0.084369,
-0.066514,
-0.070815,
0.011681,
0.027523,
0.025638,
0.061133,
-0.057641,
0.021550,
0.046473,
-0.001016,
0.039490,
-0.009983,
-0.001186,
0.044177,
0.067424,
0.020166,
0.007316,
0.021266,
0.041937,
-0.055632,
0.013131,
0.036573,
-0.061451,
0.092370,
-0.042836,
-0.064199,
-0.072646,
0.041436,
0.081054,
0.011026,
0.040610,
0.052659,
-0.022681,
-0.091131,
-0.087504,
-0.003248,
-0.067140,
-0.046790,
-0.102807,
0.015317,
0.070466,
-0.027842,
0.030065,
-0.039555,
0.022380,
0.034047,
0.062223,
-0.084161,
0.022581,
-0.022540,
0.083383,
0.038477,
-0.055643,
-0.024487,
0.027646,
0.083561,
-0.035586,
0.055339,
0.029471,
0.107328,
0.138090,
-0.093312,
-0.006746,
0.012936,
-0.006557,
-0.054055,
0.049782,
-0.036436,
0.083145,
-0.036376,
-0.010299,
0.035533,
0.032318,
0.070024,
0.045882,
0.014259,
-0.005165,
-0.027501,
0.039663,
-0.020079,
-0.014157,
0.068031,
-0.017608,
0.046111,
0.029256,
-0.091986,
0.016381,
0.057395,
0.014591,
0.059288,
-0.007176,
0.028449,
0.020411,
-0.125650,
-0.061996,
0.061375,
0.005035,
-0.068230,
-0.017220,
0.001293,
0.088447,
0.117244,
-0.062108,
-0.100573,
0.010014,
-0.080654,
0.091567,
-0.089103,
0.048190,
0.079973,
0.039740,
-0.050094,
0.077609,
-0.017626,
-0.094813,
-0.079002,
0.065383,
0.013399,
0.003270,
-0.000111,
0.030581,
0.058373,
-0.065616,
0.045439,
0.042841,
0.009017,
0.014774,
0.068572,
-0.053783,
-0.004742,
0.041833,
0.059659,
-0.046938,
-0.071281,
-0.074718,
-0.040820,
0.095910,
0.022316,
0.001175,
0.019637,
0.074792,
-0.067087,
0.033557,
-0.009296,
0.036742,
-0.078120,
-0.017846,
-0.075742,
0.031437,
-0.081384,
-0.083397,
-0.031054,
-0.059603,
0.006263,
0.081729,
0.019013,
0.100749,
-0.045777,
-0.002669,
-0.040869,
0.002513,
-0.025867,
-0.014447,
-0.016100,
0.071337,
0.023126,
-0.114031,
-0.120929,
0.044296,
-0.020407,
0.067298,
0.047165,
-0.069222,
0.040737,
-0.005503,
0.023051,
0.003254,
-0.003129,
0.074794,
0.027316,
0.026533,
0.068899,
-0.065104,
-0.024498,
-0.009625,
0.066903,
-0.088461,
0.035932,
0.073536,
-0.054077,
-0.027154,
-0.053844,
-0.054095,
0.032072,
-0.091084,
0.021564,
0.001710,
0.079359,
-0.020401,
0.016761,
-0.004992,
-0.062814,
-0.094134,
-0.042752,
0.044045,
-0.075544,
0.041559,
0.044518,
0.047358,
0.048021,
-0.107392,
-0.060359,
0.137268,
-0.064873,
0.019174,
-0.000390,
0.077346,
0.015175,
0.020525,
0.036836,
0.036759,
-0.078993,
-0.042635,
0.040129,
-0.110292,
-0.026240,
0.016049,
-0.059364,
0.065122,
0.003670,
-0.050397,
0.011602,
0.068522,
0.023564,
-0.084978,
-0.044891,
-0.006528,
0.112359,
0.017195,
-0.068609,
0.041858,
0.046084,
-0.023477,
-0.025540,
0.056878,
0.002609,
-0.037057,
0.005242,
0.015760,
0.043888,
-0.025778,
-0.010504,
0.082599,
0.004309,
0.127388,
-0.019443,
-0.079149,
-0.047362,
-0.009477,
0.008941,
0.084753,
0.021113,
0.029712,
-0.053306,
-0.044174,
0.018130,
-0.139006,
0.000640,
0.092869,
-0.103354,
0.025414,
0.049053,
0.061788,
0.027132,
0.008295,
-0.056121,
0.071692,
0.053886,
0.035277,
-0.030721,
0.100995,
-0.004080,
0.012552,
0.063240,
0.072633,
-0.088515,
-0.031343,
0.024945,
-0.003843,
-0.083079,
0.031627,
0.006527,
-0.037005,
0.090304,
-0.146868,
-0.133797,
0.000731,
-0.055935,
-0.085412,
-0.042500,
-0.050435,
0.059202,
-0.023529,
0.058272,
0.069942,
-0.005153,
0.041598,
0.031892,
0.056003,
0.003638,
0.029549,
0.050540,
0.031227,
0.001349,
-0.001892,
-0.035321,
0.086566,
-0.033770,
-0.051157,
-0.078752,
-0.048784,
-0.009794,
0.020936,
0.042505,
-0.031213,
0.072201,
0.005396,
0.018060,
-0.096814,
0.065446,
-0.079904,
0.061261,
0.074511,
-0.069440,
-0.013283,
-0.075383,
0.101190,
-0.035091,
-0.003159,
-0.026929,
0.104900,
-0.015903,
0.024343,
0.061487,
0.067798,
-0.078448,
0.016314,
-0.057366,
0.042306,
-0.123757,
0.020776,
0.026150,
0.075220,
-0.004008,
0.089434,
-0.037833,
-0.019760,
0.021511,
-0.172519,
-0.018065,
0.031799,
-0.022073,
0.012288,
0.062229,
-0.051128,
0.113778,
0.004771,
-0.093257,
-0.049041,
-0.022768,
-0.033842,
-0.020287,
-0.020701,
0.079996,
-0.058972,
0.043527,
0.035336,
-0.003609,
-0.040713,
-0.030023,
0.027137,
0.044284,
-0.042459,
0.019519,
0.026303,
0.087603,
-0.096134,
-0.027332,
0.000901,
-0.050657,
-0.087339,
0.057075,
-0.107726,
0.010100,
-0.088590,
-0.055504,
0.030101,
0.020474,
-0.044529,
0.026543,
-0.024497,
-0.004487,
0.053393,
0.024975,
-0.040565,
-0.000464,
-0.079150,
-0.095368,
0.043071,
-0.040479,
-0.082102,
0.019497,
-0.004325,
-0.059336,
0.020161,
-0.006154,
0.026860,
0.025874,
-0.035573,
-0.047876,
0.027140,
0.018953,
-0.062096,
-0.087496,
-0.041086,
0.031098,
0.065472,
-0.037424,
-0.035114,
0.130640,
0.074450,
-0.076864,
-0.030755,
0.021084,
-0.087942,
0.093897,
-0.085466,
0.004990,
-0.139854,
-0.073256,
-0.030659,
0.005379,
-0.016157,
-0.122978,
0.118289,
-0.054496,
0.007464,
0.028825,
-0.043903,
-0.067692,
0.052847,
0.032592,
0.000027,
-0.023766,
-0.000223,
-0.038127,
-0.062137,
0.071826,
-0.019021,
0.021477,
0.005241,
0.060333,
0.049511,
-0.041834,
-0.020150,
-0.038345,
-0.100860,
-0.014654,
0.080272,
0.142881,
0.072597,
-0.037025,
0.100080,
-0.008550,
0.044718,
0.049132,
-0.009287,
-0.031446,
-0.116068,
-0.068083,
-0.076589,
-0.029776,
0.040454,
0.046146,
-0.064063,
-0.017496,
-0.063542,
0.019721,
0.011433,
-0.059258,
-0.088579,
-0.020457,
0.085947,
-0.043615,
-0.006511,
-0.081397,
0.027109,
0.059225,
-0.089799,
-0.068964,
0.072745,
0.069866,
-0.042369,
-0.025705,
0.043989,
0.090418,
-0.016351,
-0.102960,
0.054562,
0.063633,
0.060056,
0.000507,
-0.081946,
0.103371,
-0.060268,
0.027503,
0.078688,
0.023130,
-0.102738,
0.101353,
0.021119,
-0.059517,
-0.019096,
0.030503,
-0.068781,
-0.074229,
0.011442,
-0.077175,
-0.044651,
-0.086569,
-0.008092,
-0.100906,
0.022236,
0.128667,
-0.041620,
0.033828,
-0.008232,
0.065377,
-0.087618,
0.050729,
0.089050,
-0.043385,
-0.117600,
0.029435,
-0.044989,
0.011899,
0.080834,
0.017877,
-0.066185,
0.044778,
-0.004278,
-0.075792,
0.054564,
0.034096,
-0.004624,
0.064799,
-0.032219,
-0.022875,
-0.060489,
-0.096103,
0.017465,
0.095121,
-0.049515,
-0.067200,
-0.051569,
-0.034348,
-0.072570,
-0.053124,
-0.016648,
0.087878,
0.034577,
-0.011924,
0.039306,
0.047873,
0.041745,
0.027045,
-0.050320,
0.064311,
-0.044843,
-0.114550,
0.054765,
0.074262,
-0.068713,
0.071125,
-0.016190,
0.083319,
0.046495,
-0.035444,
-0.005292,
0.011843,
0.073048,
0.018124,
0.058919,
-0.110535,
-0.014377,
-0.077842,
0.019097,
0.004723,
0.043034,
-0.087006,
0.044788,
-0.017264,
-0.052906,
0.059377,
0.032359,
-0.071076,
0.006722,
-0.035853,
-0.012060,
-0.012553,
0.136144,
0.034113,
0.071188,
0.065346,
-0.141739,
-0.074643,
0.001183,
-0.037577,
-0.069082,
-0.005699,
-0.041360,
-0.013561,
-0.003210,
-0.048348,
0.071592,
-0.054899,
-0.008214,
-0.009707,
-0.085818,
-0.025373,
-0.007727,
-0.031219,
-0.044844,
0.005987,
-0.052816,
-0.077431,
0.119120,
0.037885,
-0.005725,
0.016349,
-0.060782,
-0.029026,
0.041502,
-0.095268,
-0.032684,
-0.058473,
0.016727,
0.042202,
-0.006085,
-0.042873,
-0.040874,
0.051871,
-0.097532,
0.076685,
0.019402,
0.059618,
-0.056695,
-0.000784,
-0.067680,
0.055936,
0.123372,
-0.032919,
-0.074869,
-0.039053,
-0.032999,
-0.032030,
-0.068510,
-0.022508,
0.081467,
-0.000475,
-0.034355,
0.064265,
-0.080978,
-0.121590,
-0.017433,
-0.005283,
0.073660,
-0.043413,
-0.064833,
-0.054976,
0.005218,
-0.039871,
0.002028,
0.037806,
-0.009047,
0.108729,
-0.010665,
-0.074526,
-0.080915,
0.003890,
0.000899,
-0.007093,
0.022582,
-0.059976,
-0.081998,
-0.005192,
0.038617,
-0.057700,
0.008682,
-0.077229,
0.112645,
-0.096431,
0.052917,
0.053441,
0.068623,
0.074047,
0.029097,
0.005958,
-0.079379,
0.064760,
0.008654,
-0.020035,
0.065616,
-0.055638,
-0.048263,
0.037256,
-0.121174,
0.070487,
0.072868,
0.004337,
0.048962,
0.012782,
0.065057,
0.066723,
0.041516,
0.035815,
0.061009,
0.036419,
-0.041226,
0.038962,
-0.065424,
-0.082922,
0.004849,
-0.058521,
-0.012345,
-0.007474,
0.012950,
-0.026109,
0.054089,
-0.030207,
-0.017690,
-0.054147,
-0.138693,
-0.048355,
0.015420,
-0.005959,
-0.026992,
-0.017009,
0.031380,
-0.049915,
0.007191,
0.054134,
-0.032762,
0.095656,
-0.047198,
0.094726,
-0.061603,
0.027346,
-0.047518,
-0.036570,
0.033530,
0.038694,
0.063005,
-0.073849,
0.026082,
0.063589,
-0.062214,
-0.060699,
0.031752,
0.069600,
0.019881,
0.003035,
-0.075554,
0.011439,
0.047523,
0.023207,
0.061565,
0.073771,
-0.062858,
-0.011358,
-0.056435,
-0.067781,
-0.059400,
-0.006494,
-0.012390,
-0.061433,
0.060583,
-0.072204,
-0.020237,
0.039743,
-0.066663,
-0.080417,
0.019156,
-0.057214,
0.003658,
-0.084684,
-0.000905,
0.012731,
-0.049359,
-0.010681,
-0.042860,
-0.024230,
-0.027039,
0.066738,
-0.086035,
0.036453,
0.011590,
-0.086215,
-0.071897,
-0.034190,
-0.050558,
0.030374,
-0.001131,
0.025074,
0.054773,
-0.086638,
0.001184,
0.042299,
0.038739,
-0.025812,
0.041554,
0.052769,
-0.089550,
0.024682,
0.062562,
0.038676,
0.042784,
-0.071672,
0.048539,
-0.089946,
-0.043526,
0.061355,
0.049362,
0.042925,
0.010859,
0.033473,
0.059310,
-0.034210,
0.050068,
0.073087,
-0.014628,
-0.077193,
0.074628,
-0.051105,
0.001484,
0.032601,
0.034077,
0.057069,
-0.017812,
0.064953,
-0.000673,
-0.031051,
-0.037215,
-0.058011,
-0.012929,
-0.031172,
0.064017,
-0.080765,
-0.034487,
0.036674,
-0.046221,
-0.045695,
-0.061872,
0.013320,
0.063975,
-0.073980,
0.101999,
0.032988,
0.058116,
0.020375,
-0.071657,
-0.028878,
-0.044255,
-0.019791,
-0.085753,
-0.015549,
-0.057319,
-0.043560,
-0.038873,
-0.007216,
0.052835,
-0.032092,
0.019635,
-0.024237,
0.045765,
0.038586,
-0.091713,
0.056606,
0.053261,
-0.008797,
0.053599,
0.032087,
0.044930,
-0.025187,
0.020799,
0.016272,
0.068142,
-0.079485,
-0.085435,
-0.054124,
-0.074903,
-0.079434,
0.078300,
0.005551,
0.014789,
-0.048008,
-0.013263,
-0.071704,
0.001556,
-0.059444,
-0.017590,
0.058469,
0.009174,
-0.053944,
0.038797,
-0.044900,
0.006162,
0.017336,
0.016543,
0.068044,
-0.044115,
0.078471,
-0.022697,
0.059873,
0.028723,
0.016589,
-0.083534,
0.079738,
0.062853,
-0.091014,
-0.029559,
-0.014533,
-0.002001,
0.075438,
-0.037299,
-0.008349,
0.045606,
0.086757,
0.054030,
-0.007337,
0.045104,
-0.057136,
-0.038710,
-0.073227,
0.071465,
-0.052737,
0.053810,
0.039244,
-0.038013,
0.041906,
-0.060043,
-0.011424,
-0.038762,
0.058988,
-0.015790,
-0.062451,
0.044500,
-0.090343,
-0.020336,
-0.086833,
-0.001294,
0.009425,
0.025655,
0.041790,
-0.054609,
0.076070,
-0.025480,
0.043978,
0.028323,
-0.031008,
0.071431,
-0.032764,
0.019024,
0.000021,
0.068366,
-0.016873,
0.083817,
0.064170,
-0.031506,
-0.024364,
-0.064190,
0.022844,
-0.087958,
0.000018,
0.058547,
0.086354,
-0.057059,
0.065270,
0.093592,
0.063493,
0.027405,
0.001081,
0.015009,
0.040215,
0.064242,
0.019640,
-0.024245,
-0.078657,
0.073519,
-0.025047,
0.079861,
-0.058515,
0.060081,
0.065097,
0.045976,
0.047303,
-0.051268,
-0.022269,
-0.037983,
-0.029125,
0.081268,
0.036309,
-0.010666,
0.014026,
-0.054911,
-0.010955,
0.078445,
0.038257,
-0.034951,
0.002044,
-0.002917,
0.042246,
-0.054483,
0.015824,
0.066921,
0.000141,
0.044340,
-0.026348,
0.021430,
0.072921,
-0.017761,
-0.043293,
-0.044883,
0.074830,
0.008419,
-0.041357,
0.020063,
-0.045037,
0.078402,
0.016425,
-0.055972,
-0.053774,
-0.087199,
0.069032,
-0.083946,
0.077072,
0.047280,
0.061248,
0.085328,
-0.014692,
0.079718,
-0.039089,
-0.041779,
-0.055873,
-0.005592,
-0.031483,
0.071408,
-0.042723,
-0.071584,
-0.012050,
-0.016882,
0.027013,
0.039834,
0.079409,
-0.077589,
-0.018250,
-0.026109,
-0.071762,
0.063879,
-0.063564,
0.069655,
0.011754,
-0.024523,
0.060055,
-0.063739,
-0.023173,
-0.022395,
0.045149,
0.018656,
0.058025,
-0.073221,
-0.057074,
-0.079076,
0.076632,
0.012413,
-0.075648,
-0.067642,
-0.076280,
-0.033588,
0.022007,
-0.006161,
0.049405,
0.055482,
0.046363,
-0.061483,
-0.067910,
-0.006164,
-0.017952,
-0.004901,
-0.041804,
-0.070513,
0.061870,
0.075848,
-0.013669,
-0.057416,
-0.032453,
-0.082343,
-0.068104,
0.038719,
-0.073247,
-0.001420,
-0.047189,
-0.056765,
0.008124,
0.056204,
-0.078007,
0.041246,
0.082916,
-0.077377,
-0.059386,
0.084098,
0.032396,
-0.050957,
-0.024366,
0.031798,
0.035438,
-0.071530,
-0.073401,
0.024864,
-0.020283,
0.052008,
0.022115,
0.042677,
0.006715,
0.057338,
-0.056740,
0.057656,
-0.020504,
0.072237,
0.034749,
-0.026709,
0.008315,
0.036281,
0.007846,
0.082740,
0.084620,
0.016577,
0.081416,
0.065094,
0.014117,
-0.084500,
-0.073602,
0.043820,
0.081576,
0.015755,
-0.024354,
0.070381,
-0.016465,
-0.084544,
0.060633,
0.025171,
-0.018691,
0.086136,
0.040993,
-0.043873,
0.004187,
-0.050467,
0.000688,
0.004039,
0.036777,
-0.086156,
-0.075891,
-0.012833,
0.033777,
0.070335,
0.068158,
0.054714,
-0.003416,
-0.001441,
-0.081382,
0.063964,
-0.071695,
-0.054141,
-0.085337,
0.080789,
-0.079065,
-0.075513,
-0.028701,
-0.064213,
-0.083094,
0.012269,
0.079879,
-0.002565,
0.064721,
0.038333,
-0.014428,
0.051125,
-0.009688,
-0.013660,
-0.058809,
0.056579,
0.027588,
0.074775,
-0.047134,
-0.067546,
-0.034077,
0.053981,
-0.008208,
-0.076640,
-0.070757,
-0.007597,
0.006221,
0.055639,
0.031881,
-0.056780,
-0.018609,
0.030890,
-0.077079,
-0.041439,
0.088506,
-0.030834,
-0.007394,
-0.086479,
-0.015854,
-0.034385,
-0.062730,
-0.049557,
0.041842,
-0.011088,
0.077930,
-0.075579,
-0.082928,
-0.039061,
-0.068438,
-0.058542,
0.003860,
-0.079348,
0.030472,
0.029671,
0.078988,
-0.017272,
0.069241,
-0.085133,
0.012753,
-0.013596,
0.084387,
-0.035729,
0.005704,
0.037853,
0.013046,
0.064640,
0.024668,
0.065096,
-0.005045,
0.011638,
0.071005,
0.075078,
0.033147,
-0.025581,
-0.071306,
0.046117,
0.077642,
0.038643,
-0.039475,
-0.044269,
-0.007663,
-0.032368,
0.034470,
-0.025365,
-0.002660,
-0.042986,
0.012323,
0.011149,
0.006284,
-0.058811,
0.063929,
-0.058781,
-0.011026,
-0.034391,
-0.047011,
0.089198,
-0.032050,
-0.058056,
-0.053398,
-0.066850,
-0.047596,
0.008911,
0.069414,
0.022893,
0.085241,
-0.031989,
-0.011708,
-0.056911,
0.089776,
-0.055607,
-0.060462,
-0.002195,
-0.040299,
0.003646,
0.064232,
0.060016,
-0.022339,
0.050985,
-0.004226,
-0.033774,
-0.064039,
0.017174,
0.080000,
-0.000144,
-0.051598,
-0.078340,
-0.051057,
0.068112,
-0.078175,
-0.023013,
-0.008916,
0.080608,
-0.024291,
-0.068093,
0.033710,
0.086385,
0.015341,
0.005784,
0.059567,
0.047888,
0.048610,
0.060634,
0.014858,
0.017573,
0.061704,
-0.062566,
-0.050057,
0.080125,
-0.005659,
-0.050688,
-0.024926,
0.034972,
-0.060790,
-0.013564,
0.037473,
0.041257,
-0.003902,
-0.079563,
-0.069819,
0.075906,
-0.067247,
0.047441,
-0.067422,
0.043959,
-0.004956,
0.028783,
0.005543,
-0.031225,
-0.073294,
-0.035161,
-0.039469,
0.031538,
0.045224,
-0.070862,
-0.004525,
-0.084065,
-0.007588,
0.054494,
-0.072864,
-0.028395,
-0.036939,
-0.020753,
-0.045207,
0.035508,
-0.044024,
-0.046066,
0.052993,
0.073482,
-0.083724,
-0.008921,
-0.057945,
-0.034326,
0.020744,
-0.005409,
0.086231,
0.077596,
0.052480,
0.059325,
0.005780,
0.034920,
-0.012563,
0.083784,
0.009258,
0.086296,
-0.056341,
-0.011076,
0.079292,
-0.007837,
-0.075109,
0.066693,
0.003012,
0.043280,
-0.054693,
0.031794,
-0.042832,
0.055920,
0.046554,
-0.081163,
-0.010792,
-0.021064,
-0.031378,
-0.004895,
0.034631,
-0.018237,
0.023202,
0.042938,
-0.024058,
-0.076488,
-0.030229,
-0.055825,
0.032938,
0.080814,
0.029478,
-0.028118,
-0.067378,
-0.029885,
-0.017948,
-0.058070,
0.073514,
-0.046102,
-0.031668,
-0.047915,
-0.007419,
-0.064464,
0.017521,
0.019944,
-0.016143,
-0.065514,
-0.079127,
-0.032978,
0.049466,
0.009550,
-0.042273,
-0.029088,
-0.039206,
-0.029342,
-0.031294,
0.051768,
0.038465,
-0.006092,
0.033015,
-0.032934,
0.052412,
-0.041379,
-0.023847,
-0.047649,
-0.088661,
-0.061568,
0.062592,
0.008669,
-0.014441,
0.059977,
-0.004076,
-0.050147,
-0.078000,
0.012577,
0.084116,
-0.039021,
0.038576,
0.098659,
-0.033089,
0.003656,
0.089368,
-0.020633,
0.042885,
-0.039779,
0.004976,
-0.017002,
-0.030869,
-0.035065,
0.004081,
-0.050688,
-0.040623,
0.074208,
0.041046,
-0.075736,
0.058192,
-0.038493,
-0.038465,
-0.042769,
-0.018867,
-0.064898,
0.000997,
0.073077,
-0.042107,
0.086849,
-0.077236,
0.065623,
0.072624,
0.031522,
0.082899,
-0.023344,
-0.040247,
0.033734,
0.074081,
-0.005315,
-0.057557,
-0.043825,
-0.070949,
0.076497,
-0.058878,
-0.028695,
0.000932,
-0.086974,
-0.051536,
-0.097132,
-0.088617,
-0.043517,
0.092882,
0.040078,
0.063458,
0.070765,
0.020785,
0.042528,
-0.096208,
-0.054720,
0.063344,
0.070230,
-0.031351,
-0.074724,
0.018106,
-0.053252,
-0.030251,
-0.022383,
0.018926,
-0.064258,
0.013435,
0.095232,
-0.007271,
0.053719,
-0.008076,
0.023419,
0.057371,
0.079402,
0.009516,
0.013192,
-0.001248,
0.023228,
0.083500,
0.090105,
-0.014082,
0.013460,
-0.077374,
-0.034498,
0.101760,
0.088579,
0.058971,
-0.018003,
0.005024,
-0.007864,
-0.005042,
0.019670,
0.020387,
-0.040518,
-0.060709,
-0.057885,
0.060185,
0.085272,
-0.079353,
-0.050743,
0.084987,
-0.023356,
-0.049504,
-0.090947,
0.001246,
-0.055542,
0.059832,
0.007922,
0.007137,
-0.045500,
-0.011356,
0.021429,
-0.021961,
0.055970,
-0.052386,
-0.062522,
-0.064333,
-0.053125,
0.034861,
0.061494,
0.005536,
0.014933,
0.080026,
0.025622,
0.060852,
0.015938,
-0.079385,
0.042342,
-0.017568,
-0.070507,
0.078674,
0.087583,
0.039154,
-0.018480,
-0.049732,
0.016374,
-0.012770,
-0.048412,
-0.088684,
-0.012950,
0.076579,
-0.085235,
-0.011819,
0.013013,
0.080484,
0.020572,
-0.085581,
-0.054241,
-0.038088,
-0.005062,
-0.037223,
0.023923,
0.017374,
0.002103,
0.013508,
0.067585,
-0.091667,
-0.007123,
0.002290,
0.026781,
-0.049785,
-0.023693,
-0.008333,
0.089844,
-0.008730,
0.075839,
0.051229,
-0.047616,
-0.073574,
0.077121,
-0.000823,
-0.019514,
0.099580,
0.031480,
0.006317,
0.077439,
0.024280,
-0.011879,
0.039533,
-0.043007,
0.068708,
0.014521,
-0.070912,
-0.038694,
-0.074297,
-0.013689,
0.022444,
-0.011012,
-0.016833,
0.039646,
-0.083429,
0.054213,
-0.050675,
-0.022748,
0.054612,
0.001813,
0.028808,
0.045296,
0.073800,
0.069869,
0.053728,
-0.024723,
-0.039743,
-0.068783,
-0.041406,
-0.093529,
-0.022386,
0.052152,
-0.021785,
0.050325,
-0.058568,
0.036846,
0.023726,
-0.055504,
0.070951,
-0.031383,
0.003916,
-0.059064,
-0.074863,
-0.061398,
-0.089149,
-0.023724,
-0.032050,
-0.025421,
-0.013616,
-0.026035,
0.070124,
-0.029786,
-0.094241,
-0.087309,
0.031522,
-0.010958,
-0.040760,
0.010552,
-0.054996,
-0.079558,
0.099908,
0.015990,
-0.062799,
-0.007048,
-0.009606,
-0.047856,
-0.065368,
-0.002985,
-0.001654,
0.055443,
-0.088631,
-0.053168,
0.027422,
0.006621,
0.063057,
-0.029960,
-0.026969,
-0.002600,
0.091167,
-0.020616,
0.060904,
-0.009761,
-0.018403,
-0.013067,
-0.055654,
0.059293,
-0.043391,
-0.052497,
-0.090178,
0.051468,
0.011067,
-0.060496,
-0.033082,
-0.054663,
0.031448,
-0.011498,
0.041145,
-0.050530,
0.038417,
0.027060,
-0.063063,
-0.045048,
0.032921,
0.064109,
0.013947,
-0.056125,
0.000420,
0.086143,
-0.050045,
-0.073975,
-0.014274,
0.018378,
0.045333,
0.032221,
-0.087178,
0.053786,
-0.098461,
-0.092622,
0.046885,
0.022869,
0.035581,
0.049597,
-0.060869,
-0.023618,
0.080237,
-0.061943,
-0.039074,
0.068865,
0.000020,
0.050915,
0.063254,
0.055319,
-0.056061,
0.006679,
-0.029777,
-0.007031,
0.010064,
-0.013593,
0.105574,
0.052130,
0.069115,
-0.096715,
-0.056399,
-0.049761,
-0.056886,
0.019620,
0.125874,
0.028420,
0.019503,
0.072743,
0.079293,
0.053436,
-0.005498,
-0.052464,
-0.030976,
-0.052762,
-0.071789,
-0.018572,
-0.005226,
0.097695,
0.081758,
0.088620,
-0.066112,
-0.009553,
-0.055150,
0.071326,
-0.069328,
-0.043830,
-0.018088,
-0.028635,
0.018166,
0.038243,
-0.094801,
-0.025608,
-0.029627,
-0.010345,
-0.049575,
-0.044752,
0.065529,
0.045031,
-0.052287,
0.000026,
-0.055740,
-0.013792,
-0.041393,
0.008419,
0.062201,
-0.051199,
0.047509,
-0.024806,
0.016280,
0.096889,
0.020578,
-0.027967,
0.021272,
-0.057601,
0.019239,
-0.005304,
-0.027399,
-0.040858,
-0.044304,
-0.029121,
0.002145,
-0.031891,
0.041239,
-0.010519,
-0.004761,
0.008004,
0.065556,
0.047712,
-0.015735,
0.143803,
0.024822,
0.039108,
-0.063015,
-0.048775,
0.021179,
-0.000353,
0.044670,
0.053530,
-0.040963,
-0.032495,
0.070603,
0.000978,
-0.061580,
-0.052460,
-0.056988,
-0.007490,
-0.035391,
0.087433,
0.002788,
0.006305,
-0.043500,
-0.063959,
0.048706,
0.105269,
-0.061752,
0.013505,
0.055574,
-0.048378,
-0.082258,
0.004171,
0.048399,
0.104533,
0.007939,
-0.064383,
-0.013158,
0.009138,
-0.037412,
0.045510,
-0.033896,
-0.055595,
0.050061,
-0.090200,
-0.058067,
-0.050957,
0.030407,
-0.057067,
0.066935,
0.056017,
-0.083818,
-0.046915,
-0.045092,
0.052082,
0.069006,
-0.043339,
-0.005139,
0.012385,
0.018705,
-0.003873,
-0.023278,
-0.028733,
-0.069430,
-0.011956,
0.094837,
0.116174,
0.010889,
0.002213,
-0.061598,
-0.075546,
-0.036552,
0.042899,
-0.052593,
0.020062,
-0.017587,
-0.032214,
0.009192,
-0.048298,
0.014458,
0.043519,
-0.059825,
0.096076,
0.050690,
0.030398,
0.047461,
0.086593,
0.003413,
0.080224,
0.061364,
0.149259,
-0.043478,
-0.020091,
0.032054,
0.040572,
-0.069898,
-0.015920,
-0.064765,
0.061731,
-0.058369,
0.007517,
0.051186,
-0.087685,
-0.093926,
0.052018,
0.091167,
0.006942,
0.000495,
-0.128595,
0.046356,
-0.049633,
-0.029526,
0.039870,
-0.037623,
-0.057817,
0.041888,
0.014926,
0.052335,
-0.030894,
0.005179,
0.007848,
0.046326,
-0.033853,
0.041994,
-0.052495,
-0.088738,
0.053738,
-0.069376,
0.060005,
0.085568,
0.060189,
-0.076360,
-0.033483,
0.025437,
-0.041302,
0.017451,
-0.058498,
0.055686,
0.032630,
-0.024704,
0.014919,
-0.058768,
0.054625,
-0.043476,
0.023262,
0.018965,
0.005022,
-0.101929,
0.054476,
0.057469,
0.078380,
-0.049594,
0.072473,
0.062802,
0.024796,
-0.081674,
-0.018655,
-0.021194,
0.027173,
0.000405,
0.029561,
-0.027400,
0.091606,
0.001522,
0.016632,
0.016223,
-0.048519,
-0.030888,
0.008488,
0.047435,
0.014781,
-0.018428,
-0.008359,
-0.073891,
0.050653,
0.005415,
0.044698,
0.002194,
-0.038716,
-0.027158,
-0.013469,
0.030301,
0.072595,
-0.022741,
-0.025631,
0.022077,
-0.091011,
-0.003044,
-0.096747,
0.016739,
0.043783,
-0.071997,
-0.059429,
0.057121,
0.057133,
-0.078840,
0.069023,
-0.002967,
0.058705,
-0.091011,
0.012692,
-0.082150,
0.050436,
0.006593,
-0.039962,
0.012751,
-0.029370,
-0.029900,
-0.097793,
-0.049198,
0.030729,
-0.034465,
-0.020936,
0.062112,
-0.036808,
-0.076351,
-0.037665,
0.054023,
0.012681,
-0.043660,
-0.019998,
-0.027355,
0.001881,
-0.049546,
-0.065410,
0.034332,
0.120314,
-0.061970,
-0.027358,
-0.006493,
-0.064185,
-0.081870,
-0.000822,
-0.020135,
0.058211,
0.117063,
-0.101593,
-0.000947,
0.056187,
0.025358,
-0.093880,
0.015284,
0.054083,
-0.004868,
-0.019820,
-0.109865,
0.036748,
-0.004106,
-0.052087,
0.036473,
0.017271,
0.017562,
-0.049110,
0.063035,
-0.073056,
0.018213,
0.017419,
-0.044812,
0.104108,
0.018105,
0.052041,
-0.004820,
0.035722,
0.043534,
0.069091,
-0.079969,
-0.017690,
0.018355,
-0.046379,
0.023053,
-0.043217,
-0.022029,
-0.117625,
-0.034183,
0.038604,
-0.097519,
0.078573,
0.059634,
-0.050580,
0.066053,
-0.034543,
-0.072607,
-0.033365,
-0.012903,
-0.044209,
-0.056375,
0.137706,
0.050869,
-0.038771,
-0.066699,
0.005040,
0.050151,
0.009598,
-0.009975,
-0.076669,
-0.116702,
-0.009095,
-0.027213,
-0.043778,
0.038882,
-0.090376,
-0.089792,
-0.045997,
0.021926,
0.040526,
-0.076671,
0.030638,
-0.050889,
0.099328,
-0.073977,
-0.010364,
-0.006849,
0.050274,
0.027256,
-0.030021,
0.059734,
-0.047418,
0.015823,
-0.033395,
-0.018494,
0.043973,
-0.038287,
0.015746,
0.060205,
0.095215,
0.039226,
-0.016818,
0.068203,
0.052318,
-0.055715,
0.018840,
0.004945,
-0.036252,
-0.052133,
0.012671,
-0.073591,
0.042592,
-0.029982,
-0.005696,
0.003742,
0.020133,
-0.010763,
0.102511,
-0.089232,
0.040435,
0.021865,
0.073033,
-0.027351,
-0.019979,
0.024813,
0.011620,
-0.068785,
0.084102,
-0.021788,
0.023047,
0.046444,
0.013027,
0.002796,
0.047144,
-0.012845,
0.111846,
-0.022156,
0.012950,
0.004064,
-0.124577,
-0.047055,
0.000156,
-0.025975,
-0.041969,
-0.003698,
-0.004768,
-0.033682,
0.022649,
0.006758,
0.049284,
0.041144,
0.029779,
0.037620,
0.032252,
-0.079906,
-0.096048,
-0.032026,
0.033681,
-0.027751,
-0.092859,
-0.029575,
0.090106,
0.051589,
-0.065034,
-0.011396,
0.013331,
-0.004053,
0.031506,
-0.022352,
-0.012692,
-0.068852,
0.026196,
-0.004472,
-0.013506,
-0.056083,
-0.119215,
0.040764,
-0.040207,
0.067429,
0.039393,
0.066248,
0.092814,
-0.016446,
-0.067009,
-0.054739,
0.068788,
0.065302,
-0.072075,
-0.074700,
0.057782,
0.054068,
0.041131,
0.020220,
-0.003908,
-0.098265,
-0.079241,
0.069655,
-0.064506,
-0.101741,
-0.049781,
-0.101240,
-0.042876,
0.034033,
0.004276,
-0.079551,
0.057506,
0.012177,
-0.012003,
0.003731,
-0.065745,
0.104274,
0.051232,
0.021670,
-0.047220,
-0.002354,
-0.064499,
0.059817,
-0.033557,
-0.001889,
-0.074158,
-0.059617,
-0.014706,
0.020135,
-0.062859,
-0.154884,
-0.000970,
0.040646,
-0.031726,
-0.021269,
0.054271,
-0.054548,
-0.065441,
-0.061574,
-0.076988,
0.062438,
0.048097,
0.080514,
0.042225,
0.074211,
-0.052644,
-0.028206,
-0.082372,
0.016680,
-0.050447,
-0.050272,
0.066336,
-0.043296,
-0.012286,
-0.032336,
0.085421,
0.102596,
0.040466,
0.063764,
0.004721,
-0.068309,
-0.041232,
0.029987,
0.037621,
-0.049678,
-0.050489,
0.034944,
-0.061179,
-0.026817,
0.020021,
0.076260,
-0.067283,
0.035558,
0.037047,
-0.006025,
-0.031843,
0.007983,
-0.026414,
-0.045854,
0.062121,
0.062233,
-0.025679,
-0.069925,
-0.067681,
-0.060649,
0.049918,
0.059928,
0.002626,
0.094050,
-0.078783,
-0.047044,
0.024839,
-0.053329,
0.035639,
-0.030551,
0.139858,
-0.104792,
0.039288,
-0.089436,
0.012820,
-0.013133,
0.048994,
0.000306,
-0.013777,
0.080524,
-0.071716,
0.082088,
0.004754,
0.081214,
0.040878,
0.009619,
0.002590,
-0.057722,
-0.002807,
-0.087491,
0.098124,
-0.036022,
0.062006,
-0.090811,
0.025202,
-0.017225,
0.024988,
-0.062843,
0.108046,
0.041198,
-0.036842,
-0.062141,
0.108519,
0.064296,
0.010004,
0.056071,
-0.022883,
-0.057581,
-0.002287,
-0.030072,
0.049143,
0.061080,
-0.100482,
0.023576,
-0.068024,
0.010388,
0.001412,
-0.005830,
-0.058115,
0.032706,
-0.067154,
-0.014888,
-0.069474,
0.055448,
-0.018268,
0.065330,
-0.055999,
0.016326,
-0.054065,
0.017955,
0.067836,
-0.057471,
-0.048490,
-0.032826,
-0.000936,
0.036986,
-0.064331,
-0.043453,
0.056650,
-0.069391,
-0.071092,
0.036124,
0.078044,
-0.068356,
-0.115281,
-0.029410,
0.063677,
-0.064355,
-0.089351,
-0.069321,
-0.020992,
0.047451,
0.089858,
0.052585,
0.110826,
0.024318,
0.050101,
-0.069996,
0.071061,
0.008719,
0.016734,
-0.025320,
-0.033964,
-0.031626,
0.052961,
0.066230,
-0.041564,
-0.081166,
-0.009034,
0.053051,
-0.085799,
0.001098,
0.005377,
-0.084370,
-0.071299,
0.011642,
-0.013291,
-0.041991,
0.010289,
-0.063926,
-0.051592,
-0.058214,
0.058451,
0.018861,
0.060763,
-0.043846,
-0.033705,
0.065284,
-0.103752,
-0.033782,
0.044172,
-0.054926,
0.007219,
-0.010505,
-0.040654,
0.023157,
0.056674,
0.008403,
0.039707,
0.065745,
-0.037568,
-0.050065,
-0.027464,
0.038381,
-0.008213,
0.001795,
0.026558,
-0.043059,
0.054701,
0.073358,
-0.016649,
-0.015070,
0.043234,
0.005334,
-0.086806,
-0.063796,
-0.069300,
-0.008443,
0.053036,
0.060849,
0.032664,
-0.043900,
-0.036354,
0.039066,
0.048070,
0.052926,
0.079959,
0.074151,
-0.087264,
0.011129,
0.067072,
-0.064136,
-0.075707,
0.005661,
0.049884,
-0.003389,
0.017557,
0.046515,
-0.081036,
-0.019537,
0.054458,
0.034746,
-0.015811,
0.052973,
0.077920,
-0.040954,
0.045909,
0.060778,
0.042350,
0.004113,
0.057590,
-0.003711,
0.074424,
0.046521,
-0.057626,
0.087671,
-0.056477,
-0.047426,
0.012216,
-0.051381,
-0.084977,
-0.008934,
-0.041240,
-0.019733,
-0.009210,
-0.024643,
0.054582,
0.021105,
-0.028257,
-0.005977,
0.051131,
0.025381,
-0.003692,
-0.009915,
0.019569,
-0.030903,
-0.020128,
-0.011434,
-0.066908,
0.029639,
-0.079743,
-0.000967,
0.069190,
-0.059915,
-0.046682,
-0.012763,
0.086928,
-0.079826,
-0.025858,
-0.005889,
0.045259,
0.030637,
0.082177,
0.013425,
0.007903,
-0.031895,
-0.045732,
0.085555,
0.011319,
0.028286,
-0.061464,
-0.075902,
-0.065722,
-0.039408,
-0.005717,
-0.079669,
-0.065015,
-0.029919,
0.041027,
0.004389,
-0.011649,
-0.019353,
-0.027281,
-0.074821,
-0.071224,
0.012116,
0.069488,
0.082794,
0.001064,
0.074606,
-0.006463,
-0.056772,
-0.005776,
-0.061547,
-0.058353,
0.017057,
0.043578,
-0.080430,
0.024249,
-0.060954,
-0.038070,
0.082126,
0.050465,
-0.016405,
-0.031400,
0.033294,
0.042633,
-0.064626,
-0.042929,
0.038586,
-0.017261,
0.041664,
-0.034500,
0.052951,
-0.066271,
-0.029566,
0.045634,
-0.021164,
0.039920,
-0.067895,
0.067611,
-0.032476,
0.048597,
-0.052006,
0.088075,
0.005240,
0.000299,
-0.027124,
0.050377,
-0.014112,
-0.001633,
-0.041505,
0.017382,
-0.072321,
-0.065390,
0.063822,
-0.020139,
-0.045355,
-0.008161,
-0.084423,
-0.083747,
-0.072401,
-0.070257,
0.082108,
-0.001762,
-0.045010,
-0.019268,
-0.052647,
0.037542,
0.017689,
-0.000263,
0.092050,
0.069200,
-0.060245,
-0.053489,
0.009870,
0.041378,
-0.010340,
0.006161,
0.058742,
0.042030,
0.048267,
0.041116,
0.057910,
0.066296,
-0.019275,
-0.063115,
-0.020966,
-0.009894,
-0.086610,
0.022708,
0.096540,
0.084761,
0.067072,
0.037666,
0.042988,
-0.059007,
-0.011456,
0.063157,
-0.068186,
-0.064562,
-0.067136,
0.026209,
0.018853,
-0.051410,
0.027576,
-0.063239,
-0.008095,
0.063737,
-0.047347,
-0.041006,
0.022036,
-0.022661,
0.021096,
0.029240,
0.034919,
0.053022,
0.061629,
-0.040661,
0.005910,
-0.039034,
-0.030225,
0.074098,
-0.004828,
-0.070634,
0.011072,
-0.058646,
0.028223,
-0.082732,
0.044600,
-0.058161,
0.048546,
0.062891,
-0.063687,
-0.012458,
-0.081296,
-0.083485,
-0.000770,
-0.028733,
0.064334,
-0.040174,
-0.040190,
0.011742,
-0.070566,
0.034758,
0.034403,
-0.074918,
0.047573,
-0.069046,
-0.013111,
0.009062,
-0.000821,
0.068549,
0.027225,
-0.005998,
0.021838,
-0.080254,
0.062741,
-0.043219,
0.077179,
0.079257,
-0.078084,
0.058998,
-0.083226,
-0.056235,
0.039141,
0.051629,
-0.030084,
-0.010634,
-0.019569,
-0.039899,
-0.062977,
-0.037900,
0.037818,
0.052977,
0.066101,
0.025517,
0.001214,
-0.028374,
-0.065545,
-0.040105,
0.031104,
-0.016526,
-0.083474,
-0.012510,
0.078209,
-0.063528,
0.018936,
-0.087832,
-0.004931,
-0.005190,
-0.008860,
0.018742,
-0.035211,
-0.007359,
-0.068348,
-0.022502,
-0.081094,
0.061906,
0.015595,
-0.044985,
-0.068420,
0.008658,
0.056742,
0.040788,
-0.019642,
0.064358,
-0.051941,
0.054133,
0.010134,
0.076294,
-0.087705,
-0.067330,
0.051896,
0.052659,
-0.000349,
-0.006302,
0.009739,
-0.006792,
0.040246,
-0.069699,
0.072261,
-0.074119,
-0.056817,
-0.013378,
0.041698,
0.070209,
0.007016,
0.004299,
0.042162,
-0.018150,
-0.069671,
-0.083352,
-0.058759,
-0.057738,
0.019142,
0.086303,
0.067209,
0.006962,
-0.026335,
-0.025788,
0.076613,
0.049117,
-0.002984,
-0.073753,
-0.087839,
-0.077250,
0.006629,
-0.070609,
0.057605,
0.016543,
-0.086824,
-0.043813,
-0.034685,
0.046822,
-0.004268,
0.004559,
0.053363,
0.021478,
-0.022962,
0.076418,
0.066450,
0.033672,
0.063576,
0.042048,
0.056409,
0.040037,
0.044415,
0.082256,
0.037656,
-0.062312,
0.043149,
-0.030106,
-0.055442,
-0.002156,
0.078922,
-0.007008,
-0.042961,
0.023624,
0.065605,
-0.015522,
0.018818,
-0.068683,
0.045603,
-0.001689,
0.044494,
-0.075601,
0.077102,
-0.033869,
-0.025380,
0.020303,
-0.081585,
-0.068968,
0.065131,
0.004201,
0.003190,
-0.062929,
0.053554,
0.026305,
0.006708,
0.042503,
0.071203,
0.034210,
0.030924,
0.075716,
0.039097,
0.084601,
-0.072648,
-0.054462,
0.012466,
0.033261,
-0.006866,
0.021625,
0.006586,
-0.081213,
0.085474,
0.045890,
0.036196,
-0.042448,
-0.044410,
-0.042528,
0.034277,
-0.042343,
-0.076290,
0.057800,
-0.011600,
-0.026818,
-0.053631,
-0.015536,
0.020383,
0.059004,
0.020320,
0.006968,
0.055633,
0.009858,
-0.007236,
0.047432,
-0.058868,
0.084911,
0.005251,
-0.086022,
0.046223,
-0.049923,
0.048179,
0.002152,
0.005309,
0.036771,
0.049285,
-0.081492,
-0.028170,
-0.048438,
0.043217,
-0.064511,
0.057429,
-0.048500,
0.046954,
-0.000607,
0.054669,
-0.039931,
0.061067,
0.027215,
0.017278,
-0.062990,
0.040488,
-0.005062,
0.022731,
0.062114,
0.019689,
0.018903,
-0.057585,
0.015567,
0.027529,
0.049014,
-0.037816,
0.026000,
-0.000847,
-0.037513,
-0.054359,
-0.071881,
0.060840,
0.081258,
-0.008711,
0.064772,
0.074242,
-0.079183,
-0.051021,
0.078327,
-0.013475,
0.039337,
-0.078942,
0.066997,
0.026051,
-0.037222,
0.079861,
-0.073211,
-0.072722,
-0.031165,
0.020563,
-0.028468,
0.068818,
0.032442,
-0.067606,
0.060000,
-0.073588,
-0.000785,
-0.003040,
-0.023855,
0.063396,
0.021500,
0.006907,
0.076861,
-0.019484,
-0.003945,
0.008371,
-0.055775,
-0.007866,
0.010024,
0.039853,
0.063833,
0.048193,
-0.068713,
-0.007096,
-0.060767,
0.051141,
-0.033040,
-0.030213,
-0.065143,
0.069130,
0.055319,
0.086075,
0.031966,
0.068674,
-0.006655,
-0.010125,
0.030275,
-0.007022,
0.028997,
-0.032295,
-0.020865,
0.058253,
0.076470,
0.015898,
-0.021775,
0.034441,
0.024336,
0.062395,
0.003126,
-0.050028,
0.031676,
-0.020625,
-0.036584,
0.017155,
0.049110,
-0.021545,
-0.061067,
0.056484,
-0.087691,
0.039997,
-0.003874,
-0.074205,
-0.044050,
-0.049363,
0.062531,
-0.022750,
0.006481,
-0.032727,
0.041630,
-0.033782,
0.051353,
0.078761,
0.000492,
0.087697,
-0.063417,
0.063986,
0.058938,
0.077233,
-0.044568,
0.009070,
0.078933,
0.048134,
-0.075049,
0.089292,
0.086518,
0.063022,
-0.087645,
0.021787,
0.000903,
-0.010307,
0.078683,
0.069848,
-0.023623,
0.060634,
0.019879,
0.078777,
0.069015,
0.029135,
-0.007423,
-0.053785,
-0.045553,
-0.074854,
-0.069384,
0.026619,
0.027778,
-0.018245,
0.046222,
-0.022979,
0.037569,
-0.006448,
-0.034520,
-0.059102,
-0.074004,
0.001631,
0.023178,
-0.061727,
-0.023806,
-0.056503,
-0.053101,
-0.083445,
-0.077929,
0.031747,
0.077883,
0.016023,
-0.020881,
0.074389,
0.047196,
0.014277,
-0.055137,
0.075445,
0.081465,
0.009829,
-0.060597,
-0.069215,
0.028001,
0.066313,
0.064136,
-0.012149,
0.039630,
0.007842,
-0.016435,
-0.031737,
0.083623,
-0.084961,
0.036278,
-0.038666,
0.036133,
0.062246,
0.032033,
0.062080,
0.072564,
-0.055126,
0.073527,
0.049131,
0.069601,
0.019484,
0.035423,
-0.028149,
-0.061589,
0.084570,
-0.043500,
-0.026377,
0.072197,
-0.020380,
-0.048702,
0.037380,
0.042346,
-0.036154,
-0.083239,
0.018512,
-0.083310,
-0.034550,
0.064262,
-0.051784,
-0.028085,
-0.047755,
-0.064560,
0.049209,
0.049715,
-0.076120,
0.012162,
-0.002643,
-0.085750,
-0.089579,
-0.004746,
0.023256,
0.036260,
0.084563,
0.059726,
0.043359,
0.077535,
0.048890,
0.067390,
0.007562,
-0.073740,
0.077974,
0.041744,
0.027232,
0.033476,
0.028921,
-0.064294,
-0.079728,
0.028678,
0.051005,
-0.071350,
0.045674,
-0.068950,
0.070930,
0.034686,
0.076617,
-0.038311,
-0.045331,
-0.078990,
0.017246,
-0.011628,
0.058865,
-0.071596,
-0.035403,
0.044351,
-0.066611,
0.015734,
0.007805,
0.040914,
-0.037452,
0.050731,
-0.000184,
0.083088,
0.004598,
0.024383,
-0.036026,
0.001023,
-0.019887,
-0.029411,
0.068763,
-0.014521,
-0.034206,
-0.033843,
0.022550,
-0.052881,
-0.017993,
-0.027865,
0.030175,
-0.020701,
0.009778,
-0.027154,
-0.081257,
-0.007920,
0.076801,
0.006200,
0.082869,
-0.010098,
-0.040555,
-0.036709,
0.006418,
0.016494,
-0.041161,
0.011360,
-0.044086,
-0.060943,
-0.066605,
0.032386,
0.076804,
-0.023501,
0.041408,
0.017433,
-0.052298,
-0.089985,
0.013101,
-0.071208,
0.072323,
0.042295,
-0.070653,
-0.004545,
0.053828,
-0.033971,
0.014010,
0.003118,
0.054676,
0.011829,
-0.052923,
-0.078128,
-0.080731,
0.040360,
-0.010464,
0.071437,
-0.061724,
0.022852,
0.021490,
0.015750,
-0.038907,
0.063322,
0.027057,
-0.020717,
-0.083789,
-0.083595,
0.007154,
0.015304,
0.073780,
-0.011074,
-0.004441,
-0.055234,
-0.082493,
0.066467,
-0.063286,
0.027559,
0.048013,
-0.079739,
0.073410,
0.003923,
-0.030223,
0.052374,
0.052260,
-0.064574,
0.017656,
0.011904,
-0.038716,
-0.027348,
-0.026382,
-0.062225,
0.048007,
0.005595,
0.078673,
-0.025731,
0.056085,
0.039543,
0.057334,
-0.040710,
0.056200,
-0.059505,
0.047383,
0.008424,
0.077152,
-0.051601,
0.085503,
0.017977,
-0.005182,
-0.019605,
-0.000914,
0.067583,
0.009163,
0.087297,
-0.076439,
-0.012784,
-0.018339,
0.033629,
-0.042008,
-0.076527,
0.024786,
-0.055111,
0.015655,
0.057250,
-0.014294,
0.002953,
-0.060783,
-0.002404,
-0.071024,
0.072129,
0.039436,
-0.077535,
-0.073460,
0.057735,
-0.065249,
-0.024056,
0.026398,
-0.103563,
0.028317,
0.008095,
0.028322,
0.014818,
-0.083449,
-0.062147,
-0.015468,
0.004088,
0.073114,
0.057333,
-0.037172,
-0.032535,
0.052714,
0.054184,
0.053578,
-0.062578,
0.024240,
0.056126,
0.026152,
-0.069013,
0.078613,
-0.000417,
0.032703,
0.036851,
-0.007220,
-0.056122,
0.006646,
0.053412,
0.012992,
-0.015899,
-0.047066,
0.047443,
-0.082146,
-0.048808,
-0.000112,
-0.044565,
-0.003765,
0.038836,
-0.066132,
-0.062233,
0.032385,
-0.021715,
-0.068480,
0.001660,
-0.063235,
0.091382,
-0.061938,
-0.004185,
-0.005041,
-0.044788,
-0.082162,
0.034152,
-0.045827,
0.072494,
-0.041188,
-0.017029,
-0.087750,
-0.006953,
0.049322,
-0.063702,
-0.016169,
-0.089905,
0.017907,
-0.036207,
-0.067905,
0.065017,
-0.029659,
0.058392,
-0.070270,
-0.025210,
0.085070,
0.041512,
0.026054,
-0.100793,
0.055780,
-0.041566,
0.081221,
0.085871,
-0.010014,
0.035104,
-0.050880,
0.013174,
-0.081621,
-0.032814,
0.025949,
0.083332,
0.038502,
-0.015613,
-0.074499,
-0.005411,
0.050918,
0.034163,
0.002787,
0.001577,
-0.026053,
0.006469,
0.051222,
0.095806,
0.066955,
-0.014304,
0.010534,
-0.008632,
0.008855,
0.006266,
-0.014456,
-0.082330,
-0.032887,
-0.011782,
-0.029884,
0.009913,
-0.072202,
0.029390,
0.013863,
0.053101,
-0.071526,
0.031779,
0.016740,
-0.032575,
-0.075803,
-0.040590,
0.031400,
-0.003509,
-0.013273,
0.010346,
-0.020908,
-0.045577,
0.043058,
-0.096912,
0.005248,
-0.024906,
0.060873,
0.071887,
-0.078158,
0.075275,
0.031548,
0.006520,
0.077920,
-0.003027,
0.004439,
0.055774,
-0.000048,
-0.025558,
0.082450,
-0.034077,
-0.044096,
-0.022757,
0.024710,
0.054187,
0.026336,
0.065648,
-0.078776,
-0.033015,
-0.046325,
0.008673,
0.029577,
-0.000471,
0.066950,
-0.000446,
0.058713,
0.038246,
-0.048835,
0.039808,
0.003519,
0.067861,
0.042617,
0.024315,
0.003906,
-0.042631,
0.008098,
-0.008549,
0.038415,
0.021604,
0.032871,
-0.019583,
-0.063899,
0.014420,
-0.001397,
-0.049398,
0.026773,
-0.067755,
-0.059339,
0.095342,
0.051135,
0.033919,
-0.000704,
-0.018891,
0.026901,
-0.090070,
-0.055876,
-0.020397,
0.001025,
0.052504,
-0.046972,
-0.013358,
0.049255,
-0.038950,
0.038053,
-0.001947,
0.089980,
0.071319,
0.081023,
0.027363,
-0.032430,
-0.031729,
-0.058563,
-0.031126,
0.038933,
-0.013532,
-0.060337,
0.017484,
0.027186,
-0.071670,
0.079604,
-0.005252,
-0.091543,
0.007695,
-0.027164,
0.068183,
0.039009,
0.065082,
-0.046156,
0.076177,
-0.005825,
0.044921,
-0.007974,
0.078756,
-0.037459,
-0.056897,
-0.039390,
-0.035902,
0.023852,
-0.054273,
-0.001103,
0.003081,
0.034183,
-0.062507,
-0.046253,
0.030517,
-0.007232,
-0.053235,
0.061431,
-0.064379,
0.083026,
0.059886,
0.021552,
-0.003461,
0.052775,
-0.019833,
-0.078100,
0.040242,
-0.035639,
-0.022162,
-0.015188,
-0.001046,
0.029877,
-0.088097,
-0.053307,
-0.001124,
-0.088443,
-0.054907,
0.067296,
-0.045720,
-0.007764,
0.043783,
-0.070564,
0.033755,
-0.080176,
0.056799,
0.015098,
-0.049673,
0.045163,
-0.060864,
-0.042862,
-0.045688,
-0.043866,
0.014958,
-0.010315,
0.115853,
-0.006446,
-0.056488,
0.086064,
-0.054123,
0.050119,
0.001342,
0.012386,
-0.054110,
0.079374,
-0.089292,
0.027270,
-0.071195,
0.008478,
-0.012416,
-0.032122,
0.024090,
-0.036361,
-0.019708,
-0.086843,
0.014304,
0.062977,
0.075031,
0.004208,
-0.008980,
-0.033078,
0.076097,
0.037496,
0.088365,
-0.069213,
-0.058777,
0.016830,
0.001232,
-0.022329,
-0.067354,
-0.076200,
-0.035780,
-0.053335,
0.050669,
0.075860,
0.060222,
0.058171,
-0.083200,
0.032900,
-0.008383,
-0.055076,
-0.045420,
0.042150,
0.012449,
0.051302,
0.053191,
-0.056234,
-0.021311,
0.011030,
0.005782,
0.064110,
-0.066590,
0.086489,
-0.088519,
0.003651,
0.077512,
-0.021034,
-0.004215,
0.014867,
-0.006319,
-0.111595,
0.065051,
0.052641,
-0.015100,
0.035509,
-0.048819,
0.033626,
-0.000137,
-0.022898,
-0.050516,
0.010899,
-0.069475,
0.074456,
-0.089596,
0.038383,
0.043395,
-0.088553,
0.061786,
0.075485,
0.020983,
-0.057316,
0.063628,
0.007941,
-0.022709,
0.030277,
0.035966,
0.021061,
0.033929,
-0.036613,
0.083029,
0.041794,
0.003691,
-0.088610,
-0.002180,
0.041309,
-0.044238,
-0.086568,
-0.084667,
0.006375,
0.040532,
-0.061865,
0.047579,
-0.053195,
-0.014718,
0.042139,
0.005607,
0.064183,
0.048185,
0.043348,
0.094163,
0.028285,
-0.073974,
-0.011286,
0.009532,
-0.065015,
0.040802,
0.029724,
-0.112463,
-0.047692,
-0.091156,
0.047825,
-0.031383,
-0.048748,
0.029223,
-0.101708,
-0.051398,
0.000573,
0.006560,
-0.007138,
-0.018837,
-0.091687,
0.040299,
-0.047580,
-0.020352,
0.061200,
0.052921,
0.076968,
-0.092168,
0.046698,
-0.033923,
-0.112460,
0.045332,
-0.077837,
-0.047428,
0.044792,
-0.042939,
0.048704,
0.064765,
0.016317,
-0.034088,
-0.044695,
0.007946,
0.018216,
-0.020818,
-0.042221,
-0.039245,
-0.006834,
-0.044218,
0.048426,
-0.013158,
-0.054131,
-0.095668,
-0.060693,
-0.052350,
0.039453,
-0.103851,
-0.052633,
0.023143,
0.046066,
0.068880,
-0.071012,
0.053277,
-0.060826,
-0.064460,
-0.043111,
0.022951,
0.017850,
0.009449,
0.053361,
-0.084786,
-0.037862,
-0.046542,
-0.055476,
-0.030002,
0.035867,
-0.076577,
0.062899,
-0.036587,
0.017230,
0.069358,
0.041278,
0.034430,
0.066330,
-0.063475,
0.048282,
0.066065,
-0.007866,
0.004088,
-0.041328,
-0.034522,
0.059584,
0.027668,
-0.070548,
0.042938,
0.019988,
0.012842,
0.010978,
0.036424,
0.057169,
-0.077437,
-0.102252,
0.064602,
-0.075295,
-0.066059,
-0.048764,
0.007777,
0.048808,
0.039645,
-0.011360,
0.017759,
-0.016849,
-0.055596,
0.062238,
0.067164,
-0.005851,
0.042599,
0.080326,
-0.048892,
0.044497,
-0.070583,
-0.037872,
0.024577,
0.051340,
-0.003585,
0.009242,
-0.044826,
0.047712,
-0.032636,
-0.083251,
-0.032224,
-0.077737,
0.011067,
0.016587,
0.051771,
-0.044169,
-0.041057,
-0.007192,
0.014440,
0.072671,
-0.057219,
0.016552,
-0.029163,
-0.030697,
-0.014627,
-0.091284,
-0.070950,
0.047662,
0.010805,
-0.092179,
-0.094519,
-0.058901,
0.054238,
-0.045286,
-0.104193,
-0.006969,
0.034477,
-0.024801,
-0.038254,
-0.018915,
-0.046590,
-0.027557,
-0.048980,
0.026756,
0.031096,
-0.097857,
0.020821,
-0.056442,
0.033370,
0.072761,
-0.018199,
0.033096,
-0.074264,
0.014321,
0.039783,
-0.043910,
-0.002104,
0.072659,
0.063260,
-0.097913,
-0.042314,
-0.030141,
-0.048262,
-0.030438,
-0.040494,
-0.002098,
0.083449,
-0.080889,
0.073161,
-0.014581,
0.066226,
0.030785,
-0.056435,
-0.049763,
-0.007297,
0.093756,
0.020995,
0.009322,
0.053350,
-0.043919,
-0.040231,
-0.083479,
-0.060636,
-0.039027,
0.049846,
-0.090276,
0.082139,
-0.068215,
0.050119,
-0.056252,
-0.040110,
-0.040082,
0.035995,
-0.064777,
-0.066904,
-0.035357,
-0.056577,
0.061565,
0.010175,
0.035666,
0.053474,
-0.053955,
0.015370,
-0.031956,
0.050205,
0.058553,
0.040962,
0.054009,
0.017943,
-0.117072,
0.079106,
-0.016300,
0.059245,
0.032097,
0.107679,
-0.067578,
0.032996,
-0.084855,
-0.004291,
-0.000507,
-0.040700,
0.078706,
-0.072450,
0.039577,
-0.020940,
-0.024505,
0.008085,
0.070839,
0.044877,
-0.026137,
-0.065148,
-0.006172,
0.051444,
0.018638,
-0.032563,
-0.027602,
0.051584,
-0.037925,
0.023674,
0.001701,
-0.013936,
0.071956,
-0.084019,
0.032266,
0.039960,
0.090169,
0.065834,
0.084614,
0.012119,
0.023243,
0.113867,
0.000169,
0.008358,
-0.059194,
-0.002816,
-0.022243,
0.053438,
0.047263,
-0.040277,
-0.076636,
-0.056862,
0.003299,
0.052541,
0.039267,
0.063805,
0.032499,
-0.047965,
0.018634,
0.020559,
0.021525,
0.031508,
-0.021418,
0.048982,
0.025782,
-0.017493,
-0.069101,
-0.016435,
-0.083785,
0.027176,
0.055394,
-0.038264,
0.007690,
0.108442,
-0.051396,
-0.036534,
0.063782,
0.085062,
-0.050538,
-0.068645,
0.067180,
0.049689,
0.070353,
-0.112481,
0.016327,
0.042852,
0.050898,
-0.009170,
0.091668,
-0.047083,
-0.007053,
-0.013700,
0.069349,
-0.002527,
0.070988,
-0.023916,
0.006595,
0.065547,
0.017222,
-0.091563,
0.002345,
0.029840,
0.048874,
0.069363,
-0.097683,
-0.000142,
-0.020766,
0.041374,
-0.081673,
-0.046286,
0.059777,
0.053929,
-0.030829,
0.004120,
0.078774,
0.070910,
0.033289,
-0.026055,
0.041180,
0.035385,
-0.105022,
-0.061424,
-0.073922,
0.059175,
0.001567,
-0.036542,
0.045391,
0.050041,
-0.030595,
-0.003011,
0.062496,
-0.025222,
-0.015872,
0.005047,
-0.066641,
-0.052727,
0.005966,
-0.036568,
-0.009579,
-0.061724,
-0.065766,
-0.086909,
-0.029804,
-0.027189,
0.036390,
0.015159,
-0.058818,
-0.054924,
0.062014,
0.045288,
-0.038775,
0.058719,
0.098671,
-0.048161,
0.005511,
0.062198,
-0.073596,
0.022101,
0.066861,
0.023630,
-0.028655,
0.058130,
-0.068015,
-0.033951,
0.025801,
0.049958,
0.045179,
0.061799,
-0.089996,
0.092691,
0.026150,
0.021914,
0.054124,
0.043987,
-0.070017,
0.052307,
-0.065607,
0.052245,
0.054603,
0.022988,
0.053777,
0.056241,
0.064783,
-0.089448,
-0.054184,
0.069577,
0.034591,
0.041609,
0.033675,
-0.011148,
0.005562,
0.018026,
0.001499,
-0.005148,
0.005079,
0.068426,
-0.038223,
-0.033003,
-0.030307,
0.001611,
0.009074,
0.060741,
0.073157,
0.009437,
-0.068489,
-0.055248,
-0.035434,
0.027391,
-0.071777,
-0.024945,
0.008913,
-0.021631,
0.029592,
0.077036,
-0.077263,
0.058103,
-0.016962,
-0.046294,
-0.029205,
-0.033145,
-0.029555,
0.057914,
-0.039185,
0.060703,
0.096739,
-0.088459,
-0.055565,
-0.013166,
-0.023178,
-0.031363,
0.009247,
0.025379,
-0.092981,
0.057833,
-0.002107,
-0.016119,
-0.077200,
0.055908,
0.042296,
0.035471,
-0.023696,
0.019718,
0.033150,
-0.076601,
0.073152,
-0.010335,
-0.078637,
0.069426,
0.010317,
0.065656,
0.081469,
0.066257,
0.055935,
0.021903,
0.062895,
-0.059587,
0.061181,
0.021490,
-0.000441,
-0.030439,
-0.071261,
0.095429,
-0.030325,
-0.080362,
0.075413,
-0.017085,
0.018004,
-0.047092,
0.046840,
-0.043684,
0.048710,
0.014149,
-0.000277,
-0.011224,
-0.019216,
-0.045732,
-0.042522,
-0.068393,
0.070822,
-0.019918,
0.022801,
0.020866,
0.086142,
0.050794,
-0.035029,
-0.048193,
0.005784,
0.071481,
0.088970,
-0.036152,
0.061634,
0.048010,
-0.071492,
0.020735,
-0.027886,
0.039733,
0.002746,
0.098356,
0.067879,
0.021443,
0.081701,
-0.064305,
-0.055647,
0.022500,
0.053316,
0.038836,
0.019668,
-0.030007,
0.020273,
0.000986,
-0.031335,
-0.031815,
0.007556,
-0.017800,
-0.017198,
0.018936,
0.045225,
0.057851,
-0.062044,
0.078885,
0.045239,
0.055290,
-0.070713,
0.062283,
-0.057105,
0.088177,
-0.072988,
-0.087493,
0.043131,
-0.054012,
0.065489,
-0.045937,
0.072020,
0.016215,
-0.108242,
-0.066235,
-0.008103,
-0.039661,
0.018570,
-0.081580,
-0.059926,
-0.082321,
0.076891,
0.074185,
-0.019609,
0.065852,
-0.079748,
0.046965,
0.087052,
0.034482,
-0.075322,
-0.022275,
-0.079014,
0.038976,
-0.072665,
0.041639,
-0.086366,
0.028757,
-0.073144,
0.081675,
0.033801,
-0.042561,
-0.068733,
0.053629,
-0.080763,
0.083386,
-0.019171,
0.002831,
-0.026386,
-0.068095,
-0.019337,
0.047281,
-0.009399,
-0.024937,
-0.002228,
-0.075796,
-0.063153,
-0.021263,
0.066617,
0.090164,
0.071436,
0.100789,
0.067144,
0.038818,
-0.062207,
0.026784,
0.042757,
-0.054088,
0.060255,
-0.025060,
0.071993,
0.084225,
-0.025177,
-0.068092,
0.022669,
-0.039618,
-0.005278,
-0.014159,
-0.021699,
-0.051389,
0.056055,
0.004298,
-0.029083,
-0.010658,
0.074381,
-0.074496,
-0.020849,
-0.016369,
0.087167,
0.019423,
-0.077006,
-0.068739,
-0.012905,
-0.047686,
-0.068618,
-0.022925,
0.023313,
-0.028437,
0.024215,
0.047011,
0.069190,
0.044525,
0.045383,
-0.011554,
0.067894,
-0.049091,
0.013382,
-0.084780,
0.081795,
0.075245,
-0.080933,
-0.071125,
-0.002642,
0.079083,
-0.037168,
0.026638,
0.084024,
-0.048932,
0.081622,
-0.066834,
0.033497,
-0.026549,
0.060029,
-0.033874,
0.049070,
-0.013466,
0.027416,
0.014082,
0.022145,
0.048048,
0.013110,
-0.048703,
-0.053406,
0.031992,
0.021950,
-0.018787,
-0.004736,
0.065137,
0.000588,
-0.065464,
-0.084239,
-0.075354,
0.077053,
-0.023766,
0.044667,
-0.052512,
0.019453,
0.032430,
-0.043507,
-0.081117,
-0.032839,
-0.070972,
0.027609,
-0.033058,
-0.011493,
-0.039488,
0.001491,
-0.082648,
-0.082890,
-0.020711,
0.087532,
-0.032273,
0.008107,
-0.078627,
0.046817,
-0.086858,
0.058856,
-0.075678,
-0.075989,
0.005540,
-0.045958,
-0.022695,
0.015127,
-0.025280,
-0.063951,
-0.024454,
0.078511,
-0.047988,
-0.075871,
-0.058111,
-0.026012,
-0.071020,
-0.045638,
0.048893,
0.026694,
0.049245,
-0.002382,
-0.072956,
-0.033771,
0.018860,
-0.001017,
-0.058128,
0.053639,
0.016961,
0.003016,
-0.015802,
-0.034265,
-0.050041,
0.046189,
-0.048265,
-0.077263,
0.042356,
0.061939,
-0.023821,
0.083037,
-0.038419,
-0.040431,
0.016444,
0.007054,
-0.017093,
0.073156,
0.060833,
-0.057963,
0.022687,
0.072437,
0.045289,
0.051322,
0.018955,
0.062659,
0.037983,
0.051283,
0.003496,
-0.054676,
0.057381,
-0.073323,
-0.019730,
-0.028545,
0.026133,
0.045766,
0.048488,
0.022362,
-0.056101,
-0.068749,
0.063217,
-0.067257,
0.045868,
0.044262,
-0.018639,
0.005490,
0.080650,
0.027136,
-0.021711,
-0.026802,
-0.075629,
-0.014881,
0.004738,
0.036750,
-0.057352,
0.067111,
-0.035722,
0.074053,
0.068289,
0.067737,
0.012726,
0.074188,
-0.063073,
-0.054621,
-0.032786,
-0.009932,
0.062465,
0.076112,
0.013913,
0.067244,
0.063390,
-0.033855,
-0.078689,
-0.045456,
-0.051860,
0.071328,
-0.010510,
-0.084347,
-0.031462,
0.007935,
-0.021050,
-0.072535,
0.042467,
-0.072870,
-0.076155,
0.032888,
0.069758,
-0.006844,
0.081188,
0.006737,
0.082490,
-0.069419,
0.058002,
-0.054670,
0.080889,
0.027047,
0.059757,
-0.072409,
-0.073962,
-0.031600,
-0.084472,
0.032265,
0.011830,
0.015756,
0.051695,
0.071132,
-0.083936,
0.031597,
-0.052537,
0.062788,
-0.075811,
0.033255,
0.026209,
-0.002046,
0.041059,
-0.080909,
-0.078121,
-0.020013,
-0.078156,
0.074504,
0.053974,
0.076616,
0.021458,
0.003142,
-0.047775,
0.070604,
0.048329,
-0.044576,
0.038736,
-0.026038,
0.054473,
-0.055827,
0.054678,
-0.037161,
0.028609,
-0.060905,
-0.011636,
-0.076519,
-0.053118,
0.023532,
0.005832,
-0.084572,
-0.077415,
-0.062621,
-0.026493,
-0.016346,
0.019704,
-0.004909,
-0.003083,
-0.062080,
0.009207,
0.015844,
-0.048588,
-0.039999,
0.022982,
0.042015,
0.016149,
-0.071374,
0.084397,
0.063695,
-0.063370,
-0.026066,
0.026140,
0.082176,
-0.070314,
0.085669,
0.053298,
0.020465,
-0.078151,
-0.081298,
0.005451,
-0.038250,
-0.060506,
0.033337,
-0.045906,
-0.074357,
-0.070498,
0.068874,
-0.074122,
0.005562,
0.014351,
-0.077042,
0.003180,
0.073740,
-0.039201,
-0.080121,
-0.026486,
0.007263,
-0.072229,
-0.029826,
0.071781,
0.063901,
0.019307,
0.052956,
-0.040018,
-0.045925,
0.039874,
-0.014470,
-0.071136,
0.000592,
-0.024343,
0.037631,
0.055026,
-0.009844,
-0.043307,
-0.045845,
0.055197,
0.001234,
0.046787,
-0.055110,
-0.049281,
-0.055105,
0.065165,
0.039425,
0.058218,
0.039065,
-0.001528,
-0.086843,
-0.068596,
-0.084692,
0.056499,
-0.048460,
-0.008478,
-0.031583,
-0.027578,
-0.054006,
-0.072991,
0.069906,
-0.041007,
-0.070641,
-0.004931,
-0.006272,
-0.000060,
-0.023271,
0.000218,
0.010563,
-0.046136,
0.044667,
0.035845,
-0.012981,
0.031481,
0.046227,
0.080136,
-0.079908,
-0.025368,
0.077738,
-0.026889,
-0.086316,
-0.085327,
0.012385,
0.086316,
-0.017987,
0.029337,
-0.082656,
-0.015953,
0.013366,
0.021801,
0.004131,
0.045647,
-0.021466,
-0.047877,
-0.039153,
0.037542,
0.001037,
0.074299,
-0.032488,
-0.025394,
-0.039612,
-0.038492,
-0.054456,
0.055186,
0.068953,
-0.038480,
0.006841,
-0.067024,
-0.067149,
-0.064688,
-0.068170,
-0.077068,
-0.023415,
-0.028192,
0.016734,
0.074509,
0.021584,
-0.052793,
0.022313,
0.064489,
-0.061303,
-0.027042,
0.008744,
0.074874,
-0.017261,
0.056941,
-0.057373,
-0.045836,
0.019761,
0.001591,
-0.041327,
0.020874,
-0.008173,
-0.037608,
-0.065514,
0.080451,
-0.081262,
0.042891,
-0.033555,
-0.077966,
-0.045208,
-0.053476,
0.035148,
-0.029934,
-0.034202,
-0.030633,
0.056375,
0.064702,
0.085451,
0.027859,
-0.001322,
-0.077227,
-0.030723,
-0.083395,
-0.009662,
-0.079619,
-0.060071,
-0.061178,
0.081487,
0.068403,
0.073992,
0.076492,
0.064513,
-0.030894,
0.045134,
0.011119,
0.020304,
-0.002145,
0.032930,
-0.015877,
-0.029206,
-0.077673,
0.047566,
-0.073235,
-0.002220,
0.030948,
-0.059467,
0.045613,
0.048351,
0.042670,
0.023729,
0.042872,
0.010810,
-0.009679,
-0.011321,
0.020748,
0.037692,
0.086630,
-0.055301,
0.056396,
-0.010484,
-0.078133,
-0.050989,
0.064558,
-0.063099,
-0.005480,
-0.013733,
-0.041321,
0.070534,
0.010531,
-0.051476,
-0.016455,
-0.041999,
-0.056166,
-0.070836,
-0.008022,
-0.052925,
0.016854,
-0.018852,
0.069763,
0.057345,
0.040181,
-0.079722,
0.031904,
0.069024,
-0.018973,
-0.067278,
-0.008849,
0.056945,
0.078433,
-0.011386,
0.015972,
0.085949,
0.065310,
0.065409,
-0.011638,
0.060029,
-0.066208,
-0.078346,
-0.002405,
-0.061187,
-0.033048,
0.080369,
0.018545,
-0.082032,
-0.059475,
-0.044992,
-0.036724,
0.076779,
0.038691,
-0.028904,
-0.029811,
0.067389,
-0.034391,
0.066970,
-0.052760,
-0.027333,
0.084516,
-0.074906,
-0.049289,
-0.026258,
0.016244,
-0.074262,
-0.068531,
0.036511,
-0.079087,
-0.066038,
0.016624,
0.020218,
-0.044381,
-0.074963,
-0.008778,
-0.056565,
0.016851,
0.078883,
-0.028515,
-0.036302,
-0.036951,
-0.034494,
-0.065076,
0.055005,
0.055904,
0.021713,
-0.082326,
-0.031160,
-0.026132,
0.062951,
0.060829,
-0.013252,
-0.042455,
0.027263,
0.040689,
-0.038166,
0.064716,
0.010434,
0.026299,
0.028374,
-0.064631,
0.055476,
0.058565,
-0.045671,
-0.006970,
-0.029833,
0.022286,
0.039251,
0.083886,
0.048668,
0.048244,
-0.077289,
0.056584,
-0.033529,
-0.008655,
0.016381,
-0.067164,
-0.016407,
-0.000876,
-0.034707,
-0.006463,
-0.083732,
0.004111,
0.033332,
0.027802,
0.089219,
-0.051337,
-0.015435,
0.009401,
-0.023079,
0.046235,
0.076391,
0.047389,
0.067205,
0.002241,
-0.070369,
-0.065696,
-0.016755,
0.054329,
0.044462,
-0.071374,
-0.082473,
0.069228,
0.016566,
-0.086059,
0.026845,
-0.064148,
0.070182,
0.035531,
-0.001097,
-0.085508,
-0.031280,
0.041469,
-0.084917,
0.044486,
-0.026467,
-0.068814,
0.050844,
-0.038576,
-0.046194,
-0.008165,
-0.021898,
0.033733,
-0.015436,
-0.058991,
-0.056954,
-0.040562,
0.050968,
-0.077569,
0.009162,
0.042599,
0.058558,
-0.061022,
0.032896,
0.003016,
0.079244,
-0.010409,
0.049872,
-0.035109,
0.062739,
-0.086490,
-0.000918,
-0.021788,
0.078340,
-0.013630,
0.061746,
0.060576,
-0.024411,
-0.090181,
0.026807,
-0.028195,
0.059342,
-0.075296,
-0.018461,
0.074525,
0.084352,
0.030562,
0.074339,
-0.011032,
0.046184,
0.052811,
0.002497,
-0.042870,
-0.041023,
0.082250,
0.079725,
-0.060828,
0.073339,
0.045151,
-0.005762,
0.054907,
-0.014379,
-0.063080,
-0.077548,
0.019050,
0.048863,
-0.028347,
-0.067507,
0.040264,
-0.059227,
0.017454,
-0.027669,
-0.002149,
-0.009739,
-0.076422,
0.024601,
-0.025979,
-0.035132,
0.044513,
-0.034943,
0.035314,
-0.050597,
0.030261,
0.074912,
0.009613,
-0.041948,
-0.002998,
0.046760,
0.001284,
0.063749,
0.007548,
0.023944,
0.007195,
0.084390,
-0.015139,
0.020035,
-0.083129,
-0.009326,
-0.061636,
-0.056071,
-0.018082,
0.076401,
-0.077525,
-0.000708,
0.003198,
-0.031357,
-0.033131,
0.087297,
-0.050681,
0.009537,
-0.000761,
-0.012538,
0.064790,
0.063922,
0.069826,
-0.010633,
0.051058,
-0.070984,
-0.069064,
-0.006694,
-0.058425,
0.034325,
0.042986,
-0.016734,
-0.010422,
0.061020,
-0.026468,
0.079808,
-0.016729,
0.048244,
0.096837,
0.034248,
-0.060428,
-0.029108,
0.082919,
0.010219,
-0.042780,
0.032846,
0.076608,
-0.079907,
-0.092303,
0.064306,
-0.013111,
-0.031962,
0.084594,
-0.043257,
-0.028839,
-0.031340,
-0.004399,
-0.019307,
0.040965,
0.045263,
0.063141,
0.087552,
-0.068914,
0.057650,
0.042199,
-0.062242,
0.069061,
0.075345,
-0.060221,
-0.031457,
0.014199,
0.059680,
0.052203,
0.063884,
-0.013982,
-0.068771,
0.023864,
0.001931,
-0.007559,
-0.052531,
0.025999,
0.038534,
0.067906,
-0.060935,
0.053581,
0.017048,
-0.082486,
-0.029262,
0.022929,
0.040693,
-0.009135,
0.067453,
0.053301,
0.055066,
-0.020090,
-0.060926,
0.019098,
-0.078259,
0.004224,
-0.087342,
0.034194,
0.100478,
-0.068960,
-0.007651,
-0.052483,
0.020515,
0.017875,
-0.042766,
0.084702,
0.002437,
0.010519,
0.083944,
0.054442,
0.039170,
-0.023018,
0.016260,
-0.012046,
0.011789,
0.051110,
0.076737,
0.059333,
-0.024899,
0.019649,
0.071670,
-0.029047,
0.068215,
0.070652,
-0.059717,
0.047667,
-0.033339,
-0.059006,
-0.008490,
-0.026189,
-0.084322,
-0.058000,
0.075950,
0.048647,
-0.028149,
0.044755,
-0.037803,
-0.059423,
0.031994,
-0.017752,
-0.009953,
0.096355,
0.076311,
-0.040197,
0.096446,
0.030657,
-0.084697,
0.006703,
-0.067754,
0.095800,
0.013589,
0.006389,
-0.041749,
0.058091,
0.003869,
0.057390,
-0.015340,
0.011678,
-0.074974,
0.004362,
-0.011586,
0.004228,
0.013361,
-0.016532,
-0.037568,
0.058923,
0.082811,
0.072017,
0.001462,
0.009097,
0.071634,
-0.056531,
-0.026629,
0.012169,
-0.046217,
0.041622,
0.039849,
-0.008001,
0.074778,
-0.039551,
0.052134,
0.049097,
0.026779,
-0.029842,
-0.064018,
-0.012451,
-0.025240,
0.057189,
0.001643,
0.030471,
0.006940,
0.039951,
-0.080791,
-0.031608,
-0.086852,
0.024091,
-0.049047,
0.058616,
-0.047981,
-0.009087,
-0.064037,
-0.084554,
0.094858,
-0.092135,
0.082695,
0.088635,
0.051252,
0.045698,
-0.061922,
-0.025111,
0.011039,
-0.068019,
-0.076464,
0.100851,
0.072689,
-0.028221,
-0.073200,
-0.000595,
-0.039831,
-0.004078,
0.042777,
0.017967,
0.070064,
0.074957,
-0.090691,
0.051002,
0.000125,
0.063649,
0.003889,
0.045377,
-0.059374,
-0.021296,
0.015428,
0.026988,
-0.039561,
0.058718,
-0.021291,
-0.082273,
0.077287,
-0.047770,
0.082247,
0.033739,
-0.058065,
-0.053832,
-0.088382,
-0.006782,
-0.065211,
-0.097698,
0.061696,
-0.062771,
-0.044551,
0.041009,
-0.041922,
0.032689,
0.061227,
-0.009235,
-0.003189,
-0.080253,
-0.033358,
0.017608,
0.000089,
0.031311,
0.013064,
-0.078220,
-0.062127,
-0.067977,
-0.013532,
-0.064351,
0.084227,
0.073190,
-0.000948,
-0.053114,
0.008528,
0.043567,
0.023113,
0.051097,
0.056043,
-0.042817,
0.034122,
-0.017029,
0.022624,
-0.009387,
-0.003178,
-0.080678,
-0.054502,
0.082538,
0.029991,
0.039688,
0.062098,
0.040315,
0.081241,
0.024471,
0.000098,
0.035449,
-0.033542,
-0.030900,
-0.071077,
-0.040444,
0.065876,
-0.086089,
0.018252,
0.046073,
-0.047026,
-0.063688,
-0.035745,
0.047183,
-0.059647,
-0.033301,
-0.055006,
-0.099289,
0.010858,
0.071278,
0.070517,
0.021644,
-0.024925,
0.040844,
-0.010282,
0.000550,
0.026922,
-0.069455,
-0.002543,
0.029814,
-0.041378,
-0.015911,
-0.027482,
0.058160,
-0.014169,
0.039968,
-0.037614,
0.046960,
-0.013473,
-0.059841,
0.073370,
-0.059009,
-0.035051,
0.059502,
0.023118,
-0.026381,
-0.015204,
0.030109,
-0.001502,
0.014768,
0.040495,
-0.047733,
0.054077,
0.006636,
-0.040272,
-0.041188,
0.079982,
0.056047,
0.051017,
-0.051695,
-0.109409,
0.009299,
0.064097,
0.054041,
-0.045300,
-0.019103,
0.026593,
-0.023320,
-0.070292,
0.043135,
0.006719,
0.062406,
-0.023419,
0.022928,
-0.006716,
-0.045325,
0.024148,
0.052972,
0.034481,
-0.050286,
-0.089667,
0.035608,
-0.025849,
0.073508,
-0.040633,
0.043715,
0.069840,
0.053576,
0.085906,
-0.004435,
-0.074988,
0.049040,
-0.000640,
-0.066137,
-0.091456,
-0.011160,
-0.089254,
0.010434,
-0.040269,
-0.044883,
0.021971,
-0.001753,
0.032412,
0.023411,
0.049085,
0.103364,
-0.030734,
-0.031506,
-0.039316,
0.003829,
0.034191,
0.028826,
0.053565,
-0.046565,
-0.016259,
0.074627,
-0.061663,
-0.098689,
0.047147,
-0.050516,
-0.013200,
0.066413,
0.004923,
-0.023249,
-0.009518,
0.012834,
-0.043100,
0.034755,
0.090829,
0.051753,
0.055970,
-0.047678,
0.004382,
0.110010,
0.013761,
-0.080856,
-0.065337,
-0.044247,
0.074730,
-0.034128,
0.089970,
-0.005788,
0.000493,
-0.058660,
-0.037048,
0.067412,
-0.081296,
0.041969,
0.015088,
0.054029,
0.036844,
0.068994,
0.094506,
-0.050901,
0.020588,
-0.062884,
-0.009625,
-0.077448,
-0.021517,
0.063984,
0.019868,
-0.001501,
-0.008983,
0.020064,
-0.012819,
-0.063339,
-0.027319,
-0.005813,
-0.023065,
0.024517,
0.070957,
-0.071992,
0.088763,
0.074059,
0.048309,
0.000726,
-0.080861,
-0.033696,
0.054699,
-0.027220,
0.009100,
0.027764,
-0.024939,
-0.036974,
-0.061285,
0.071279,
0.028171,
0.069292,
-0.026085,
-0.021610,
-0.091473,
0.107374,
-0.028534,
-0.080076,
-0.050383,
-0.046062,
-0.073151,
-0.013468,
-0.044445,
0.081496,
-0.081983,
-0.030309,
0.008148,
0.060852,
0.075489,
-0.048609,
0.017844,
0.034065,
-0.077253,
-0.031513,
0.032964,
0.014418,
0.012788,
0.010914,
-0.011263,
0.065856,
-0.043488,
0.033908,
0.090122,
0.034684,
-0.076970,
0.044981,
0.015811,
0.019302,
0.063378,
0.069667,
0.030117,
0.009848,
0.036217,
-0.044576,
-0.011896,
-0.071724,
0.050385,
0.099625,
-0.094527,
-0.038486,
-0.037592,
0.070992,
0.059977,
-0.035908,
0.039152,
0.015781,
0.071932,
-0.016487,
0.063949,
0.002163,
0.051473,
-0.030575,
0.019673,
0.008515,
-0.076114,
-0.088857,
-0.117955,
0.000082,
-0.038008,
0.012701,
-0.034046,
0.042012,
0.014809,
-0.061340,
-0.021714,
0.092373,
0.062807,
0.027422,
0.004584,
0.046418,
0.026328,
0.072890,
0.005185,
0.032290,
-0.017824,
-0.050809,
-0.067762,
-0.024778,
-0.082860,
-0.085576,
0.052376,
0.038931,
-0.007483,
-0.029044,
0.012734,
-0.034858,
-0.079313,
0.039712,
0.058651,
-0.053662,
-0.070183,
0.063429,
0.062245,
-0.016755,
0.023852,
0.017664,
0.070031,
-0.101491,
-0.075856,
0.017373,
0.001693,
0.014789,
-0.000812,
-0.083455,
-0.066702,
0.077910,
-0.043844,
0.076918,
0.051720,
-0.048552,
-0.035613,
-0.079897,
-0.044593,
-0.043740,
-0.065532,
-0.043031,
0.012507,
-0.001766,
-0.068814,
-0.032015,
-0.001501,
0.107906,
0.014334,
0.079788,
0.004842,
0.012862,
-0.090025,
-0.029623,
0.045701,
0.026682,
-0.069963,
0.032573,
-0.044106,
0.027394,
0.085162,
0.058080,
0.043517,
0.055737,
0.003351,
0.003506,
-0.067108,
-0.014261,
-0.049227,
0.032056,
-0.019792,
0.027243,
0.068951,
0.018657,
-0.006165,
-0.056290,
-0.083634,
0.069531,
0.054476,
0.061360,
0.003141,
0.049219,
0.050313,
0.015009,
0.065667,
0.024214,
-0.025130,
-0.101326,
-0.046561,
-0.095018,
0.008471,
-0.000156,
0.001554,
-0.018755,
-0.090032,
0.022368,
-0.032885,
-0.054943,
0.077753,
-0.032358,
-0.001147,
-0.053284,
0.002784,
-0.075033,
0.018365,
-0.036428,
0.006635,
-0.002951,
0.072988,
-0.056114,
0.013603,
0.084434,
0.060424,
0.031724,
-0.054738,
0.077659,
0.074674,
0.003720,
-0.032504,
0.022315,
0.079128,
0.017270,
-0.034890,
-0.013428,
-0.024842,
0.059785,
0.080324,
-0.046068,
0.079960,
-0.029127,
0.052929,
-0.002267,
-0.015661,
0.062290,
0.072219,
0.073997,
-0.065816,
0.030469,
-0.071821,
0.056635,
-0.041144,
-0.095390,
-0.018579,
0.011318,
-0.020108,
-0.005961,
-0.051839,
-0.059624,
-0.008324,
-0.044575,
-0.004555,
-0.019424,
-0.062739,
-0.001650,
-0.049237,
0.069194,
-0.024072,
-0.010601,
-0.010946,
-0.051408,
-0.054615,
0.078002,
0.027362,
-0.039089,
0.010154,
-0.018192,
-0.081624,
-0.020714,
0.075041,
-0.027670,
-0.036807,
-0.053352,
-0.076655,
0.034933,
0.032215,
-0.033027,
-0.058690,
0.044441,
0.051386,
0.026109,
-0.079670,
0.039822,
-0.070568,
-0.027667,
0.073599,
0.053649,
-0.022482,
-0.024149,
-0.020605,
0.039269,
-0.081667,
0.069770,
-0.058111,
0.052321,
0.050730,
0.081807,
-0.050204,
0.029064,
-0.070474,
0.056142,
-0.075429,
-0.094919,
0.032664,
0.035761,
0.005116,
0.006716,
-0.066961,
-0.078060,
0.063218,
-0.041701,
0.005503,
0.021180,
0.011726,
0.029057,
-0.041366,
-0.070467,
-0.011223,
0.043473,
-0.006505,
0.015316,
-0.056800,
-0.038441,
-0.081196,
-0.016669,
0.042313,
-0.071792,
0.040531,
0.026499,
0.055121,
0.015336,
0.040167,
-0.001240,
-0.085817,
-0.036937,
0.063075,
-0.013012,
0.039779,
-0.088430,
-0.032223,
0.028469,
-0.051331,
0.054740,
0.050354,
-0.056245,
0.064225,
0.030086,
-0.071749,
0.034599,
0.052409,
-0.050748,
0.061411,
0.003581,
0.045763,
-0.023712,
0.070413,
-0.066046,
0.022899,
0.054474,
0.027540,
0.032316,
0.021021,
0.034119,
0.016476,
0.052169,
0.003434,
-0.062425,
0.049203,
-0.044190,
0.077016,
-0.025979,
0.091928,
0.084500,
-0.022484,
0.024765,
0.061833,
0.028347,
-0.038563,
-0.087385,
-0.020422,
-0.019991,
0.065866,
-0.027223,
0.063279,
-0.057276,
-0.066525,
-0.061287,
0.046481,
-0.055419,
-0.069406,
0.034186,
-0.071190,
-0.026495,
-0.080576,
-0.022798,
-0.076956,
0.044386,
0.030492,
-0.053061,
0.055362,
-0.004012,
0.012623,
0.060632,
0.065000,
-0.074986,
-0.015491,
-0.043377,
-0.074150,
0.056985,
-0.037042,
0.029384,
-0.085610,
0.084499,
0.022901,
0.056543,
-0.090953,
0.072560,
-0.024480,
0.074617,
-0.017231,
0.083431,
-0.030300,
-0.066670,
0.038471,
-0.079531,
0.036308,
0.023601,
-0.033233,
0.040341,
-0.066231,
0.029272,
-0.090465,
-0.021892,
-0.021139,
0.050796,
-0.036969,
-0.078937,
-0.074211,
0.047781,
-0.011753,
0.025299,
-0.034677,
0.040528,
-0.062809,
-0.060570,
-0.063613,
-0.002226,
-0.051359,
0.004095,
0.000773,
0.011781,
-0.002379,
0.070017,
0.063325,
0.070818,
0.078916,
0.077078,
0.036178,
0.051901,
-0.022788,
0.058656,
0.048525,
0.006449,
0.053911,
-0.063698,
0.012674,
-0.036667,
0.035171,
0.061007,
-0.034152,
-0.001306,
-0.071719,
0.011146,
-0.015351,
0.003245,
-0.051450,
-0.066519,
0.088819,
-0.080574,
-0.057909,
-0.022604,
-0.014046,
0.008809,
-0.046994,
-0.023192,
-0.034210,
0.046573,
0.022440,
-0.051879,
0.009314,
0.006141,
-0.073904,
-0.077128,
0.057014,
-0.088492,
-0.039120,
0.033068,
-0.000415,
-0.032098,
0.041269,
-0.082473,
-0.038127,
-0.052478,
-0.059925,
0.032942,
0.009950,
-0.076700,
-0.069029,
0.038798,
0.054923,
-0.037538,
0.078894,
0.030454,
-0.053365,
0.053427,
-0.061908,
0.010470,
0.080317,
-0.036359,
0.059295,
-0.036843,
-0.049271,
0.070431,
-0.043734,
0.067623,
0.067780,
0.018398,
-0.034917,
-0.025387,
-0.010302,
-0.051775,
0.034717,
0.064925,
0.076556,
-0.062322,
0.042860,
-0.036230,
-0.078729,
-0.069754,
-0.028266,
0.016110,
-0.068243,
-0.050886,
0.022273,
-0.034464,
0.024969,
0.065881,
0.043472,
0.020101,
-0.004132,
-0.060548,
-0.036509,
-0.012767,
0.008322,
-0.003183,
-0.060866,
0.022689,
0.017352,
-0.030367,
-0.074807,
-0.081708,
-0.035097,
0.081743,
-0.049020,
-0.077126,
0.042298,
0.069017,
0.016190,
-0.075138,
0.059338,
-0.085651,
-0.081121,
0.035719,
-0.084518,
-0.022203,
0.015023,
-0.015669,
0.037176,
-0.059121,
0.068245,
-0.007270,
-0.078922,
-0.058197,
-0.042855,
-0.048301,
0.012699,
-0.085870,
-0.036874,
0.026227,
0.020886,
-0.066931,
-0.036669,
0.046569,
-0.001575,
0.074936,
-0.004761,
0.056176,
0.005592,
0.049615,
-0.022416,
-0.007396,
0.051727,
-0.042882,
0.078990,
0.080589,
0.064191,
0.042096,
-0.044517,
-0.034468,
-0.015610,
0.060210,
-0.063425,
-0.050992,
-0.030067,
-0.081578,
0.068742,
-0.049879,
-0.084570,
-0.067304,
0.054424,
-0.069188,
-0.009214,
0.072008,
-0.029466,
0.035447,
-0.087237,
-0.067875,
-0.032916,
0.049191,
0.071200,
-0.011611,
0.037656,
0.007924,
-0.031915,
-0.073159,
0.041364,
-0.007728,
0.085702,
-0.051015,
0.038937,
-0.055559,
-0.064839,
-0.012042,
0.074851,
-0.073414,
0.034740,
0.061982,
-0.073359,
-0.006839,
-0.026424,
-0.051545,
0.040092,
-0.004564,
-0.004723,
0.032562,
0.083693,
0.007470,
0.049489,
0.028693,
0.072239,
0.066781,
0.066651,
-0.061693,
0.003287,
0.004517,
-0.000098,
-0.080814,
-0.023933,
-0.020442,
-0.044764,
-0.029829,
0.018123,
-0.008792,
0.072482,
-0.084740,
-0.015091,
0.063039,
0.059667,
0.057964,
0.067533,
-0.079959,
-0.059234,
0.029495,
-0.077704,
0.034698,
-0.014751,
-0.028241,
-0.064402,
0.009298,
0.046397,
0.020616,
0.078613,
-0.083294,
-0.049042,
-0.051222,
0.069152,
-0.021759,
0.032423,
0.010372,
-0.050775,
-0.004678,
-0.001479,
0.014988,
-0.052894,
-0.046573,
-0.021660,
0.033879,
0.043704,
-0.048680,
-0.009964,
0.077330,
-0.059404,
-0.004188,
-0.025203,
-0.061708,
0.030759,
-0.035035,
-0.070641,
0.052801,
0.072482,
0.061107,
0.008420,
0.087259,
0.002968,
0.026917,
-0.083556,
0.059067,
-0.032932,
-0.031874,
-0.059028,
0.082310,
-0.079265,
0.069868,
-0.039868,
0.054265,
-0.082301,
-0.035404,
-0.003048,
0.023191,
0.082327,
0.061056,
-0.071915,
-0.000673,
-0.037407,
0.023611,
-0.078179,
0.041439,
-0.046968,
-0.055354,
-0.065807,
-0.062210,
0.023121,
-0.039530,
0.035002,
0.082390,
0.025422,
-0.015465,
0.026400,
0.010533,
0.077528,
0.060510,
-0.083782,
0.011384,
0.043981,
0.026510,
-0.076078,
-0.036362,
0.051981,
-0.011121,
-0.012034,
0.062374,
0.014689,
-0.020462,
0.028821,
-0.057521,
0.035869,
-0.041977,
0.048037,
-0.065240,
0.032342,
0.067533,
-0.000850,
-0.011724,
0.083639,
-0.005602,
0.060820,
-0.040473,
-0.052753,
0.063748,
-0.084933,
0.018639,
0.004176,
-0.033586,
0.068405,
-0.079013,
0.077997,
0.036684,
-0.077906,
-0.061609,
0.074903,
0.068257,
-0.072768,
-0.003946,
0.017042,
-0.051952,
0.007484,
-0.054750,
0.014737,
0.071032,
0.038293,
-0.003674,
0.084455,
0.025585,
0.005302,
-0.082258,
0.026336,
-0.049160,
0.069280,
-0.031999,
0.043875,
0.066488,
-0.009339,
-0.051511,
-0.014700,
0.077758,
0.047902,
-0.016021,
-0.065250,
0.037345,
-0.008227,
-0.024502,
-0.018150,
-0.026280,
0.035169,
-0.041264,
-0.006239,
-0.067791,
0.041572,
-0.063846,
-0.029200,
0.036884,
-0.029006,
0.037136,
0.028968,
0.083525,
0.074729,
0.039025,
-0.073899,
0.049033,
0.077871,
0.046789,
-0.018471,
0.071077,
-0.073846,
0.065740,
0.076539,
0.028857,
-0.042781,
-0.034177,
-0.031655,
0.024962,
0.059588,
-0.033653,
-0.072305,
-0.042181,
0.006052,
0.061190,
-0.011759,
0.059353,
-0.069490,
0.045922,
-0.084537,
0.016999,
0.045562,
-0.019694,
-0.058611,
-0.046504,
-0.046711,
0.062160,
-0.013798,
-0.071291,
0.027631,
-0.049793,
-0.007649,
-0.021173,
-0.016937,
-0.057115,
0.050221,
-0.057468,
-0.076785,
0.057488,
0.081693,
0.024501,
-0.045311,
-0.071774,
0.014877,
0.085375,
0.063942,
0.064857,
0.018769,
0.071341,
-0.050327,
0.013571,
0.069570,
0.049281,
-0.036008,
0.005813,
-0.039326,
-0.073928,
-0.049883,
0.052320,
0.028163,
-0.035729,
-0.058528,
0.027074,
-0.028613,
-0.059591,
-0.047788,
-0.080650,
0.068595,
0.006033,
-0.084980,
0.083709,
-0.007086,
-0.065821,
-0.054296,
-0.059044,
0.029209,
0.050188,
0.064162,
0.052663,
0.072562,
-0.027925,
0.064925,
0.074365,
-0.068446,
-0.009937,
-0.045469,
0.053669,
0.035227,
-0.013153,
0.056067